observation_date,series_id,instrument_id,value,value_unit,source_observation_time_utc,available_at_utc,source,classification,proxy_label
2022-01-03,,ERIS-YIT,98.89980000000001,price_points,2022-01-03T21:00:00Z,2022-01-03T21:01:00Z,ERIS,exact,
2022-01-03,,ERIS-YIW,96.88340000000001,price_points,2022-01-03T21:00:00Z,2022-01-03T21:01:00Z,ERIS,exact,
2022-01-03,,YAHOO-CONTINUOUS-ZF,120.4375,price_points,2022-01-03T21:00:00Z,2022-01-03T21:01:00Z,YAHOO,proxy,continuous futures proxy
2022-01-03,,YAHOO-CONTINUOUS-ZT,108.9765625,price_points,2022-01-03T21:00:00Z,2022-01-03T21:01:00Z,YAHOO,proxy,continuous futures proxy
2022-01-04,,ERIS-YIT,98.94020000000002,price_points,2022-01-04T21:00:00Z,2022-01-04T21:01:00Z,ERIS,exact,
2022-01-04,,ERIS-YIW,96.8666,price_points,2022-01-04T21:00:00Z,2022-01-04T21:01:00Z,ERIS,exact,
2022-01-04,,YAHOO-CONTINUOUS-ZF,120.4296875,price_points,2022-01-04T21:00:00Z,2022-01-04T21:01:00Z,YAHOO,proxy,continuous futures proxy
2022-01-04,,YAHOO-CONTINUOUS-ZT,109.01953125,price_points,2022-01-04T21:00:00Z,2022-01-04T21:01:00Z,YAHOO,proxy,continuous futures proxy
2022-01-05,,ERIS-YIT,98.82060000000001,price_points,2022-01-05T21:00:00Z,2022-01-05T21:01:00Z,ERIS,exact,
2022-01-05,,ERIS-YIW,96.6292,price_points,2022-01-05T21:00:00Z,2022-01-05T21:01:00Z,ERIS,exact,
2022-01-05,,YAHOO-CONTINUOUS-ZF,120.1171875,price_points,2022-01-05T21:00:00Z,2022-01-05T21:01:00Z,YAHOO,proxy,continuous futures proxy
2022-01-05,,YAHOO-CONTINUOUS-ZT,108.88671875,price_points,2022-01-05T21:00:00Z,2022-01-05T21:01:00Z,YAHOO,proxy,continuous futures proxy
2022-01-06,,ERIS-YIT,98.74670000000002,price_points,2022-01-06T21:00:00Z,2022-01-06T21:01:00Z,ERIS,exact,
2022-01-06,,ERIS-YIW,96.4315,price_points,2022-01-06T21:00:00Z,2022-01-06T21:01:00Z,ERIS,exact,
2022-01-06,,YAHOO-CONTINUOUS-ZF,119.8671875,price_points,2022-01-06T21:00:00Z,2022-01-06T21:01:00Z,YAHOO,proxy,continuous futures proxy
2022-01-06,,YAHOO-CONTINUOUS-ZT,108.7734375,price_points,2022-01-06T21:00:00Z,2022-01-06T21:01:00Z,YAHOO,proxy,continuous futures proxy
2022-01-07,,ERIS-YIT,98.76520000000002,price_points,2022-01-07T21:00:00Z,2022-01-07T21:01:00Z,ERIS,exact,
2022-01-07,,ERIS-YIW,96.3228,price_points,2022-01-07T21:00:00Z,2022-01-07T21:01:00Z,ERIS,exact,
2022-01-07,,YAHOO-CONTINUOUS-ZF,119.734375,price_points,2022-01-07T21:00:00Z,2022-01-07T21:01:00Z,YAHOO,proxy,continuous futures proxy
2022-01-07,,YAHOO-CONTINUOUS-ZT,108.8046875,price_points,2022-01-07T21:00:00Z,2022-01-07T21:01:00Z,YAHOO,proxy,continuous futures proxy
2022-01-10,,ERIS-YIT,98.69630000000002,price_points,2022-01-10T21:00:00Z,2022-01-10T21:01:00Z,ERIS,exact,
2022-01-10,,ERIS-YIW,96.1479,price_points,2022-01-10T21:00:00Z,2022-01-10T21:01:00Z,ERIS,exact,
2022-01-10,,YAHOO-CONTINUOUS-ZF,119.5625,price_points,2022-01-10T21:00:00Z,2022-01-10T21:01:00Z,YAHOO,proxy,continuous futures proxy
2022-01-10,,YAHOO-CONTINUOUS-ZT,108.734375,price_points,2022-01-10T21:00:00Z,2022-01-10T21:01:00Z,YAHOO,proxy,continuous futures proxy
2022-01-11,,ERIS-YIT,98.72480000000002,price_points,2022-01-11T21:00:00Z,2022-01-11T21:01:00Z,ERIS,exact,
2022-01-11,,ERIS-YIW,96.3188,price_points,2022-01-11T21:00:00Z,2022-01-11T21:01:00Z,ERIS,exact,
2022-01-11,,YAHOO-CONTINUOUS-ZF,119.703125,price_points,2022-01-11T21:00:00Z,2022-01-11T21:01:00Z,YAHOO,proxy,continuous futures proxy
2022-01-11,,YAHOO-CONTINUOUS-ZT,108.75,price_points,2022-01-11T21:00:00Z,2022-01-11T21:01:00Z,YAHOO,proxy,continuous futures proxy
2022-01-12,,ERIS-YIT,98.71410000000002,price_points,2022-01-12T21:00:00Z,2022-01-12T21:01:00Z,ERIS,exact,
2022-01-12,,ERIS-YIW,96.3989,price_points,2022-01-12T21:00:00Z,2022-01-12T21:01:00Z,ERIS,exact,
2022-01-12,,YAHOO-CONTINUOUS-ZF,119.7734375,price_points,2022-01-12T21:00:00Z,2022-01-12T21:01:00Z,YAHOO,proxy,continuous futures proxy
2022-01-12,,YAHOO-CONTINUOUS-ZT,108.7421875,price_points,2022-01-12T21:00:00Z,2022-01-12T21:01:00Z,YAHOO,proxy,continuous futures proxy
2022-01-13,,ERIS-YIT,98.72300000000001,price_points,2022-01-13T21:00:00Z,2022-01-13T21:01:00Z,ERIS,exact,
2022-01-13,,ERIS-YIW,96.47760000000001,price_points,2022-01-13T21:00:00Z,2022-01-13T21:01:00Z,ERIS,exact,
2022-01-13,,YAHOO-CONTINUOUS-ZF,119.8515625,price_points,2022-01-13T21:00:00Z,2022-01-13T21:01:00Z,YAHOO,proxy,continuous futures proxy
2022-01-13,,YAHOO-CONTINUOUS-ZT,108.76171875,price_points,2022-01-13T21:00:00Z,2022-01-13T21:01:00Z,YAHOO,proxy,continuous futures proxy
2022-01-14,,ERIS-YIT,98.60400000000001,price_points,2022-01-14T21:00:00Z,2022-01-14T21:01:00Z,ERIS,exact,
2022-01-14,,ERIS-YIW,96.1306,price_points,2022-01-14T21:00:00Z,2022-01-14T21:01:00Z,ERIS,exact,
2022-01-14,,YAHOO-CONTINUOUS-ZF,119.515625,price_points,2022-01-14T21:00:00Z,2022-01-14T21:01:00Z,YAHOO,proxy,continuous futures proxy
2022-01-14,,YAHOO-CONTINUOUS-ZT,108.625,price_points,2022-01-14T21:00:00Z,2022-01-14T21:01:00Z,YAHOO,proxy,continuous futures proxy
2022-01-18,,ERIS-YIT,98.47080000000001,price_points,2022-01-18T21:00:00Z,2022-01-18T21:01:00Z,ERIS,exact,
2022-01-18,,ERIS-YIW,95.7403,price_points,2022-01-18T21:00:00Z,2022-01-18T21:01:00Z,ERIS,exact,
2022-01-18,,YAHOO-CONTINUOUS-ZF,119.015625,price_points,2022-01-18T21:00:00Z,2022-01-18T21:01:00Z,YAHOO,proxy,continuous futures proxy
2022-01-18,,YAHOO-CONTINUOUS-ZT,108.484375,price_points,2022-01-18T21:00:00Z,2022-01-18T21:01:00Z,YAHOO,proxy,continuous futures proxy
2022-01-19,,ERIS-YIT,98.51680000000002,price_points,2022-01-19T21:00:00Z,2022-01-19T21:01:00Z,ERIS,exact,
2022-01-19,,ERIS-YIW,95.9059,price_points,2022-01-19T21:00:00Z,2022-01-19T21:01:00Z,ERIS,exact,
2022-01-19,,YAHOO-CONTINUOUS-ZF,119.203125,price_points,2022-01-19T21:00:00Z,2022-01-19T21:01:00Z,YAHOO,proxy,continuous futures proxy
2022-01-19,,YAHOO-CONTINUOUS-ZT,108.52734375,price_points,2022-01-19T21:00:00Z,2022-01-19T21:01:00Z,YAHOO,proxy,continuous futures proxy
2022-01-20,,ERIS-YIT,98.46280000000002,price_points,2022-01-20T21:00:00Z,2022-01-20T21:01:00Z,ERIS,exact,
2022-01-20,,ERIS-YIW,95.86280000000001,price_points,2022-01-20T21:00:00Z,2022-01-20T21:01:00Z,ERIS,exact,
2022-01-20,,YAHOO-CONTINUOUS-ZF,119.1796875,price_points,2022-01-20T21:00:00Z,2022-01-20T21:01:00Z,YAHOO,proxy,continuous futures proxy
2022-01-20,,YAHOO-CONTINUOUS-ZT,108.4765625,price_points,2022-01-20T21:00:00Z,2022-01-20T21:01:00Z,YAHOO,proxy,continuous futures proxy
2022-01-21,,ERIS-YIT,98.57470000000002,price_points,2022-01-21T21:00:00Z,2022-01-21T21:01:00Z,ERIS,exact,
2022-01-21,,ERIS-YIW,96.1551,price_points,2022-01-21T21:00:00Z,2022-01-21T21:01:00Z,ERIS,exact,
2022-01-21,,YAHOO-CONTINUOUS-ZF,119.5625,price_points,2022-01-21T21:00:00Z,2022-01-21T21:01:00Z,YAHOO,proxy,continuous futures proxy
2022-01-21,,YAHOO-CONTINUOUS-ZT,108.60546875,price_points,2022-01-21T21:00:00Z,2022-01-21T21:01:00Z,YAHOO,proxy,continuous futures proxy
2022-01-24,,ERIS-YIT,98.67110000000002,price_points,2022-01-24T21:00:00Z,2022-01-24T21:01:00Z,ERIS,exact,
2022-01-24,,ERIS-YIW,96.375,price_points,2022-01-24T21:00:00Z,2022-01-24T21:01:00Z,ERIS,exact,
2022-01-24,,YAHOO-CONTINUOUS-ZF,119.7421875,price_points,2022-01-24T21:00:00Z,2022-01-24T21:01:00Z,YAHOO,proxy,continuous futures proxy
2022-01-24,,YAHOO-CONTINUOUS-ZT,108.6953125,price_points,2022-01-24T21:00:00Z,2022-01-24T21:01:00Z,YAHOO,proxy,continuous futures proxy
2022-01-25,,ERIS-YIT,98.59240000000001,price_points,2022-01-25T21:00:00Z,2022-01-25T21:01:00Z,ERIS,exact,
2022-01-25,,ERIS-YIW,96.14620000000001,price_points,2022-01-25T21:00:00Z,2022-01-25T21:01:00Z,ERIS,exact,
2022-01-25,,YAHOO-CONTINUOUS-ZF,119.4921875,price_points,2022-01-25T21:00:00Z,2022-01-25T21:01:00Z,YAHOO,proxy,continuous futures proxy
2022-01-25,,YAHOO-CONTINUOUS-ZT,108.61328125,price_points,2022-01-25T21:00:00Z,2022-01-25T21:01:00Z,YAHOO,proxy,continuous futures proxy
2022-01-26,,ERIS-YIT,98.46850000000002,price_points,2022-01-26T21:00:00Z,2022-01-26T21:01:00Z,ERIS,exact,
2022-01-26,,ERIS-YIW,95.8341,price_points,2022-01-26T21:00:00Z,2022-01-26T21:01:00Z,ERIS,exact,
2022-01-26,,YAHOO-CONTINUOUS-ZF,119.1015625,price_points,2022-01-26T21:00:00Z,2022-01-26T21:01:00Z,YAHOO,proxy,continuous futures proxy
2022-01-26,,YAHOO-CONTINUOUS-ZT,108.484375,price_points,2022-01-26T21:00:00Z,2022-01-26T21:01:00Z,YAHOO,proxy,continuous futures proxy
2022-01-27,,ERIS-YIT,98.27940000000002,price_points,2022-01-27T21:00:00Z,2022-01-27T21:01:00Z,ERIS,exact,
2022-01-27,,ERIS-YIW,95.8341,price_points,2022-01-27T21:00:00Z,2022-01-27T21:01:00Z,ERIS,exact,
2022-01-27,,YAHOO-CONTINUOUS-ZF,118.9609375,price_points,2022-01-27T21:00:00Z,2022-01-27T21:01:00Z,YAHOO,proxy,continuous futures proxy
2022-01-27,,YAHOO-CONTINUOUS-ZT,108.27734375,price_points,2022-01-27T21:00:00Z,2022-01-27T21:01:00Z,YAHOO,proxy,continuous futures proxy
2022-01-28,,ERIS-YIT,98.29790000000001,price_points,2022-01-28T21:00:00Z,2022-01-28T21:01:00Z,ERIS,exact,
2022-01-28,,ERIS-YIW,96.00170000000001,price_points,2022-01-28T21:00:00Z,2022-01-28T21:01:00Z,ERIS,exact,
2022-01-28,,YAHOO-CONTINUOUS-ZF,119.1640625,price_points,2022-01-28T21:00:00Z,2022-01-28T21:01:00Z,YAHOO,proxy,continuous futures proxy
2022-01-28,,YAHOO-CONTINUOUS-ZT,108.31640625,price_points,2022-01-28T21:00:00Z,2022-01-28T21:01:00Z,YAHOO,proxy,continuous futures proxy
2022-01-31,,ERIS-YIT,98.30110000000002,price_points,2022-01-31T21:00:00Z,2022-01-31T21:01:00Z,ERIS,exact,
2022-01-31,,ERIS-YIW,96.02180000000001,price_points,2022-01-31T21:00:00Z,2022-01-31T21:01:00Z,ERIS,exact,
2022-01-31,,YAHOO-CONTINUOUS-ZF,119.203125,price_points,2022-01-31T21:00:00Z,2022-01-31T21:01:00Z,YAHOO,proxy,continuous futures proxy
2022-01-31,,YAHOO-CONTINUOUS-ZT,108.328125,price_points,2022-01-31T21:00:00Z,2022-01-31T21:01:00Z,YAHOO,proxy,continuous futures proxy
2022-02-01,,ERIS-YIT,98.31440000000002,price_points,2022-02-01T21:00:00Z,2022-02-01T21:01:00Z,ERIS,exact,
2022-02-01,,ERIS-YIW,96.03770000000002,price_points,2022-02-01T21:00:00Z,2022-02-01T21:01:00Z,ERIS,exact,
2022-02-01,,YAHOO-CONTINUOUS-ZF,119.15625,price_points,2022-02-01T21:00:00Z,2022-02-01T21:01:00Z,YAHOO,proxy,continuous futures proxy
2022-02-01,,YAHOO-CONTINUOUS-ZT,108.328125,price_points,2022-02-01T21:00:00Z,2022-02-01T21:01:00Z,YAHOO,proxy,continuous futures proxy
2022-02-02,,ERIS-YIT,98.32690000000002,price_points,2022-02-02T21:00:00Z,2022-02-02T21:01:00Z,ERIS,exact,
2022-02-02,,ERIS-YIW,96.12650000000001,price_points,2022-02-02T21:00:00Z,2022-02-02T21:01:00Z,ERIS,exact,
2022-02-02,,YAHOO-CONTINUOUS-ZF,119.2890625,price_points,2022-02-02T21:00:00Z,2022-02-02T21:01:00Z,YAHOO,proxy,continuous futures proxy
2022-02-02,,YAHOO-CONTINUOUS-ZT,108.3515625,price_points,2022-02-02T21:00:00Z,2022-02-02T21:01:00Z,YAHOO,proxy,continuous futures proxy
2022-02-03,,ERIS-YIT,98.26440000000002,price_points,2022-02-03T21:00:00Z,2022-02-03T21:01:00Z,ERIS,exact,
2022-02-03,,ERIS-YIW,95.86580000000001,price_points,2022-02-03T21:00:00Z,2022-02-03T21:01:00Z,ERIS,exact,
2022-02-03,,YAHOO-CONTINUOUS-ZF,118.984375,price_points,2022-02-03T21:00:00Z,2022-02-03T21:01:00Z,YAHOO,proxy,continuous futures proxy
2022-02-03,,YAHOO-CONTINUOUS-ZT,108.2890625,price_points,2022-02-03T21:00:00Z,2022-02-03T21:01:00Z,YAHOO,proxy,continuous futures proxy
2022-02-04,,ERIS-YIT,98.03600000000002,price_points,2022-02-04T21:00:00Z,2022-02-04T21:01:00Z,ERIS,exact,
2022-02-04,,ERIS-YIW,95.2836,price_points,2022-02-04T21:00:00Z,2022-02-04T21:01:00Z,ERIS,exact,
2022-02-04,,YAHOO-CONTINUOUS-ZF,118.34375,price_points,2022-02-04T21:00:00Z,2022-02-04T21:01:00Z,YAHOO,proxy,continuous futures proxy
2022-02-04,,YAHOO-CONTINUOUS-ZT,108.03515625,price_points,2022-02-04T21:00:00Z,2022-02-04T21:01:00Z,YAHOO,proxy,continuous futures proxy
2022-02-07,,ERIS-YIT,98.08420000000002,price_points,2022-02-07T21:00:00Z,2022-02-07T21:01:00Z,ERIS,exact,
2022-02-07,,ERIS-YIW,95.37270000000001,price_points,2022-02-07T21:00:00Z,2022-02-07T21:01:00Z,ERIS,exact,
2022-02-07,,YAHOO-CONTINUOUS-ZF,118.453125,price_points,2022-02-07T21:00:00Z,2022-02-07T21:01:00Z,YAHOO,proxy,continuous futures proxy
2022-02-07,,YAHOO-CONTINUOUS-ZT,108.08984375,price_points,2022-02-07T21:00:00Z,2022-02-07T21:01:00Z,YAHOO,proxy,continuous futures proxy
2022-02-08,,ERIS-YIT,98.01890000000002,price_points,2022-02-08T21:00:00Z,2022-02-08T21:01:00Z,ERIS,exact,
2022-02-08,,ERIS-YIW,95.17200000000001,price_points,2022-02-08T21:00:00Z,2022-02-08T21:01:00Z,ERIS,exact,
2022-02-08,,YAHOO-CONTINUOUS-ZF,118.2421875,price_points,2022-02-08T21:00:00Z,2022-02-08T21:01:00Z,YAHOO,proxy,continuous futures proxy
2022-02-08,,YAHOO-CONTINUOUS-ZT,108.01171875,price_points,2022-02-08T21:00:00Z,2022-02-08T21:01:00Z,YAHOO,proxy,continuous futures proxy
2022-02-09,,ERIS-YIT,98.01650000000002,price_points,2022-02-09T21:00:00Z,2022-02-09T21:01:00Z,ERIS,exact,
2022-02-09,,ERIS-YIW,95.21710000000002,price_points,2022-02-09T21:00:00Z,2022-02-09T21:01:00Z,ERIS,exact,
2022-02-09,,YAHOO-CONTINUOUS-ZF,118.2578125,price_points,2022-02-09T21:00:00Z,2022-02-09T21:01:00Z,YAHOO,proxy,continuous futures proxy
2022-02-09,,YAHOO-CONTINUOUS-ZT,108.0078125,price_points,2022-02-09T21:00:00Z,2022-02-09T21:01:00Z,YAHOO,proxy,continuous futures proxy
2022-02-10,,ERIS-YIT,97.61490000000002,price_points,2022-02-10T21:00:00Z,2022-02-10T21:01:00Z,ERIS,exact,
2022-02-10,,ERIS-YIW,94.54460000000002,price_points,2022-02-10T21:00:00Z,2022-02-10T21:01:00Z,ERIS,exact,
2022-02-10,,YAHOO-CONTINUOUS-ZF,117.515625,price_points,2022-02-10T21:00:00Z,2022-02-10T21:01:00Z,YAHOO,proxy,continuous futures proxy
2022-02-10,,YAHOO-CONTINUOUS-ZT,107.58984375,price_points,2022-02-10T21:00:00Z,2022-02-10T21:01:00Z,YAHOO,proxy,continuous futures proxy
2022-02-11,,ERIS-YIT,97.71530000000001,price_points,2022-02-11T21:00:00Z,2022-02-11T21:01:00Z,ERIS,exact,
2022-02-11,,ERIS-YIW,94.99660000000002,price_points,2022-02-11T21:00:00Z,2022-02-11T21:01:00Z,ERIS,exact,
2022-02-11,,YAHOO-CONTINUOUS-ZF,117.875,price_points,2022-02-11T21:00:00Z,2022-02-11T21:01:00Z,YAHOO,proxy,continuous futures proxy
2022-02-11,,YAHOO-CONTINUOUS-ZT,107.6875,price_points,2022-02-11T21:00:00Z,2022-02-11T21:01:00Z,YAHOO,proxy,continuous futures proxy
2022-02-14,,ERIS-YIT,97.58790000000002,price_points,2022-02-14T21:00:00Z,2022-02-14T21:01:00Z,ERIS,exact,
2022-02-14,,ERIS-YIW,94.68800000000002,price_points,2022-02-14T21:00:00Z,2022-02-14T21:01:00Z,ERIS,exact,
2022-02-14,,YAHOO-CONTINUOUS-ZF,117.5546875,price_points,2022-02-14T21:00:00Z,2022-02-14T21:01:00Z,YAHOO,proxy,continuous futures proxy
2022-02-14,,YAHOO-CONTINUOUS-ZT,107.53125,price_points,2022-02-14T21:00:00Z,2022-02-14T21:01:00Z,YAHOO,proxy,continuous futures proxy
2022-02-15,,ERIS-YIT,97.64750000000002,price_points,2022-02-15T21:00:00Z,2022-02-15T21:01:00Z,ERIS,exact,
2022-02-15,,ERIS-YIW,94.64380000000001,price_points,2022-02-15T21:00:00Z,2022-02-15T21:01:00Z,ERIS,exact,
2022-02-15,,YAHOO-CONTINUOUS-ZF,117.4921875,price_points,2022-02-15T21:00:00Z,2022-02-15T21:01:00Z,YAHOO,proxy,continuous futures proxy
2022-02-15,,YAHOO-CONTINUOUS-ZT,107.5703125,price_points,2022-02-15T21:00:00Z,2022-02-15T21:01:00Z,YAHOO,proxy,continuous futures proxy
2022-02-16,,ERIS-YIT,97.72820000000002,price_points,2022-02-16T21:00:00Z,2022-02-16T21:01:00Z,ERIS,exact,
2022-02-16,,ERIS-YIW,94.7472,price_points,2022-02-16T21:00:00Z,2022-02-16T21:01:00Z,ERIS,exact,
2022-02-16,,YAHOO-CONTINUOUS-ZF,117.609375,price_points,2022-02-16T21:00:00Z,2022-02-16T21:01:00Z,YAHOO,proxy,continuous futures proxy
2022-02-16,,YAHOO-CONTINUOUS-ZT,107.65625,price_points,2022-02-16T21:00:00Z,2022-02-16T21:01:00Z,YAHOO,proxy,continuous futures proxy
2022-02-17,,ERIS-YIT,97.81840000000001,price_points,2022-02-17T21:00:00Z,2022-02-17T21:01:00Z,ERIS,exact,
2022-02-17,,ERIS-YIW,95.07710000000002,price_points,2022-02-17T21:00:00Z,2022-02-17T21:01:00Z,ERIS,exact,
2022-02-17,,YAHOO-CONTINUOUS-ZF,117.953125,price_points,2022-02-17T21:00:00Z,2022-02-17T21:01:00Z,YAHOO,proxy,continuous futures proxy
2022-02-17,,YAHOO-CONTINUOUS-ZT,107.7421875,price_points,2022-02-17T21:00:00Z,2022-02-17T21:01:00Z,YAHOO,proxy,continuous futures proxy
2022-02-18,,ERIS-YIT,97.86780000000002,price_points,2022-02-18T21:00:00Z,2022-02-18T21:01:00Z,ERIS,exact,
2022-02-18,,ERIS-YIW,95.22670000000001,price_points,2022-02-18T21:00:00Z,2022-02-18T21:01:00Z,ERIS,exact,
2022-02-18,,YAHOO-CONTINUOUS-ZF,118.09375,price_points,2022-02-18T21:00:00Z,2022-02-18T21:01:00Z,YAHOO,proxy,continuous futures proxy
2022-02-18,,YAHOO-CONTINUOUS-ZT,107.78125,price_points,2022-02-18T21:00:00Z,2022-02-18T21:01:00Z,YAHOO,proxy,continuous futures proxy
2022-02-22,,ERIS-YIT,97.70050000000002,price_points,2022-02-22T21:00:00Z,2022-02-22T21:01:00Z,ERIS,exact,
2022-02-22,,ERIS-YIW,95.01970000000001,price_points,2022-02-22T21:00:00Z,2022-02-22T21:01:00Z,ERIS,exact,
2022-02-22,,YAHOO-CONTINUOUS-ZF,117.8671875,price_points,2022-02-22T21:00:00Z,2022-02-22T21:01:00Z,YAHOO,proxy,continuous futures proxy
2022-02-22,,YAHOO-CONTINUOUS-ZT,107.62109375,price_points,2022-02-22T21:00:00Z,2022-02-22T21:01:00Z,YAHOO,proxy,continuous futures proxy
2022-02-23,,ERIS-YIT,97.66760000000002,price_points,2022-02-23T21:00:00Z,2022-02-23T21:01:00Z,ERIS,exact,
2022-02-23,,ERIS-YIW,94.86290000000001,price_points,2022-02-23T21:00:00Z,2022-02-23T21:01:00Z,ERIS,exact,
2022-02-23,,YAHOO-CONTINUOUS-ZF,117.765625,price_points,2022-02-23T21:00:00Z,2022-02-23T21:01:00Z,YAHOO,proxy,continuous futures proxy
2022-02-23,,YAHOO-CONTINUOUS-ZT,107.59375,price_points,2022-02-23T21:00:00Z,2022-02-23T21:01:00Z,YAHOO,proxy,continuous futures proxy
2022-02-24,,ERIS-YIT,97.78210000000001,price_points,2022-02-24T21:00:00Z,2022-02-24T21:01:00Z,ERIS,exact,
2022-02-24,,ERIS-YIW,95.0062,price_points,2022-02-24T21:00:00Z,2022-02-24T21:01:00Z,ERIS,exact,
2022-02-24,,YAHOO-CONTINUOUS-ZF,117.9609375,price_points,2022-02-24T21:00:00Z,2022-02-24T21:01:00Z,YAHOO,proxy,continuous futures proxy
2022-02-24,,YAHOO-CONTINUOUS-ZT,107.71484375,price_points,2022-02-24T21:00:00Z,2022-02-24T21:01:00Z,YAHOO,proxy,continuous futures proxy
2022-02-25,,ERIS-YIT,97.72900000000001,price_points,2022-02-25T21:00:00Z,2022-02-25T21:01:00Z,ERIS,exact,
2022-02-25,,ERIS-YIW,94.87950000000001,price_points,2022-02-25T21:00:00Z,2022-02-25T21:01:00Z,ERIS,exact,
2022-02-25,,YAHOO-CONTINUOUS-ZF,117.796875,price_points,2022-02-25T21:00:00Z,2022-02-25T21:01:00Z,YAHOO,proxy,continuous futures proxy
2022-02-25,,YAHOO-CONTINUOUS-ZT,107.640625,price_points,2022-02-25T21:00:00Z,2022-02-25T21:01:00Z,YAHOO,proxy,continuous futures proxy
2022-02-28,,ERIS-YIT,98.04450000000001,price_points,2022-02-28T21:00:00Z,2022-02-28T21:01:00Z,ERIS,exact,
2022-02-28,,ERIS-YIW,95.65820000000001,price_points,2022-02-28T21:00:00Z,2022-02-28T21:01:00Z,ERIS,exact,
2022-02-28,,YAHOO-CONTINUOUS-ZF,118.6015625,price_points,2022-02-28T21:00:00Z,2022-02-28T21:01:00Z,YAHOO,proxy,continuous futures proxy
2022-02-28,,YAHOO-CONTINUOUS-ZT,107.98828125,price_points,2022-02-28T21:00:00Z,2022-02-28T21:01:00Z,YAHOO,proxy,continuous futures proxy
2022-03-01,,ERIS-YIT,98.35110000000002,price_points,2022-03-01T21:00:00Z,2022-03-01T21:01:00Z,ERIS,exact,
2022-03-01,,ERIS-YIW,96.59980000000002,price_points,2022-03-01T21:00:00Z,2022-03-01T21:01:00Z,ERIS,exact,
2022-03-01,,YAHOO-CONTINUOUS-ZF,119.4609375,price_points,2022-03-01T21:00:00Z,2022-03-01T21:01:00Z,YAHOO,proxy,continuous futures proxy
2022-03-01,,YAHOO-CONTINUOUS-ZT,108.2109375,price_points,2022-03-01T21:00:00Z,2022-03-01T21:01:00Z,YAHOO,proxy,continuous futures proxy
2022-03-02,,ERIS-YIT,97.92610000000002,price_points,2022-03-02T21:00:00Z,2022-03-02T21:01:00Z,ERIS,exact,
2022-03-02,,ERIS-YIW,95.57030000000002,price_points,2022-03-02T21:00:00Z,2022-03-02T21:01:00Z,ERIS,exact,
2022-03-02,,YAHOO-CONTINUOUS-ZF,118.4609375,price_points,2022-03-02T21:00:00Z,2022-03-02T21:01:00Z,YAHOO,proxy,continuous futures proxy
2022-03-02,,YAHOO-CONTINUOUS-ZT,107.80078125,price_points,2022-03-02T21:00:00Z,2022-03-02T21:01:00Z,YAHOO,proxy,continuous futures proxy
2022-03-03,,ERIS-YIT,97.88900000000002,price_points,2022-03-03T21:00:00Z,2022-03-03T21:01:00Z,ERIS,exact,
2022-03-03,,ERIS-YIW,95.62830000000001,price_points,2022-03-03T21:00:00Z,2022-03-03T21:01:00Z,ERIS,exact,
2022-03-03,,YAHOO-CONTINUOUS-ZF,118.5234375,price_points,2022-03-03T21:00:00Z,2022-03-03T21:01:00Z,YAHOO,proxy,continuous futures proxy
2022-03-03,,YAHOO-CONTINUOUS-ZT,107.77734375,price_points,2022-03-03T21:00:00Z,2022-03-03T21:01:00Z,YAHOO,proxy,continuous futures proxy
2022-03-04,,ERIS-YIT,97.98290000000001,price_points,2022-03-04T21:00:00Z,2022-03-04T21:01:00Z,ERIS,exact,
2022-03-04,,ERIS-YIW,96.1444,price_points,2022-03-04T21:00:00Z,2022-03-04T21:01:00Z,ERIS,exact,
2022-03-04,,YAHOO-CONTINUOUS-ZF,119.0234375,price_points,2022-03-04T21:00:00Z,2022-03-04T21:01:00Z,YAHOO,proxy,continuous futures proxy
2022-03-04,,YAHOO-CONTINUOUS-ZT,107.875,price_points,2022-03-04T21:00:00Z,2022-03-04T21:01:00Z,YAHOO,proxy,continuous futures proxy
2022-03-07,,ERIS-YIT,97.91750000000002,price_points,2022-03-07T21:00:00Z,2022-03-07T21:01:00Z,ERIS,exact,
2022-03-07,,ERIS-YIW,95.93290000000002,price_points,2022-03-07T21:00:00Z,2022-03-07T21:01:00Z,ERIS,exact,
2022-03-07,,YAHOO-CONTINUOUS-ZF,118.7109375,price_points,2022-03-07T21:00:00Z,2022-03-07T21:01:00Z,YAHOO,proxy,continuous futures proxy
2022-03-07,,YAHOO-CONTINUOUS-ZT,107.76171875,price_points,2022-03-07T21:00:00Z,2022-03-07T21:01:00Z,YAHOO,proxy,continuous futures proxy
2022-03-08,,ERIS-YIT,97.78010000000002,price_points,2022-03-08T21:00:00Z,2022-03-08T21:01:00Z,ERIS,exact,
2022-03-08,,ERIS-YIW,95.45400000000001,price_points,2022-03-08T21:00:00Z,2022-03-08T21:01:00Z,ERIS,exact,
2022-03-08,,YAHOO-CONTINUOUS-ZF,118.1640625,price_points,2022-03-08T21:00:00Z,2022-03-08T21:01:00Z,YAHOO,proxy,continuous futures proxy
2022-03-08,,YAHOO-CONTINUOUS-ZT,107.62109375,price_points,2022-03-08T21:00:00Z,2022-03-08T21:01:00Z,YAHOO,proxy,continuous futures proxy
2022-03-09,,ERIS-YIT,97.67570000000002,price_points,2022-03-09T21:00:00Z,2022-03-09T21:01:00Z,ERIS,exact,
2022-03-09,,ERIS-YIW,95.08610000000002,price_points,2022-03-09T21:00:00Z,2022-03-09T21:01:00Z,ERIS,exact,
2022-03-09,,YAHOO-CONTINUOUS-ZF,117.8125,price_points,2022-03-09T21:00:00Z,2022-03-09T21:01:00Z,YAHOO,proxy,continuous futures proxy
2022-03-09,,YAHOO-CONTINUOUS-ZT,107.5390625,price_points,2022-03-09T21:00:00Z,2022-03-09T21:01:00Z,YAHOO,proxy,continuous futures proxy
2022-03-10,,ERIS-YIT,97.62400000000002,price_points,2022-03-10T21:00:00Z,2022-03-10T21:01:00Z,ERIS,exact,
2022-03-10,,ERIS-YIW,94.84800000000001,price_points,2022-03-10T21:00:00Z,2022-03-10T21:01:00Z,ERIS,exact,
2022-03-10,,YAHOO-CONTINUOUS-ZF,117.5234375,price_points,2022-03-10T21:00:00Z,2022-03-10T21:01:00Z,YAHOO,proxy,continuous futures proxy
2022-03-10,,YAHOO-CONTINUOUS-ZT,107.45703125,price_points,2022-03-10T21:00:00Z,2022-03-10T21:01:00Z,YAHOO,proxy,continuous futures proxy
2022-03-11,,ERIS-YIT,97.56980000000001,price_points,2022-03-11T21:00:00Z,2022-03-11T21:01:00Z,ERIS,exact,
2022-03-11,,ERIS-YIW,94.72550000000001,price_points,2022-03-11T21:00:00Z,2022-03-11T21:01:00Z,ERIS,exact,
2022-03-11,,YAHOO-CONTINUOUS-ZF,117.3984375,price_points,2022-03-11T21:00:00Z,2022-03-11T21:01:00Z,YAHOO,proxy,continuous futures proxy
2022-03-11,,YAHOO-CONTINUOUS-ZT,107.41796875,price_points,2022-03-11T21:00:00Z,2022-03-11T21:01:00Z,YAHOO,proxy,continuous futures proxy
2022-03-14,,ERIS-YIT,97.56980000000001,price_points,2022-03-14T21:00:00Z,2022-03-14T21:01:00Z,ERIS,exact,
2022-03-14,,ERIS-YIW,94.09630000000001,price_points,2022-03-14T21:00:00Z,2022-03-14T21:01:00Z,ERIS,exact,
2022-03-14,,YAHOO-CONTINUOUS-ZF,116.8125,price_points,2022-03-14T21:00:00Z,2022-03-14T21:01:00Z,YAHOO,proxy,continuous futures proxy
2022-03-14,,YAHOO-CONTINUOUS-ZT,107.23828125,price_points,2022-03-14T21:00:00Z,2022-03-14T21:01:00Z,YAHOO,proxy,continuous futures proxy
2022-03-15,,ERIS-YIT,97.55860000000001,price_points,2022-03-15T21:00:00Z,2022-03-15T21:01:00Z,ERIS,exact,
2022-03-15,,ERIS-YIW,94.02610000000001,price_points,2022-03-15T21:00:00Z,2022-03-15T21:01:00Z,ERIS,exact,
2022-03-15,,YAHOO-CONTINUOUS-ZF,116.703125,price_points,2022-03-15T21:00:00Z,2022-03-15T21:01:00Z,YAHOO,proxy,continuous futures proxy
2022-03-15,,YAHOO-CONTINUOUS-ZT,107.23828125,price_points,2022-03-15T21:00:00Z,2022-03-15T21:01:00Z,YAHOO,proxy,continuous futures proxy
2022-03-16,,ERIS-YIT,97.28230000000002,price_points,2022-03-16T21:00:00Z,2022-03-16T21:01:00Z,ERIS,exact,
2022-03-16,,ERIS-YIW,93.65310000000001,price_points,2022-03-16T21:00:00Z,2022-03-16T21:01:00Z,ERIS,exact,
2022-03-16,,YAHOO-CONTINUOUS-ZF,116.265625,price_points,2022-03-16T21:00:00Z,2022-03-16T21:01:00Z,YAHOO,proxy,continuous futures proxy
2022-03-16,,YAHOO-CONTINUOUS-ZT,107.05078125,price_points,2022-03-16T21:00:00Z,2022-03-16T21:01:00Z,YAHOO,proxy,continuous futures proxy
2022-03-17,,ERIS-YIT,97.32360000000001,price_points,2022-03-17T21:00:00Z,2022-03-17T21:01:00Z,ERIS,exact,
2022-03-17,,ERIS-YIW,93.7823,price_points,2022-03-17T21:00:00Z,2022-03-17T21:01:00Z,ERIS,exact,
2022-03-17,,YAHOO-CONTINUOUS-ZF,116.4140625,price_points,2022-03-17T21:00:00Z,2022-03-17T21:01:00Z,YAHOO,proxy,continuous futures proxy
2022-03-17,,YAHOO-CONTINUOUS-ZT,107.0859375,price_points,2022-03-17T21:00:00Z,2022-03-17T21:01:00Z,YAHOO,proxy,continuous futures proxy
2022-03-18,,ERIS-YIT,97.27360000000002,price_points,2022-03-18T21:00:00Z,2022-03-18T21:01:00Z,ERIS,exact,
2022-03-18,,ERIS-YIW,93.84170000000002,price_points,2022-03-18T21:00:00Z,2022-03-18T21:01:00Z,ERIS,exact,
2022-03-18,,YAHOO-CONTINUOUS-ZF,116.4921875,price_points,2022-03-18T21:00:00Z,2022-03-18T21:01:00Z,YAHOO,proxy,continuous futures proxy
2022-03-18,,YAHOO-CONTINUOUS-ZT,107.0546875,price_points,2022-03-18T21:00:00Z,2022-03-18T21:01:00Z,YAHOO,proxy,continuous futures proxy
2022-03-21,,ERIS-YIT,96.89480000000002,price_points,2022-03-21T21:00:00Z,2022-03-21T21:01:00Z,ERIS,exact,
2022-03-21,,ERIS-YIW,93.01800000000001,price_points,2022-03-21T21:00:00Z,2022-03-21T21:01:00Z,ERIS,exact,
2022-03-21,,YAHOO-CONTINUOUS-ZF,115.5234375,price_points,2022-03-21T21:00:00Z,2022-03-21T21:01:00Z,YAHOO,proxy,continuous futures proxy
2022-03-21,,YAHOO-CONTINUOUS-ZT,106.71484375,price_points,2022-03-21T21:00:00Z,2022-03-21T21:01:00Z,YAHOO,proxy,continuous futures proxy
2022-03-22,,ERIS-YIT,96.86110000000001,price_points,2022-03-22T21:00:00Z,2022-03-22T21:01:00Z,ERIS,exact,
2022-03-22,,ERIS-YIW,92.88190000000002,price_points,2022-03-22T21:00:00Z,2022-03-22T21:01:00Z,ERIS,exact,
2022-03-22,,YAHOO-CONTINUOUS-ZF,115.359375,price_points,2022-03-22T21:00:00Z,2022-03-22T21:01:00Z,YAHOO,proxy,continuous futures proxy
2022-03-22,,YAHOO-CONTINUOUS-ZT,106.6875,price_points,2022-03-22T21:00:00Z,2022-03-22T21:01:00Z,YAHOO,proxy,continuous futures proxy
2022-03-23,,ERIS-YIT,96.94980000000001,price_points,2022-03-23T21:00:00Z,2022-03-23T21:01:00Z,ERIS,exact,
2022-03-23,,ERIS-YIW,93.12180000000001,price_points,2022-03-23T21:00:00Z,2022-03-23T21:01:00Z,ERIS,exact,
2022-03-23,,YAHOO-CONTINUOUS-ZF,115.5703125,price_points,2022-03-23T21:00:00Z,2022-03-23T21:01:00Z,YAHOO,proxy,continuous futures proxy
2022-03-23,,YAHOO-CONTINUOUS-ZT,106.76171875,price_points,2022-03-23T21:00:00Z,2022-03-23T21:01:00Z,YAHOO,proxy,continuous futures proxy
2022-03-24,,ERIS-YIT,96.89230000000002,price_points,2022-03-24T21:00:00Z,2022-03-24T21:01:00Z,ERIS,exact,
2022-03-24,,ERIS-YIW,92.97030000000001,price_points,2022-03-24T21:00:00Z,2022-03-24T21:01:00Z,ERIS,exact,
2022-03-24,,YAHOO-CONTINUOUS-ZF,115.421875,price_points,2022-03-24T21:00:00Z,2022-03-24T21:01:00Z,YAHOO,proxy,continuous futures proxy
2022-03-24,,YAHOO-CONTINUOUS-ZT,106.71484375,price_points,2022-03-24T21:00:00Z,2022-03-24T21:01:00Z,YAHOO,proxy,continuous futures proxy
2022-03-25,,ERIS-YIT,96.56980000000001,price_points,2022-03-25T21:00:00Z,2022-03-25T21:01:00Z,ERIS,exact,
2022-03-25,,ERIS-YIW,92.08550000000001,price_points,2022-03-25T21:00:00Z,2022-03-25T21:01:00Z,ERIS,exact,
2022-03-25,,YAHOO-CONTINUOUS-ZF,114.4765625,price_points,2022-03-25T21:00:00Z,2022-03-25T21:01:00Z,YAHOO,proxy,continuous futures proxy
2022-03-25,,YAHOO-CONTINUOUS-ZT,106.46875,price_points,2022-03-25T21:00:00Z,2022-03-25T21:01:00Z,YAHOO,proxy,continuous futures proxy
2022-03-28,,ERIS-YIT,96.46610000000001,price_points,2022-03-28T21:00:00Z,2022-03-28T21:01:00Z,ERIS,exact,
2022-03-28,,ERIS-YIW,92.04610000000001,price_points,2022-03-28T21:00:00Z,2022-03-28T21:01:00Z,ERIS,exact,
2022-03-28,,YAHOO-CONTINUOUS-ZF,114.4765625,price_points,2022-03-28T21:00:00Z,2022-03-28T21:01:00Z,YAHOO,proxy,continuous futures proxy
2022-03-28,,YAHOO-CONTINUOUS-ZT,106.40234375,price_points,2022-03-28T21:00:00Z,2022-03-28T21:01:00Z,YAHOO,proxy,continuous futures proxy
2022-03-29,,ERIS-YIT,96.53860000000002,price_points,2022-03-29T21:00:00Z,2022-03-29T21:01:00Z,ERIS,exact,
2022-03-29,,ERIS-YIW,92.36120000000001,price_points,2022-03-29T21:00:00Z,2022-03-29T21:01:00Z,ERIS,exact,
2022-03-29,,YAHOO-CONTINUOUS-ZF,114.84375,price_points,2022-03-29T21:00:00Z,2022-03-29T21:01:00Z,YAHOO,proxy,continuous futures proxy
2022-03-29,,YAHOO-CONTINUOUS-ZT,106.4765625,price_points,2022-03-29T21:00:00Z,2022-03-29T21:01:00Z,YAHOO,proxy,continuous futures proxy
2022-03-30,,ERIS-YIT,96.59860000000002,price_points,2022-03-30T21:00:00Z,2022-03-30T21:01:00Z,ERIS,exact,
2022-03-30,,ERIS-YIW,92.56720000000001,price_points,2022-03-30T21:00:00Z,2022-03-30T21:01:00Z,ERIS,exact,
2022-03-30,,YAHOO-CONTINUOUS-ZF,114.984375,price_points,2022-03-30T21:00:00Z,2022-03-30T21:01:00Z,YAHOO,proxy,continuous futures proxy
2022-03-30,,YAHOO-CONTINUOUS-ZT,106.4921875,price_points,2022-03-30T21:00:00Z,2022-03-30T21:01:00Z,YAHOO,proxy,continuous futures proxy
2022-03-31,,ERIS-YIT,96.68230000000001,price_points,2022-03-31T21:00:00Z,2022-03-31T21:01:00Z,ERIS,exact,
2022-03-31,,ERIS-YIW,92.77820000000001,price_points,2022-03-31T21:00:00Z,2022-03-31T21:01:00Z,ERIS,exact,
2022-03-31,,YAHOO-CONTINUOUS-ZF,115.1328125,price_points,2022-03-31T21:00:00Z,2022-03-31T21:01:00Z,YAHOO,proxy,continuous futures proxy
2022-03-31,,YAHOO-CONTINUOUS-ZT,106.5703125,price_points,2022-03-31T21:00:00Z,2022-03-31T21:01:00Z,YAHOO,proxy,continuous futures proxy
2022-04-01,,ERIS-YIT,96.39230000000002,price_points,2022-04-01T21:00:00Z,2022-04-01T21:01:00Z,ERIS,exact,
2022-04-01,,ERIS-YIW,92.20450000000001,price_points,2022-04-01T21:00:00Z,2022-04-01T21:01:00Z,ERIS,exact,
2022-04-01,,YAHOO-CONTINUOUS-ZF,114.0234375,price_points,2022-04-01T21:00:00Z,2022-04-01T21:01:00Z,YAHOO,proxy,continuous futures proxy
2022-04-01,,YAHOO-CONTINUOUS-ZT,105.68359375,price_points,2022-04-01T21:00:00Z,2022-04-01T21:01:00Z,YAHOO,proxy,continuous futures proxy
2022-04-04,,ERIS-YIT,96.40610000000001,price_points,2022-04-04T21:00:00Z,2022-04-04T21:01:00Z,ERIS,exact,
2022-04-04,,ERIS-YIW,92.23530000000001,price_points,2022-04-04T21:00:00Z,2022-04-04T21:01:00Z,ERIS,exact,
2022-04-04,,YAHOO-CONTINUOUS-ZF,114.015625,price_points,2022-04-04T21:00:00Z,2022-04-04T21:01:00Z,YAHOO,proxy,continuous futures proxy
2022-04-04,,YAHOO-CONTINUOUS-ZT,105.69140625,price_points,2022-04-04T21:00:00Z,2022-04-04T21:01:00Z,YAHOO,proxy,continuous futures proxy
2022-04-05,,ERIS-YIT,96.25230000000002,price_points,2022-04-05T21:00:00Z,2022-04-05T21:01:00Z,ERIS,exact,
2022-04-05,,ERIS-YIW,91.67820000000002,price_points,2022-04-05T21:00:00Z,2022-04-05T21:01:00Z,ERIS,exact,
2022-04-05,,YAHOO-CONTINUOUS-ZF,113.375,price_points,2022-04-05T21:00:00Z,2022-04-05T21:01:00Z,YAHOO,proxy,continuous futures proxy
2022-04-05,,YAHOO-CONTINUOUS-ZT,105.53125,price_points,2022-04-05T21:00:00Z,2022-04-05T21:01:00Z,YAHOO,proxy,continuous futures proxy
2022-04-06,,ERIS-YIT,96.26240000000001,price_points,2022-04-06T21:00:00Z,2022-04-06T21:01:00Z,ERIS,exact,
2022-04-06,,ERIS-YIW,91.65180000000001,price_points,2022-04-06T21:00:00Z,2022-04-06T21:01:00Z,ERIS,exact,
2022-04-06,,YAHOO-CONTINUOUS-ZF,113.375,price_points,2022-04-06T21:00:00Z,2022-04-06T21:01:00Z,YAHOO,proxy,continuous futures proxy
2022-04-06,,YAHOO-CONTINUOUS-ZT,105.55078125,price_points,2022-04-06T21:00:00Z,2022-04-06T21:01:00Z,YAHOO,proxy,continuous futures proxy
2022-04-07,,ERIS-YIT,96.34730000000002,price_points,2022-04-07T21:00:00Z,2022-04-07T21:01:00Z,ERIS,exact,
2022-04-07,,ERIS-YIW,91.73720000000002,price_points,2022-04-07T21:00:00Z,2022-04-07T21:01:00Z,ERIS,exact,
2022-04-07,,YAHOO-CONTINUOUS-ZF,113.5078125,price_points,2022-04-07T21:00:00Z,2022-04-07T21:01:00Z,YAHOO,proxy,continuous futures proxy
2022-04-07,,YAHOO-CONTINUOUS-ZT,105.640625,price_points,2022-04-07T21:00:00Z,2022-04-07T21:01:00Z,YAHOO,proxy,continuous futures proxy
2022-04-08,,ERIS-YIT,96.19110000000002,price_points,2022-04-08T21:00:00Z,2022-04-08T21:01:00Z,ERIS,exact,
2022-04-08,,ERIS-YIW,91.3786,price_points,2022-04-08T21:00:00Z,2022-04-08T21:01:00Z,ERIS,exact,
2022-04-08,,YAHOO-CONTINUOUS-ZF,113.203125,price_points,2022-04-08T21:00:00Z,2022-04-08T21:01:00Z,YAHOO,proxy,continuous futures proxy
2022-04-08,,YAHOO-CONTINUOUS-ZT,105.51953125,price_points,2022-04-08T21:00:00Z,2022-04-08T21:01:00Z,YAHOO,proxy,continuous futures proxy
2022-04-11,,ERIS-YIT,96.24360000000001,price_points,2022-04-11T21:00:00Z,2022-04-11T21:01:00Z,ERIS,exact,
2022-04-11,,ERIS-YIW,91.29520000000001,price_points,2022-04-11T21:00:00Z,2022-04-11T21:01:00Z,ERIS,exact,
2022-04-11,,YAHOO-CONTINUOUS-ZF,113.125,price_points,2022-04-11T21:00:00Z,2022-04-11T21:01:00Z,YAHOO,proxy,continuous futures proxy
2022-04-11,,YAHOO-CONTINUOUS-ZT,105.57421875,price_points,2022-04-11T21:00:00Z,2022-04-11T21:01:00Z,YAHOO,proxy,continuous futures proxy
2022-04-12,,ERIS-YIT,96.52610000000001,price_points,2022-04-12T21:00:00Z,2022-04-12T21:01:00Z,ERIS,exact,
2022-04-12,,ERIS-YIW,91.87160000000002,price_points,2022-04-12T21:00:00Z,2022-04-12T21:01:00Z,ERIS,exact,
2022-04-12,,YAHOO-CONTINUOUS-ZF,113.71875,price_points,2022-04-12T21:00:00Z,2022-04-12T21:01:00Z,YAHOO,proxy,continuous futures proxy
2022-04-12,,YAHOO-CONTINUOUS-ZT,105.8359375,price_points,2022-04-12T21:00:00Z,2022-04-12T21:01:00Z,YAHOO,proxy,continuous futures proxy
2022-04-13,,ERIS-YIT,96.61610000000002,price_points,2022-04-13T21:00:00Z,2022-04-13T21:01:00Z,ERIS,exact,
2022-04-13,,ERIS-YIW,92.05120000000001,price_points,2022-04-13T21:00:00Z,2022-04-13T21:01:00Z,ERIS,exact,
2022-04-13,,YAHOO-CONTINUOUS-ZF,113.875,price_points,2022-04-13T21:00:00Z,2022-04-13T21:01:00Z,YAHOO,proxy,continuous futures proxy
2022-04-13,,YAHOO-CONTINUOUS-ZT,105.94140625,price_points,2022-04-13T21:00:00Z,2022-04-13T21:01:00Z,YAHOO,proxy,continuous futures proxy
2022-04-14,,ERIS-YIT,96.40730000000002,price_points,2022-04-14T21:00:00Z,2022-04-14T21:01:00Z,ERIS,exact,
2022-04-14,,ERIS-YIW,91.5293,price_points,2022-04-14T21:00:00Z,2022-04-14T21:01:00Z,ERIS,exact,
2022-04-14,,YAHOO-CONTINUOUS-ZF,113.3203125,price_points,2022-04-14T21:00:00Z,2022-04-14T21:01:00Z,YAHOO,proxy,continuous futures proxy
2022-04-14,,YAHOO-CONTINUOUS-ZT,105.73828125,price_points,2022-04-14T21:00:00Z,2022-04-14T21:01:00Z,YAHOO,proxy,continuous futures proxy
2022-04-18,,ERIS-YIT,96.37110000000001,price_points,2022-04-18T21:00:00Z,2022-04-18T21:01:00Z,ERIS,exact,
2022-04-18,,ERIS-YIW,91.40820000000001,price_points,2022-04-18T21:00:00Z,2022-04-18T21:01:00Z,ERIS,exact,
2022-04-18,,YAHOO-CONTINUOUS-ZF,113.1875,price_points,2022-04-18T21:00:00Z,2022-04-18T21:01:00Z,YAHOO,proxy,continuous futures proxy
2022-04-18,,YAHOO-CONTINUOUS-ZT,105.72265625,price_points,2022-04-18T21:00:00Z,2022-04-18T21:01:00Z,YAHOO,proxy,continuous futures proxy
2022-04-19,,ERIS-YIT,96.14980000000001,price_points,2022-04-19T21:00:00Z,2022-04-19T21:01:00Z,ERIS,exact,
2022-04-19,,ERIS-YIW,90.95430000000002,price_points,2022-04-19T21:00:00Z,2022-04-19T21:01:00Z,ERIS,exact,
2022-04-19,,YAHOO-CONTINUOUS-ZF,112.7265625,price_points,2022-04-19T21:00:00Z,2022-04-19T21:01:00Z,YAHOO,proxy,continuous futures proxy
2022-04-19,,YAHOO-CONTINUOUS-ZT,105.515625,price_points,2022-04-19T21:00:00Z,2022-04-19T21:01:00Z,YAHOO,proxy,continuous futures proxy
2022-04-20,,ERIS-YIT,96.13730000000001,price_points,2022-04-20T21:00:00Z,2022-04-20T21:01:00Z,ERIS,exact,
2022-04-20,,ERIS-YIW,91.09620000000001,price_points,2022-04-20T21:00:00Z,2022-04-20T21:01:00Z,ERIS,exact,
2022-04-20,,YAHOO-CONTINUOUS-ZF,112.859375,price_points,2022-04-20T21:00:00Z,2022-04-20T21:01:00Z,YAHOO,proxy,continuous futures proxy
2022-04-20,,YAHOO-CONTINUOUS-ZT,105.515625,price_points,2022-04-20T21:00:00Z,2022-04-20T21:01:00Z,YAHOO,proxy,continuous futures proxy
2022-04-21,,ERIS-YIT,95.89860000000002,price_points,2022-04-21T21:00:00Z,2022-04-21T21:01:00Z,ERIS,exact,
2022-04-21,,ERIS-YIW,90.59850000000002,price_points,2022-04-21T21:00:00Z,2022-04-21T21:01:00Z,ERIS,exact,
2022-04-21,,YAHOO-CONTINUOUS-ZF,112.3046875,price_points,2022-04-21T21:00:00Z,2022-04-21T21:01:00Z,YAHOO,proxy,continuous futures proxy
2022-04-21,,YAHOO-CONTINUOUS-ZT,105.30078125,price_points,2022-04-21T21:00:00Z,2022-04-21T21:01:00Z,YAHOO,proxy,continuous futures proxy
2022-04-22,,ERIS-YIT,95.85980000000002,price_points,2022-04-22T21:00:00Z,2022-04-22T21:01:00Z,ERIS,exact,
2022-04-22,,ERIS-YIW,90.74070000000002,price_points,2022-04-22T21:00:00Z,2022-04-22T21:01:00Z,ERIS,exact,
2022-04-22,,YAHOO-CONTINUOUS-ZF,112.4453125,price_points,2022-04-22T21:00:00Z,2022-04-22T21:01:00Z,YAHOO,proxy,continuous futures proxy
2022-04-22,,YAHOO-CONTINUOUS-ZT,105.28515625,price_points,2022-04-22T21:00:00Z,2022-04-22T21:01:00Z,YAHOO,proxy,continuous futures proxy
2022-04-25,,ERIS-YIT,96.04610000000001,price_points,2022-04-25T21:00:00Z,2022-04-25T21:01:00Z,ERIS,exact,
2022-04-25,,ERIS-YIW,91.10200000000002,price_points,2022-04-25T21:00:00Z,2022-04-25T21:01:00Z,ERIS,exact,
2022-04-25,,YAHOO-CONTINUOUS-ZF,112.875,price_points,2022-04-25T21:00:00Z,2022-04-25T21:01:00Z,YAHOO,proxy,continuous futures proxy
2022-04-25,,YAHOO-CONTINUOUS-ZT,105.4609375,price_points,2022-04-25T21:00:00Z,2022-04-25T21:01:00Z,YAHOO,proxy,continuous futures proxy
2022-04-26,,ERIS-YIT,96.20980000000002,price_points,2022-04-26T21:00:00Z,2022-04-26T21:01:00Z,ERIS,exact,
2022-04-26,,ERIS-YIW,91.36040000000001,price_points,2022-04-26T21:00:00Z,2022-04-26T21:01:00Z,ERIS,exact,
2022-04-26,,YAHOO-CONTINUOUS-ZF,113.21875,price_points,2022-04-26T21:00:00Z,2022-04-26T21:01:00Z,YAHOO,proxy,continuous futures proxy
2022-04-26,,YAHOO-CONTINUOUS-ZT,105.625,price_points,2022-04-26T21:00:00Z,2022-04-26T21:01:00Z,YAHOO,proxy,continuous futures proxy
2022-04-27,,ERIS-YIT,96.17360000000001,price_points,2022-04-27T21:00:00Z,2022-04-27T21:01:00Z,ERIS,exact,
2022-04-27,,ERIS-YIW,91.25810000000001,price_points,2022-04-27T21:00:00Z,2022-04-27T21:01:00Z,ERIS,exact,
2022-04-27,,YAHOO-CONTINUOUS-ZF,113.1640625,price_points,2022-04-27T21:00:00Z,2022-04-27T21:01:00Z,YAHOO,proxy,continuous futures proxy
2022-04-27,,YAHOO-CONTINUOUS-ZT,105.625,price_points,2022-04-27T21:00:00Z,2022-04-27T21:01:00Z,YAHOO,proxy,continuous futures proxy
2022-04-28,,ERIS-YIT,96.02610000000001,price_points,2022-04-28T21:00:00Z,2022-04-28T21:01:00Z,ERIS,exact,
2022-04-28,,ERIS-YIW,90.90480000000001,price_points,2022-04-28T21:00:00Z,2022-04-28T21:01:00Z,ERIS,exact,
2022-04-28,,YAHOO-CONTINUOUS-ZF,112.84375,price_points,2022-04-28T21:00:00Z,2022-04-28T21:01:00Z,YAHOO,proxy,continuous futures proxy
2022-04-28,,YAHOO-CONTINUOUS-ZT,105.50390625,price_points,2022-04-28T21:00:00Z,2022-04-28T21:01:00Z,YAHOO,proxy,continuous futures proxy
2022-04-29,,ERIS-YIT,95.91610000000001,price_points,2022-04-29T21:00:00Z,2022-04-29T21:01:00Z,ERIS,exact,
2022-04-29,,ERIS-YIW,90.76410000000001,price_points,2022-04-29T21:00:00Z,2022-04-29T21:01:00Z,ERIS,exact,
2022-04-29,,YAHOO-CONTINUOUS-ZF,112.671875,price_points,2022-04-29T21:00:00Z,2022-04-29T21:01:00Z,YAHOO,proxy,continuous futures proxy
2022-04-29,,YAHOO-CONTINUOUS-ZT,105.40625,price_points,2022-04-29T21:00:00Z,2022-04-29T21:01:00Z,YAHOO,proxy,continuous futures proxy
2022-05-02,,ERIS-YIT,95.85360000000001,price_points,2022-05-02T21:00:00Z,2022-05-02T21:01:00Z,ERIS,exact,
2022-05-02,,ERIS-YIW,90.76410000000001,price_points,2022-05-02T21:00:00Z,2022-05-02T21:01:00Z,ERIS,exact,
2022-05-02,,YAHOO-CONTINUOUS-ZF,112.2578125,price_points,2022-05-02T21:00:00Z,2022-05-02T21:01:00Z,YAHOO,proxy,continuous futures proxy
2022-05-02,,YAHOO-CONTINUOUS-ZT,105.36328125,price_points,2022-05-02T21:00:00Z,2022-05-02T21:01:00Z,YAHOO,proxy,continuous futures proxy
2022-05-03,,ERIS-YIT,95.79730000000002,price_points,2022-05-03T21:00:00Z,2022-05-03T21:01:00Z,ERIS,exact,
2022-05-03,,ERIS-YIW,90.8666,price_points,2022-05-03T21:00:00Z,2022-05-03T21:01:00Z,ERIS,exact,
2022-05-03,,YAHOO-CONTINUOUS-ZF,112.28125,price_points,2022-05-03T21:00:00Z,2022-05-03T21:01:00Z,YAHOO,proxy,continuous futures proxy
2022-05-03,,YAHOO-CONTINUOUS-ZT,105.2890625,price_points,2022-05-03T21:00:00Z,2022-05-03T21:01:00Z,YAHOO,proxy,continuous futures proxy
2022-05-04,,ERIS-YIT,96.07240000000002,price_points,2022-05-04T21:00:00Z,2022-05-04T21:01:00Z,ERIS,exact,
2022-05-04,,ERIS-YIW,91.31060000000001,price_points,2022-05-04T21:00:00Z,2022-05-04T21:01:00Z,ERIS,exact,
2022-05-04,,YAHOO-CONTINUOUS-ZF,112.8671875,price_points,2022-05-04T21:00:00Z,2022-05-04T21:01:00Z,YAHOO,proxy,continuous futures proxy
2022-05-04,,YAHOO-CONTINUOUS-ZT,105.5859375,price_points,2022-05-04T21:00:00Z,2022-05-04T21:01:00Z,YAHOO,proxy,continuous futures proxy
2022-05-05,,ERIS-YIT,95.86610000000002,price_points,2022-05-05T21:00:00Z,2022-05-05T21:01:00Z,ERIS,exact,
2022-05-05,,ERIS-YIW,90.72560000000001,price_points,2022-05-05T21:00:00Z,2022-05-05T21:01:00Z,ERIS,exact,
2022-05-05,,YAHOO-CONTINUOUS-ZF,112.265625,price_points,2022-05-05T21:00:00Z,2022-05-05T21:01:00Z,YAHOO,proxy,continuous futures proxy
2022-05-05,,YAHOO-CONTINUOUS-ZT,105.37109375,price_points,2022-05-05T21:00:00Z,2022-05-05T21:01:00Z,YAHOO,proxy,continuous futures proxy
2022-05-06,,ERIS-YIT,95.93230000000001,price_points,2022-05-06T21:00:00Z,2022-05-06T21:01:00Z,ERIS,exact,
2022-05-06,,ERIS-YIW,90.6504,price_points,2022-05-06T21:00:00Z,2022-05-06T21:01:00Z,ERIS,exact,
2022-05-06,,YAHOO-CONTINUOUS-ZF,112.2265625,price_points,2022-05-06T21:00:00Z,2022-05-06T21:01:00Z,YAHOO,proxy,continuous futures proxy
2022-05-06,,YAHOO-CONTINUOUS-ZT,105.44921875,price_points,2022-05-06T21:00:00Z,2022-05-06T21:01:00Z,YAHOO,proxy,continuous futures proxy
2022-05-09,,ERIS-YIT,96.14480000000002,price_points,2022-05-09T21:00:00Z,2022-05-09T21:01:00Z,ERIS,exact,
2022-05-09,,ERIS-YIW,91.07770000000001,price_points,2022-05-09T21:00:00Z,2022-05-09T21:01:00Z,ERIS,exact,
2022-05-09,,YAHOO-CONTINUOUS-ZF,112.546875,price_points,2022-05-09T21:00:00Z,2022-05-09T21:01:00Z,YAHOO,proxy,continuous futures proxy
2022-05-09,,YAHOO-CONTINUOUS-ZT,105.6171875,price_points,2022-05-09T21:00:00Z,2022-05-09T21:01:00Z,YAHOO,proxy,continuous futures proxy
2022-05-10,,ERIS-YIT,96.17230000000002,price_points,2022-05-10T21:00:00Z,2022-05-10T21:01:00Z,ERIS,exact,
2022-05-10,,ERIS-YIW,91.3829,price_points,2022-05-10T21:00:00Z,2022-05-10T21:01:00Z,ERIS,exact,
2022-05-10,,YAHOO-CONTINUOUS-ZF,112.8046875,price_points,2022-05-10T21:00:00Z,2022-05-10T21:01:00Z,YAHOO,proxy,continuous futures proxy
2022-05-10,,YAHOO-CONTINUOUS-ZT,105.62109375,price_points,2022-05-10T21:00:00Z,2022-05-10T21:01:00Z,YAHOO,proxy,continuous futures proxy
2022-05-11,,ERIS-YIT,96.17360000000001,price_points,2022-05-11T21:00:00Z,2022-05-11T21:01:00Z,ERIS,exact,
2022-05-11,,ERIS-YIW,91.62180000000001,price_points,2022-05-11T21:00:00Z,2022-05-11T21:01:00Z,ERIS,exact,
2022-05-11,,YAHOO-CONTINUOUS-ZF,112.953125,price_points,2022-05-11T21:00:00Z,2022-05-11T21:01:00Z,YAHOO,proxy,continuous futures proxy
2022-05-11,,YAHOO-CONTINUOUS-ZT,105.59375,price_points,2022-05-11T21:00:00Z,2022-05-11T21:01:00Z,YAHOO,proxy,continuous futures proxy
2022-05-12,,ERIS-YIT,96.39980000000001,price_points,2022-05-12T21:00:00Z,2022-05-12T21:01:00Z,ERIS,exact,
2022-05-12,,ERIS-YIW,92.10610000000001,price_points,2022-05-12T21:00:00Z,2022-05-12T21:01:00Z,ERIS,exact,
2022-05-12,,YAHOO-CONTINUOUS-ZF,113.4296875,price_points,2022-05-12T21:00:00Z,2022-05-12T21:01:00Z,YAHOO,proxy,continuous futures proxy
2022-05-12,,YAHOO-CONTINUOUS-ZT,105.8125,price_points,2022-05-12T21:00:00Z,2022-05-12T21:01:00Z,YAHOO,proxy,continuous futures proxy
2022-05-13,,ERIS-YIT,96.25110000000001,price_points,2022-05-13T21:00:00Z,2022-05-13T21:01:00Z,ERIS,exact,
2022-05-13,,ERIS-YIW,91.61420000000001,price_points,2022-05-13T21:00:00Z,2022-05-13T21:01:00Z,ERIS,exact,
2022-05-13,,YAHOO-CONTINUOUS-ZF,112.9609375,price_points,2022-05-13T21:00:00Z,2022-05-13T21:01:00Z,YAHOO,proxy,continuous futures proxy
2022-05-13,,YAHOO-CONTINUOUS-ZT,105.68359375,price_points,2022-05-13T21:00:00Z,2022-05-13T21:01:00Z,YAHOO,proxy,continuous futures proxy
2022-05-16,,ERIS-YIT,96.32860000000001,price_points,2022-05-16T21:00:00Z,2022-05-16T21:01:00Z,ERIS,exact,
2022-05-16,,ERIS-YIW,92.02990000000001,price_points,2022-05-16T21:00:00Z,2022-05-16T21:01:00Z,ERIS,exact,
2022-05-16,,YAHOO-CONTINUOUS-ZF,113.28125,price_points,2022-05-16T21:00:00Z,2022-05-16T21:01:00Z,YAHOO,proxy,continuous futures proxy
2022-05-16,,YAHOO-CONTINUOUS-ZT,105.7421875,price_points,2022-05-16T21:00:00Z,2022-05-16T21:01:00Z,YAHOO,proxy,continuous futures proxy
2022-05-17,,ERIS-YIT,96.05860000000001,price_points,2022-05-17T21:00:00Z,2022-05-17T21:01:00Z,ERIS,exact,
2022-05-17,,ERIS-YIW,91.42360000000001,price_points,2022-05-17T21:00:00Z,2022-05-17T21:01:00Z,ERIS,exact,
2022-05-17,,YAHOO-CONTINUOUS-ZF,112.671875,price_points,2022-05-17T21:00:00Z,2022-05-17T21:01:00Z,YAHOO,proxy,continuous futures proxy
2022-05-17,,YAHOO-CONTINUOUS-ZT,105.51953125,price_points,2022-05-17T21:00:00Z,2022-05-17T21:01:00Z,YAHOO,proxy,continuous futures proxy
2022-05-18,,ERIS-YIT,96.12860000000002,price_points,2022-05-18T21:00:00Z,2022-05-18T21:01:00Z,ERIS,exact,
2022-05-18,,ERIS-YIW,91.74680000000001,price_points,2022-05-18T21:00:00Z,2022-05-18T21:01:00Z,ERIS,exact,
2022-05-18,,YAHOO-CONTINUOUS-ZF,112.9140625,price_points,2022-05-18T21:00:00Z,2022-05-18T21:01:00Z,YAHOO,proxy,continuous futures proxy
2022-05-18,,YAHOO-CONTINUOUS-ZT,105.5859375,price_points,2022-05-18T21:00:00Z,2022-05-18T21:01:00Z,YAHOO,proxy,continuous futures proxy
2022-05-19,,ERIS-YIT,96.23360000000001,price_points,2022-05-19T21:00:00Z,2022-05-19T21:01:00Z,ERIS,exact,
2022-05-19,,ERIS-YIW,91.9407,price_points,2022-05-19T21:00:00Z,2022-05-19T21:01:00Z,ERIS,exact,
2022-05-19,,YAHOO-CONTINUOUS-ZF,113.140625,price_points,2022-05-19T21:00:00Z,2022-05-19T21:01:00Z,YAHOO,proxy,continuous futures proxy
2022-05-19,,YAHOO-CONTINUOUS-ZT,105.69921875,price_points,2022-05-19T21:00:00Z,2022-05-19T21:01:00Z,YAHOO,proxy,continuous futures proxy
2022-05-20,,ERIS-YIT,96.31860000000002,price_points,2022-05-20T21:00:00Z,2022-05-20T21:01:00Z,ERIS,exact,
2022-05-20,,ERIS-YIW,92.22930000000001,price_points,2022-05-20T21:00:00Z,2022-05-20T21:01:00Z,ERIS,exact,
2022-05-20,,YAHOO-CONTINUOUS-ZF,113.328125,price_points,2022-05-20T21:00:00Z,2022-05-20T21:01:00Z,YAHOO,proxy,continuous futures proxy
2022-05-20,,YAHOO-CONTINUOUS-ZT,105.765625,price_points,2022-05-20T21:00:00Z,2022-05-20T21:01:00Z,YAHOO,proxy,continuous futures proxy
2022-05-23,,ERIS-YIT,96.23230000000001,price_points,2022-05-23T21:00:00Z,2022-05-23T21:01:00Z,ERIS,exact,
2022-05-23,,ERIS-YIW,91.91170000000001,price_points,2022-05-23T21:00:00Z,2022-05-23T21:01:00Z,ERIS,exact,
2022-05-23,,YAHOO-CONTINUOUS-ZF,112.984375,price_points,2022-05-23T21:00:00Z,2022-05-23T21:01:00Z,YAHOO,proxy,continuous futures proxy
2022-05-23,,YAHOO-CONTINUOUS-ZT,105.703125,price_points,2022-05-23T21:00:00Z,2022-05-23T21:01:00Z,YAHOO,proxy,continuous futures proxy
2022-05-24,,ERIS-YIT,96.47110000000002,price_points,2022-05-24T21:00:00Z,2022-05-24T21:01:00Z,ERIS,exact,
2022-05-24,,ERIS-YIW,92.4869,price_points,2022-05-24T21:00:00Z,2022-05-24T21:01:00Z,ERIS,exact,
2022-05-24,,YAHOO-CONTINUOUS-ZF,113.578125,price_points,2022-05-24T21:00:00Z,2022-05-24T21:01:00Z,YAHOO,proxy,continuous futures proxy
2022-05-24,,YAHOO-CONTINUOUS-ZT,105.96875,price_points,2022-05-24T21:00:00Z,2022-05-24T21:01:00Z,YAHOO,proxy,continuous futures proxy
2022-05-25,,ERIS-YIT,96.48610000000001,price_points,2022-05-25T21:00:00Z,2022-05-25T21:01:00Z,ERIS,exact,
2022-05-25,,ERIS-YIW,92.56970000000001,price_points,2022-05-25T21:00:00Z,2022-05-25T21:01:00Z,ERIS,exact,
2022-05-25,,YAHOO-CONTINUOUS-ZF,113.8046875,price_points,2022-05-25T21:00:00Z,2022-05-25T21:01:00Z,YAHOO,proxy,continuous futures proxy
2022-05-25,,YAHOO-CONTINUOUS-ZT,106.01953125,price_points,2022-05-25T21:00:00Z,2022-05-25T21:01:00Z,YAHOO,proxy,continuous futures proxy
2022-05-26,,ERIS-YIT,96.47490000000002,price_points,2022-05-26T21:00:00Z,2022-05-26T21:01:00Z,ERIS,exact,
2022-05-26,,ERIS-YIW,92.50260000000002,price_points,2022-05-26T21:00:00Z,2022-05-26T21:01:00Z,ERIS,exact,
2022-05-26,,YAHOO-CONTINUOUS-ZF,113.828125,price_points,2022-05-26T21:00:00Z,2022-05-26T21:01:00Z,YAHOO,proxy,continuous futures proxy
2022-05-26,,YAHOO-CONTINUOUS-ZT,106.05859375,price_points,2022-05-26T21:00:00Z,2022-05-26T21:01:00Z,YAHOO,proxy,continuous futures proxy
2022-05-27,,ERIS-YIT,96.44730000000001,price_points,2022-05-27T21:00:00Z,2022-05-27T21:01:00Z,ERIS,exact,
2022-05-27,,ERIS-YIW,92.47120000000001,price_points,2022-05-27T21:00:00Z,2022-05-27T21:01:00Z,ERIS,exact,
2022-05-27,,YAHOO-CONTINUOUS-ZF,113.7109375,price_points,2022-05-27T21:00:00Z,2022-05-27T21:01:00Z,YAHOO,proxy,continuous futures proxy
2022-05-27,,YAHOO-CONTINUOUS-ZT,106.08203125,price_points,2022-05-27T21:00:00Z,2022-05-27T21:01:00Z,YAHOO,proxy,continuous futures proxy
2022-05-31,,ERIS-YIT,96.34480000000002,price_points,2022-05-31T21:00:00Z,2022-05-31T21:01:00Z,ERIS,exact,
2022-05-31,,ERIS-YIW,92.15180000000001,price_points,2022-05-31T21:00:00Z,2022-05-31T21:01:00Z,ERIS,exact,
2022-05-31,,YAHOO-CONTINUOUS-ZF,113.3984375,price_points,2022-05-31T21:00:00Z,2022-05-31T21:01:00Z,YAHOO,proxy,continuous futures proxy
2022-05-31,,YAHOO-CONTINUOUS-ZT,106.00390625,price_points,2022-05-31T21:00:00Z,2022-05-31T21:01:00Z,YAHOO,proxy,continuous futures proxy
2022-06-01,,ERIS-YIT,96.09730000000002,price_points,2022-06-01T21:00:00Z,2022-06-01T21:01:00Z,ERIS,exact,
2022-06-01,,ERIS-YIW,91.55530000000002,price_points,2022-06-01T21:00:00Z,2022-06-01T21:01:00Z,ERIS,exact,
2022-06-01,,YAHOO-CONTINUOUS-ZF,112.78125,price_points,2022-06-01T21:00:00Z,2022-06-01T21:01:00Z,YAHOO,proxy,continuous futures proxy
2022-06-01,,YAHOO-CONTINUOUS-ZT,105.8046875,price_points,2022-06-01T21:00:00Z,2022-06-01T21:01:00Z,YAHOO,proxy,continuous futures proxy
2022-06-02,,ERIS-YIT,96.12730000000002,price_points,2022-06-02T21:00:00Z,2022-06-02T21:01:00Z,ERIS,exact,
2022-06-02,,ERIS-YIW,91.69440000000002,price_points,2022-06-02T21:00:00Z,2022-06-02T21:01:00Z,ERIS,exact,
2022-06-02,,YAHOO-CONTINUOUS-ZF,112.90625,price_points,2022-06-02T21:00:00Z,2022-06-02T21:01:00Z,YAHOO,proxy,continuous futures proxy
2022-06-02,,YAHOO-CONTINUOUS-ZT,105.84375,price_points,2022-06-02T21:00:00Z,2022-06-02T21:01:00Z,YAHOO,proxy,continuous futures proxy
2022-06-03,,ERIS-YIT,96.05860000000001,price_points,2022-06-03T21:00:00Z,2022-06-03T21:01:00Z,ERIS,exact,
2022-06-03,,ERIS-YIW,91.47510000000001,price_points,2022-06-03T21:00:00Z,2022-06-03T21:01:00Z,ERIS,exact,
2022-06-03,,YAHOO-CONTINUOUS-ZF,112.7421875,price_points,2022-06-03T21:00:00Z,2022-06-03T21:01:00Z,YAHOO,proxy,continuous futures proxy
2022-06-03,,YAHOO-CONTINUOUS-ZT,105.80859375,price_points,2022-06-03T21:00:00Z,2022-06-03T21:01:00Z,YAHOO,proxy,continuous futures proxy
2022-06-06,,ERIS-YIT,95.94610000000002,price_points,2022-06-06T21:00:00Z,2022-06-06T21:01:00Z,ERIS,exact,
2022-06-06,,ERIS-YIW,91.03750000000001,price_points,2022-06-06T21:00:00Z,2022-06-06T21:01:00Z,ERIS,exact,
2022-06-06,,YAHOO-CONTINUOUS-ZF,112.359375,price_points,2022-06-06T21:00:00Z,2022-06-06T21:01:00Z,YAHOO,proxy,continuous futures proxy
2022-06-06,,YAHOO-CONTINUOUS-ZT,105.6875,price_points,2022-06-06T21:00:00Z,2022-06-06T21:01:00Z,YAHOO,proxy,continuous futures proxy
2022-06-07,,ERIS-YIT,95.99360000000001,price_points,2022-06-07T21:00:00Z,2022-06-07T21:01:00Z,ERIS,exact,
2022-06-07,,ERIS-YIW,91.31020000000001,price_points,2022-06-07T21:00:00Z,2022-06-07T21:01:00Z,ERIS,exact,
2022-06-07,,YAHOO-CONTINUOUS-ZF,112.609375,price_points,2022-06-07T21:00:00Z,2022-06-07T21:01:00Z,YAHOO,proxy,continuous futures proxy
2022-06-07,,YAHOO-CONTINUOUS-ZT,105.6796875,price_points,2022-06-07T21:00:00Z,2022-06-07T21:01:00Z,YAHOO,proxy,continuous futures proxy
2022-06-08,,ERIS-YIT,95.93360000000001,price_points,2022-06-08T21:00:00Z,2022-06-08T21:01:00Z,ERIS,exact,
2022-06-08,,ERIS-YIW,91.09500000000001,price_points,2022-06-08T21:00:00Z,2022-06-08T21:01:00Z,ERIS,exact,
2022-06-08,,YAHOO-CONTINUOUS-ZF,112.4140625,price_points,2022-06-08T21:00:00Z,2022-06-08T21:01:00Z,YAHOO,proxy,continuous futures proxy
2022-06-08,,YAHOO-CONTINUOUS-ZT,105.59375,price_points,2022-06-08T21:00:00Z,2022-06-08T21:01:00Z,YAHOO,proxy,continuous futures proxy
2022-06-09,,ERIS-YIT,95.82980000000002,price_points,2022-06-09T21:00:00Z,2022-06-09T21:01:00Z,ERIS,exact,
2022-06-09,,ERIS-YIW,90.95100000000001,price_points,2022-06-09T21:00:00Z,2022-06-09T21:01:00Z,ERIS,exact,
2022-06-09,,YAHOO-CONTINUOUS-ZF,112.265625,price_points,2022-06-09T21:00:00Z,2022-06-09T21:01:00Z,YAHOO,proxy,continuous futures proxy
2022-06-09,,YAHOO-CONTINUOUS-ZT,105.49609375,price_points,2022-06-09T21:00:00Z,2022-06-09T21:01:00Z,YAHOO,proxy,continuous futures proxy
2022-06-10,,ERIS-YIT,95.38110000000002,price_points,2022-06-10T21:00:00Z,2022-06-10T21:01:00Z,ERIS,exact,
2022-06-10,,ERIS-YIW,90.12450000000001,price_points,2022-06-10T21:00:00Z,2022-06-10T21:01:00Z,ERIS,exact,
2022-06-10,,YAHOO-CONTINUOUS-ZF,111.359375,price_points,2022-06-10T21:00:00Z,2022-06-10T21:01:00Z,YAHOO,proxy,continuous futures proxy
2022-06-10,,YAHOO-CONTINUOUS-ZT,105.078125,price_points,2022-06-10T21:00:00Z,2022-06-10T21:01:00Z,YAHOO,proxy,continuous futures proxy
2022-06-13,,ERIS-YIT,94.96930000000002,price_points,2022-06-13T21:00:00Z,2022-06-13T21:01:00Z,ERIS,exact,
2022-06-13,,ERIS-YIW,89.1235,price_points,2022-06-13T21:00:00Z,2022-06-13T21:01:00Z,ERIS,exact,
2022-06-13,,YAHOO-CONTINUOUS-ZF,110.34375,price_points,2022-06-13T21:00:00Z,2022-06-13T21:01:00Z,YAHOO,proxy,continuous futures proxy
2022-06-13,,YAHOO-CONTINUOUS-ZT,104.63671875,price_points,2022-06-13T21:00:00Z,2022-06-13T21:01:00Z,YAHOO,proxy,continuous futures proxy
2022-06-14,,ERIS-YIT,94.74940000000001,price_points,2022-06-14T21:00:00Z,2022-06-14T21:01:00Z,ERIS,exact,
2022-06-14,,ERIS-YIW,88.6235,price_points,2022-06-14T21:00:00Z,2022-06-14T21:01:00Z,ERIS,exact,
2022-06-14,,YAHOO-CONTINUOUS-ZF,109.8203125,price_points,2022-06-14T21:00:00Z,2022-06-14T21:01:00Z,YAHOO,proxy,continuous futures proxy
2022-06-14,,YAHOO-CONTINUOUS-ZT,104.35546875,price_points,2022-06-14T21:00:00Z,2022-06-14T21:01:00Z,YAHOO,proxy,continuous futures proxy
2022-06-15,,ERIS-YIT,95.02160000000002,price_points,2022-06-15T21:00:00Z,2022-06-15T21:01:00Z,ERIS,exact,
2022-06-15,,ERIS-YIW,89.2185,price_points,2022-06-15T21:00:00Z,2022-06-15T21:01:00Z,ERIS,exact,
2022-06-15,,YAHOO-CONTINUOUS-ZF,110.4296875,price_points,2022-06-15T21:00:00Z,2022-06-15T21:01:00Z,YAHOO,proxy,continuous futures proxy
2022-06-15,,YAHOO-CONTINUOUS-ZT,104.671875,price_points,2022-06-15T21:00:00Z,2022-06-15T21:01:00Z,YAHOO,proxy,continuous futures proxy
2022-06-16,,ERIS-YIT,95.10470000000001,price_points,2022-06-16T21:00:00Z,2022-06-16T21:01:00Z,ERIS,exact,
2022-06-16,,ERIS-YIW,89.7485,price_points,2022-06-16T21:00:00Z,2022-06-16T21:01:00Z,ERIS,exact,
2022-06-16,,YAHOO-CONTINUOUS-ZF,110.84375,price_points,2022-06-16T21:00:00Z,2022-06-16T21:01:00Z,YAHOO,proxy,continuous futures proxy
2022-06-16,,YAHOO-CONTINUOUS-ZT,104.78515625,price_points,2022-06-16T21:00:00Z,2022-06-16T21:01:00Z,YAHOO,proxy,continuous futures proxy
2022-06-17,,ERIS-YIT,95.12340000000002,price_points,2022-06-17T21:00:00Z,2022-06-17T21:01:00Z,ERIS,exact,
2022-06-17,,ERIS-YIW,89.8585,price_points,2022-06-17T21:00:00Z,2022-06-17T21:01:00Z,ERIS,exact,
2022-06-17,,YAHOO-CONTINUOUS-ZF,110.9609375,price_points,2022-06-17T21:00:00Z,2022-06-17T21:01:00Z,YAHOO,proxy,continuous futures proxy
2022-06-17,,YAHOO-CONTINUOUS-ZT,104.80078125,price_points,2022-06-17T21:00:00Z,2022-06-17T21:01:00Z,YAHOO,proxy,continuous futures proxy
2022-06-21,,ERIS-YIT,95.12050000000002,price_points,2022-06-21T21:00:00Z,2022-06-21T21:01:00Z,ERIS,exact,
2022-06-21,,ERIS-YIW,89.72850000000001,price_points,2022-06-21T21:00:00Z,2022-06-21T21:01:00Z,ERIS,exact,
2022-06-21,,YAHOO-CONTINUOUS-ZF,110.8671875,price_points,2022-06-21T21:00:00Z,2022-06-21T21:01:00Z,YAHOO,proxy,continuous futures proxy
2022-06-21,,YAHOO-CONTINUOUS-ZT,104.78125,price_points,2022-06-21T21:00:00Z,2022-06-21T21:01:00Z,YAHOO,proxy,continuous futures proxy
2022-06-22,,ERIS-YIT,95.41400000000002,price_points,2022-06-22T21:00:00Z,2022-06-22T21:01:00Z,ERIS,exact,
2022-06-22,,ERIS-YIW,90.45850000000002,price_points,2022-06-22T21:00:00Z,2022-06-22T21:01:00Z,ERIS,exact,
2022-06-22,,YAHOO-CONTINUOUS-ZF,111.578125,price_points,2022-06-22T21:00:00Z,2022-06-22T21:01:00Z,YAHOO,proxy,continuous futures proxy
2022-06-22,,YAHOO-CONTINUOUS-ZT,105.0546875,price_points,2022-06-22T21:00:00Z,2022-06-22T21:01:00Z,YAHOO,proxy,continuous futures proxy
2022-06-23,,ERIS-YIT,95.53660000000002,price_points,2022-06-23T21:00:00Z,2022-06-23T21:01:00Z,ERIS,exact,
2022-06-23,,ERIS-YIW,90.89350000000002,price_points,2022-06-23T21:00:00Z,2022-06-23T21:01:00Z,ERIS,exact,
2022-06-23,,YAHOO-CONTINUOUS-ZF,112.015625,price_points,2022-06-23T21:00:00Z,2022-06-23T21:01:00Z,YAHOO,proxy,continuous futures proxy
2022-06-23,,YAHOO-CONTINUOUS-ZT,105.1328125,price_points,2022-06-23T21:00:00Z,2022-06-23T21:01:00Z,YAHOO,proxy,continuous futures proxy
2022-06-24,,ERIS-YIT,95.52970000000002,price_points,2022-06-24T21:00:00Z,2022-06-24T21:01:00Z,ERIS,exact,
2022-06-24,,ERIS-YIW,90.64850000000001,price_points,2022-06-24T21:00:00Z,2022-06-24T21:01:00Z,ERIS,exact,
2022-06-24,,YAHOO-CONTINUOUS-ZF,111.90625,price_points,2022-06-24T21:00:00Z,2022-06-24T21:01:00Z,YAHOO,proxy,continuous futures proxy
2022-06-24,,YAHOO-CONTINUOUS-ZT,105.0859375,price_points,2022-06-24T21:00:00Z,2022-06-24T21:01:00Z,YAHOO,proxy,continuous futures proxy
2022-06-27,,ERIS-YIT,95.43200000000002,price_points,2022-06-27T21:00:00Z,2022-06-27T21:01:00Z,ERIS,exact,
2022-06-27,,ERIS-YIW,90.33350000000002,price_points,2022-06-27T21:00:00Z,2022-06-27T21:01:00Z,ERIS,exact,
2022-06-27,,YAHOO-CONTINUOUS-ZF,111.5703125,price_points,2022-06-27T21:00:00Z,2022-06-27T21:01:00Z,YAHOO,proxy,continuous futures proxy
2022-06-27,,YAHOO-CONTINUOUS-ZT,104.9921875,price_points,2022-06-27T21:00:00Z,2022-06-27T21:01:00Z,YAHOO,proxy,continuous futures proxy
2022-06-28,,ERIS-YIT,95.42020000000001,price_points,2022-06-28T21:00:00Z,2022-06-28T21:01:00Z,ERIS,exact,
2022-06-28,,ERIS-YIW,90.27850000000001,price_points,2022-06-28T21:00:00Z,2022-06-28T21:01:00Z,ERIS,exact,
2022-06-28,,YAHOO-CONTINUOUS-ZF,111.53125,price_points,2022-06-28T21:00:00Z,2022-06-28T21:01:00Z,YAHOO,proxy,continuous futures proxy
2022-06-28,,YAHOO-CONTINUOUS-ZT,104.9765625,price_points,2022-06-28T21:00:00Z,2022-06-28T21:01:00Z,YAHOO,proxy,continuous futures proxy
2022-06-29,,ERIS-YIT,95.52080000000001,price_points,2022-06-29T21:00:00Z,2022-06-29T21:01:00Z,ERIS,exact,
2022-06-29,,ERIS-YIW,90.76350000000001,price_points,2022-06-29T21:00:00Z,2022-06-29T21:01:00Z,ERIS,exact,
2022-06-29,,YAHOO-CONTINUOUS-ZF,112.0234375,price_points,2022-06-29T21:00:00Z,2022-06-29T21:01:00Z,YAHOO,proxy,continuous futures proxy
2022-06-29,,YAHOO-CONTINUOUS-ZT,105.10546875,price_points,2022-06-29T21:00:00Z,2022-06-29T21:01:00Z,YAHOO,proxy,continuous futures proxy
2022-06-30,,ERIS-YIT,95.81520000000002,price_points,2022-06-30T21:00:00Z,2022-06-30T21:01:00Z,ERIS,exact,
2022-06-30,,ERIS-YIW,91.53850000000001,price_points,2022-06-30T21:00:00Z,2022-06-30T21:01:00Z,ERIS,exact,
2022-06-30,,YAHOO-CONTINUOUS-ZF,112.6484375,price_points,2022-06-30T21:00:00Z,2022-06-30T21:01:00Z,YAHOO,proxy,continuous futures proxy
2022-06-30,,YAHOO-CONTINUOUS-ZT,105.29296875,price_points,2022-06-30T21:00:00Z,2022-06-30T21:01:00Z,YAHOO,proxy,continuous futures proxy
2022-07-01,,ERIS-YIT,95.96970000000002,price_points,2022-07-01T21:00:00Z,2022-07-01T21:01:00Z,ERIS,exact,
2022-07-01,,ERIS-YIW,92.00350000000002,price_points,2022-07-01T21:00:00Z,2022-07-01T21:01:00Z,ERIS,exact,
2022-07-01,,YAHOO-CONTINUOUS-ZF,112.8359375,price_points,2022-07-01T21:00:00Z,2022-07-01T21:01:00Z,YAHOO,proxy,continuous futures proxy
2022-07-01,,YAHOO-CONTINUOUS-ZT,105.1875,price_points,2022-07-01T21:00:00Z,2022-07-01T21:01:00Z,YAHOO,proxy,continuous futures proxy
2022-07-05,,ERIS-YIT,96.09030000000001,price_points,2022-07-05T21:00:00Z,2022-07-05T21:01:00Z,ERIS,exact,
2022-07-05,,ERIS-YIW,92.3735,price_points,2022-07-05T21:00:00Z,2022-07-05T21:01:00Z,ERIS,exact,
2022-07-05,,YAHOO-CONTINUOUS-ZF,113.2109375,price_points,2022-07-05T21:00:00Z,2022-07-05T21:01:00Z,YAHOO,proxy,continuous futures proxy
2022-07-05,,YAHOO-CONTINUOUS-ZT,105.265625,price_points,2022-07-05T21:00:00Z,2022-07-05T21:01:00Z,YAHOO,proxy,continuous futures proxy
2022-07-06,,ERIS-YIT,95.84730000000002,price_points,2022-07-06T21:00:00Z,2022-07-06T21:01:00Z,ERIS,exact,
2022-07-06,,ERIS-YIW,91.7485,price_points,2022-07-06T21:00:00Z,2022-07-06T21:01:00Z,ERIS,exact,
2022-07-06,,YAHOO-CONTINUOUS-ZF,112.5546875,price_points,2022-07-06T21:00:00Z,2022-07-06T21:01:00Z,YAHOO,proxy,continuous futures proxy
2022-07-06,,YAHOO-CONTINUOUS-ZT,105,price_points,2022-07-06T21:00:00Z,2022-07-06T21:01:00Z,YAHOO,proxy,continuous futures proxy
2022-07-07,,ERIS-YIT,95.71440000000001,price_points,2022-07-07T21:00:00Z,2022-07-07T21:01:00Z,ERIS,exact,
2022-07-07,,ERIS-YIW,91.30350000000001,price_points,2022-07-07T21:00:00Z,2022-07-07T21:01:00Z,ERIS,exact,
2022-07-07,,YAHOO-CONTINUOUS-ZF,112.078125,price_points,2022-07-07T21:00:00Z,2022-07-07T21:01:00Z,YAHOO,proxy,continuous futures proxy
2022-07-07,,YAHOO-CONTINUOUS-ZT,104.84375,price_points,2022-07-07T21:00:00Z,2022-07-07T21:01:00Z,YAHOO,proxy,continuous futures proxy
2022-07-08,,ERIS-YIT,95.53590000000001,price_points,2022-07-08T21:00:00Z,2022-07-08T21:01:00Z,ERIS,exact,
2022-07-08,,ERIS-YIW,90.89850000000001,price_points,2022-07-08T21:00:00Z,2022-07-08T21:01:00Z,ERIS,exact,
2022-07-08,,YAHOO-CONTINUOUS-ZF,111.6640625,price_points,2022-07-08T21:00:00Z,2022-07-08T21:01:00Z,YAHOO,proxy,continuous futures proxy
2022-07-08,,YAHOO-CONTINUOUS-ZT,104.671875,price_points,2022-07-08T21:00:00Z,2022-07-08T21:01:00Z,YAHOO,proxy,continuous futures proxy
2022-07-11,,ERIS-YIT,95.67600000000002,price_points,2022-07-11T21:00:00Z,2022-07-11T21:01:00Z,ERIS,exact,
2022-07-11,,ERIS-YIW,91.39850000000001,price_points,2022-07-11T21:00:00Z,2022-07-11T21:01:00Z,ERIS,exact,
2022-07-11,,YAHOO-CONTINUOUS-ZF,112.0703125,price_points,2022-07-11T21:00:00Z,2022-07-11T21:01:00Z,YAHOO,proxy,continuous futures proxy
2022-07-11,,YAHOO-CONTINUOUS-ZT,104.80078125,price_points,2022-07-11T21:00:00Z,2022-07-11T21:01:00Z,YAHOO,proxy,continuous futures proxy
2022-07-12,,ERIS-YIT,95.75480000000002,price_points,2022-07-12T21:00:00Z,2022-07-12T21:01:00Z,ERIS,exact,
2022-07-12,,ERIS-YIW,91.59850000000002,price_points,2022-07-12T21:00:00Z,2022-07-12T21:01:00Z,ERIS,exact,
2022-07-12,,YAHOO-CONTINUOUS-ZF,112.2265625,price_points,2022-07-12T21:00:00Z,2022-07-12T21:01:00Z,YAHOO,proxy,continuous futures proxy
2022-07-12,,YAHOO-CONTINUOUS-ZT,104.86328125,price_points,2022-07-12T21:00:00Z,2022-07-12T21:01:00Z,YAHOO,proxy,continuous futures proxy
2022-07-13,,ERIS-YIT,95.55480000000001,price_points,2022-07-13T21:00:00Z,2022-07-13T21:01:00Z,ERIS,exact,
2022-07-13,,ERIS-YIW,91.65850000000002,price_points,2022-07-13T21:00:00Z,2022-07-13T21:01:00Z,ERIS,exact,
2022-07-13,,YAHOO-CONTINUOUS-ZF,112.1875,price_points,2022-07-13T21:00:00Z,2022-07-13T21:01:00Z,YAHOO,proxy,continuous futures proxy
2022-07-13,,YAHOO-CONTINUOUS-ZT,104.703125,price_points,2022-07-13T21:00:00Z,2022-07-13T21:01:00Z,YAHOO,proxy,continuous futures proxy
2022-07-14,,ERIS-YIT,95.54920000000001,price_points,2022-07-14T21:00:00Z,2022-07-14T21:01:00Z,ERIS,exact,
2022-07-14,,ERIS-YIW,91.4835,price_points,2022-07-14T21:00:00Z,2022-07-14T21:01:00Z,ERIS,exact,
2022-07-14,,YAHOO-CONTINUOUS-ZF,111.9921875,price_points,2022-07-14T21:00:00Z,2022-07-14T21:01:00Z,YAHOO,proxy,continuous futures proxy
2022-07-14,,YAHOO-CONTINUOUS-ZT,104.68359375,price_points,2022-07-14T21:00:00Z,2022-07-14T21:01:00Z,YAHOO,proxy,continuous futures proxy
2022-07-15,,ERIS-YIT,95.60620000000002,price_points,2022-07-15T21:00:00Z,2022-07-15T21:01:00Z,ERIS,exact,
2022-07-15,,ERIS-YIW,91.59850000000002,price_points,2022-07-15T21:00:00Z,2022-07-15T21:01:00Z,ERIS,exact,
2022-07-15,,YAHOO-CONTINUOUS-ZF,112.015625,price_points,2022-07-15T21:00:00Z,2022-07-15T21:01:00Z,YAHOO,proxy,continuous futures proxy
2022-07-15,,YAHOO-CONTINUOUS-ZT,104.7109375,price_points,2022-07-15T21:00:00Z,2022-07-15T21:01:00Z,YAHOO,proxy,continuous futures proxy
2022-07-18,,ERIS-YIT,95.59930000000001,price_points,2022-07-18T21:00:00Z,2022-07-18T21:01:00Z,ERIS,exact,
2022-07-18,,ERIS-YIW,91.50350000000002,price_points,2022-07-18T21:00:00Z,2022-07-18T21:01:00Z,ERIS,exact,
2022-07-18,,YAHOO-CONTINUOUS-ZF,111.9609375,price_points,2022-07-18T21:00:00Z,2022-07-18T21:01:00Z,YAHOO,proxy,continuous futures proxy
2022-07-18,,YAHOO-CONTINUOUS-ZT,104.6875,price_points,2022-07-18T21:00:00Z,2022-07-18T21:01:00Z,YAHOO,proxy,continuous futures proxy
2022-07-19,,ERIS-YIT,95.46680000000002,price_points,2022-07-19T21:00:00Z,2022-07-19T21:01:00Z,ERIS,exact,
2022-07-19,,ERIS-YIW,91.19350000000001,price_points,2022-07-19T21:00:00Z,2022-07-19T21:01:00Z,ERIS,exact,
2022-07-19,,YAHOO-CONTINUOUS-ZF,111.578125,price_points,2022-07-19T21:00:00Z,2022-07-19T21:01:00Z,YAHOO,proxy,continuous futures proxy
2022-07-19,,YAHOO-CONTINUOUS-ZT,104.53515625,price_points,2022-07-19T21:00:00Z,2022-07-19T21:01:00Z,YAHOO,proxy,continuous futures proxy
2022-07-20,,ERIS-YIT,95.45690000000002,price_points,2022-07-20T21:00:00Z,2022-07-20T21:01:00Z,ERIS,exact,
2022-07-20,,ERIS-YIW,91.06850000000001,price_points,2022-07-20T21:00:00Z,2022-07-20T21:01:00Z,ERIS,exact,
2022-07-20,,YAHOO-CONTINUOUS-ZF,111.4765625,price_points,2022-07-20T21:00:00Z,2022-07-20T21:01:00Z,YAHOO,proxy,continuous futures proxy
2022-07-20,,YAHOO-CONTINUOUS-ZT,104.51171875,price_points,2022-07-20T21:00:00Z,2022-07-20T21:01:00Z,YAHOO,proxy,continuous futures proxy
2022-07-21,,ERIS-YIT,95.74090000000001,price_points,2022-07-21T21:00:00Z,2022-07-21T21:01:00Z,ERIS,exact,
2022-07-21,,ERIS-YIW,91.85350000000001,price_points,2022-07-21T21:00:00Z,2022-07-21T21:01:00Z,ERIS,exact,
2022-07-21,,YAHOO-CONTINUOUS-ZF,112.296875,price_points,2022-07-21T21:00:00Z,2022-07-21T21:01:00Z,YAHOO,proxy,continuous futures proxy
2022-07-21,,YAHOO-CONTINUOUS-ZT,104.828125,price_points,2022-07-21T21:00:00Z,2022-07-21T21:01:00Z,YAHOO,proxy,continuous futures proxy
2022-07-22,,ERIS-YIT,95.93750000000001,price_points,2022-07-22T21:00:00Z,2022-07-22T21:01:00Z,ERIS,exact,
2022-07-22,,ERIS-YIW,92.4535,price_points,2022-07-22T21:00:00Z,2022-07-22T21:01:00Z,ERIS,exact,
2022-07-22,,YAHOO-CONTINUOUS-ZF,112.9453125,price_points,2022-07-22T21:00:00Z,2022-07-22T21:01:00Z,YAHOO,proxy,continuous futures proxy
2022-07-22,,YAHOO-CONTINUOUS-ZT,105.0546875,price_points,2022-07-22T21:00:00Z,2022-07-22T21:01:00Z,YAHOO,proxy,continuous futures proxy
2022-07-25,,ERIS-YIT,95.84330000000001,price_points,2022-07-25T21:00:00Z,2022-07-25T21:01:00Z,ERIS,exact,
2022-07-25,,ERIS-YIW,92.27850000000001,price_points,2022-07-25T21:00:00Z,2022-07-25T21:01:00Z,ERIS,exact,
2022-07-25,,YAHOO-CONTINUOUS-ZF,112.84375,price_points,2022-07-25T21:00:00Z,2022-07-25T21:01:00Z,YAHOO,proxy,continuous futures proxy
2022-07-25,,YAHOO-CONTINUOUS-ZT,104.98046875,price_points,2022-07-25T21:00:00Z,2022-07-25T21:01:00Z,YAHOO,proxy,continuous futures proxy
2022-07-26,,ERIS-YIT,95.83860000000001,price_points,2022-07-26T21:00:00Z,2022-07-26T21:01:00Z,ERIS,exact,
2022-07-26,,ERIS-YIW,92.31850000000001,price_points,2022-07-26T21:00:00Z,2022-07-26T21:01:00Z,ERIS,exact,
2022-07-26,,YAHOO-CONTINUOUS-ZF,112.90625,price_points,2022-07-26T21:00:00Z,2022-07-26T21:01:00Z,YAHOO,proxy,continuous futures proxy
2022-07-26,,YAHOO-CONTINUOUS-ZT,104.9765625,price_points,2022-07-26T21:00:00Z,2022-07-26T21:01:00Z,YAHOO,proxy,continuous futures proxy
2022-07-27,,ERIS-YIT,95.95190000000001,price_points,2022-07-27T21:00:00Z,2022-07-27T21:01:00Z,ERIS,exact,
2022-07-27,,ERIS-YIW,92.67850000000001,price_points,2022-07-27T21:00:00Z,2022-07-27T21:01:00Z,ERIS,exact,
2022-07-27,,YAHOO-CONTINUOUS-ZF,113.296875,price_points,2022-07-27T21:00:00Z,2022-07-27T21:01:00Z,YAHOO,proxy,continuous futures proxy
2022-07-27,,YAHOO-CONTINUOUS-ZT,105.1015625,price_points,2022-07-27T21:00:00Z,2022-07-27T21:01:00Z,YAHOO,proxy,continuous futures proxy
2022-07-28,,ERIS-YIT,96.08540000000002,price_points,2022-07-28T21:00:00Z,2022-07-28T21:01:00Z,ERIS,exact,
2022-07-28,,ERIS-YIW,93.04850000000002,price_points,2022-07-28T21:00:00Z,2022-07-28T21:01:00Z,ERIS,exact,
2022-07-28,,YAHOO-CONTINUOUS-ZF,113.71875,price_points,2022-07-28T21:00:00Z,2022-07-28T21:01:00Z,YAHOO,proxy,continuous futures proxy
2022-07-28,,YAHOO-CONTINUOUS-ZT,105.28125,price_points,2022-07-28T21:00:00Z,2022-07-28T21:01:00Z,YAHOO,proxy,continuous futures proxy
2022-07-29,,ERIS-YIT,96.04360000000001,price_points,2022-07-29T21:00:00Z,2022-07-29T21:01:00Z,ERIS,exact,
2022-07-29,,ERIS-YIW,93.0935,price_points,2022-07-29T21:00:00Z,2022-07-29T21:01:00Z,ERIS,exact,
2022-07-29,,YAHOO-CONTINUOUS-ZF,113.7265625,price_points,2022-07-29T21:00:00Z,2022-07-29T21:01:00Z,YAHOO,proxy,continuous futures proxy
2022-07-29,,YAHOO-CONTINUOUS-ZT,105.23046875,price_points,2022-07-29T21:00:00Z,2022-07-29T21:01:00Z,YAHOO,proxy,continuous futures proxy
2022-08-01,,ERIS-YIT,96.01560000000002,price_points,2022-08-01T21:00:00Z,2022-08-01T21:01:00Z,ERIS,exact,
2022-08-01,,ERIS-YIW,93.19350000000001,price_points,2022-08-01T21:00:00Z,2022-08-01T21:01:00Z,ERIS,exact,
2022-08-01,,YAHOO-CONTINUOUS-ZF,113.8125,price_points,2022-08-01T21:00:00Z,2022-08-01T21:01:00Z,YAHOO,proxy,continuous futures proxy
2022-08-01,,YAHOO-CONTINUOUS-ZT,105.203125,price_points,2022-08-01T21:00:00Z,2022-08-01T21:01:00Z,YAHOO,proxy,continuous futures proxy
2022-08-02,,ERIS-YIT,95.72740000000002,price_points,2022-08-02T21:00:00Z,2022-08-02T21:01:00Z,ERIS,exact,
2022-08-02,,ERIS-YIW,92.30350000000001,price_points,2022-08-02T21:00:00Z,2022-08-02T21:01:00Z,ERIS,exact,
2022-08-02,,YAHOO-CONTINUOUS-ZF,112.875,price_points,2022-08-02T21:00:00Z,2022-08-02T21:01:00Z,YAHOO,proxy,continuous futures proxy
2022-08-02,,YAHOO-CONTINUOUS-ZT,104.89453125,price_points,2022-08-02T21:00:00Z,2022-08-02T21:01:00Z,YAHOO,proxy,continuous futures proxy
2022-08-03,,ERIS-YIT,95.65290000000002,price_points,2022-08-03T21:00:00Z,2022-08-03T21:01:00Z,ERIS,exact,
2022-08-03,,ERIS-YIW,92.2335,price_points,2022-08-03T21:00:00Z,2022-08-03T21:01:00Z,ERIS,exact,
2022-08-03,,YAHOO-CONTINUOUS-ZF,112.8046875,price_points,2022-08-03T21:00:00Z,2022-08-03T21:01:00Z,YAHOO,proxy,continuous futures proxy
2022-08-03,,YAHOO-CONTINUOUS-ZT,104.8359375,price_points,2022-08-03T21:00:00Z,2022-08-03T21:01:00Z,YAHOO,proxy,continuous futures proxy
2022-08-04,,ERIS-YIT,95.78580000000001,price_points,2022-08-04T21:00:00Z,2022-08-04T21:01:00Z,ERIS,exact,
2022-08-04,,ERIS-YIW,92.69350000000001,price_points,2022-08-04T21:00:00Z,2022-08-04T21:01:00Z,ERIS,exact,
2022-08-04,,YAHOO-CONTINUOUS-ZF,113.2734375,price_points,2022-08-04T21:00:00Z,2022-08-04T21:01:00Z,YAHOO,proxy,continuous futures proxy
2022-08-04,,YAHOO-CONTINUOUS-ZT,104.984375,price_points,2022-08-04T21:00:00Z,2022-08-04T21:01:00Z,YAHOO,proxy,continuous futures proxy
2022-08-05,,ERIS-YIT,95.42380000000001,price_points,2022-08-05T21:00:00Z,2022-08-05T21:01:00Z,ERIS,exact,
2022-08-05,,ERIS-YIW,91.78850000000001,price_points,2022-08-05T21:00:00Z,2022-08-05T21:01:00Z,ERIS,exact,
2022-08-05,,YAHOO-CONTINUOUS-ZF,112.2890625,price_points,2022-08-05T21:00:00Z,2022-08-05T21:01:00Z,YAHOO,proxy,continuous futures proxy
2022-08-05,,YAHOO-CONTINUOUS-ZT,104.57421875,price_points,2022-08-05T21:00:00Z,2022-08-05T21:01:00Z,YAHOO,proxy,continuous futures proxy
2022-08-08,,ERIS-YIT,95.48250000000002,price_points,2022-08-08T21:00:00Z,2022-08-08T21:01:00Z,ERIS,exact,
2022-08-08,,ERIS-YIW,92.13350000000001,price_points,2022-08-08T21:00:00Z,2022-08-08T21:01:00Z,ERIS,exact,
2022-08-08,,YAHOO-CONTINUOUS-ZF,112.5703125,price_points,2022-08-08T21:00:00Z,2022-08-08T21:01:00Z,YAHOO,proxy,continuous futures proxy
2022-08-08,,YAHOO-CONTINUOUS-ZT,104.65625,price_points,2022-08-08T21:00:00Z,2022-08-08T21:01:00Z,YAHOO,proxy,continuous futures proxy
2022-08-09,,ERIS-YIT,95.36590000000001,price_points,2022-08-09T21:00:00Z,2022-08-09T21:01:00Z,ERIS,exact,
2022-08-09,,ERIS-YIW,91.82350000000001,price_points,2022-08-09T21:00:00Z,2022-08-09T21:01:00Z,ERIS,exact,
2022-08-09,,YAHOO-CONTINUOUS-ZF,112.2265625,price_points,2022-08-09T21:00:00Z,2022-08-09T21:01:00Z,YAHOO,proxy,continuous futures proxy
2022-08-09,,YAHOO-CONTINUOUS-ZT,104.546875,price_points,2022-08-09T21:00:00Z,2022-08-09T21:01:00Z,YAHOO,proxy,continuous futures proxy
2022-08-10,,ERIS-YIT,95.47250000000001,price_points,2022-08-10T21:00:00Z,2022-08-10T21:01:00Z,ERIS,exact,
2022-08-10,,ERIS-YIW,92.05850000000001,price_points,2022-08-10T21:00:00Z,2022-08-10T21:01:00Z,ERIS,exact,
2022-08-10,,YAHOO-CONTINUOUS-ZF,112.5546875,price_points,2022-08-10T21:00:00Z,2022-08-10T21:01:00Z,YAHOO,proxy,continuous futures proxy
2022-08-10,,YAHOO-CONTINUOUS-ZT,104.6953125,price_points,2022-08-10T21:00:00Z,2022-08-10T21:01:00Z,YAHOO,proxy,continuous futures proxy
2022-08-11,,ERIS-YIT,95.40400000000001,price_points,2022-08-11T21:00:00Z,2022-08-11T21:01:00Z,ERIS,exact,
2022-08-11,,ERIS-YIW,91.7035,price_points,2022-08-11T21:00:00Z,2022-08-11T21:01:00Z,ERIS,exact,
2022-08-11,,YAHOO-CONTINUOUS-ZF,112.296875,price_points,2022-08-11T21:00:00Z,2022-08-11T21:01:00Z,YAHOO,proxy,continuous futures proxy
2022-08-11,,YAHOO-CONTINUOUS-ZT,104.6640625,price_points,2022-08-11T21:00:00Z,2022-08-11T21:01:00Z,YAHOO,proxy,continuous futures proxy
2022-08-12,,ERIS-YIT,95.34210000000002,price_points,2022-08-12T21:00:00Z,2022-08-12T21:01:00Z,ERIS,exact,
2022-08-12,,ERIS-YIW,91.7335,price_points,2022-08-12T21:00:00Z,2022-08-12T21:01:00Z,ERIS,exact,
2022-08-12,,YAHOO-CONTINUOUS-ZF,112.2890625,price_points,2022-08-12T21:00:00Z,2022-08-12T21:01:00Z,YAHOO,proxy,continuous futures proxy
2022-08-12,,YAHOO-CONTINUOUS-ZT,104.62109375,price_points,2022-08-12T21:00:00Z,2022-08-12T21:01:00Z,YAHOO,proxy,continuous futures proxy
2022-08-15,,ERIS-YIT,95.43350000000001,price_points,2022-08-15T21:00:00Z,2022-08-15T21:01:00Z,ERIS,exact,
2022-08-15,,ERIS-YIW,92.06850000000001,price_points,2022-08-15T21:00:00Z,2022-08-15T21:01:00Z,ERIS,exact,
2022-08-15,,YAHOO-CONTINUOUS-ZF,112.5625,price_points,2022-08-15T21:00:00Z,2022-08-15T21:01:00Z,YAHOO,proxy,continuous futures proxy
2022-08-15,,YAHOO-CONTINUOUS-ZT,104.71484375,price_points,2022-08-15T21:00:00Z,2022-08-15T21:01:00Z,YAHOO,proxy,continuous futures proxy
2022-08-16,,ERIS-YIT,95.36760000000001,price_points,2022-08-16T21:00:00Z,2022-08-16T21:01:00Z,ERIS,exact,
2022-08-16,,ERIS-YIW,91.90350000000001,price_points,2022-08-16T21:00:00Z,2022-08-16T21:01:00Z,ERIS,exact,
2022-08-16,,YAHOO-CONTINUOUS-ZF,112.328125,price_points,2022-08-16T21:00:00Z,2022-08-16T21:01:00Z,YAHOO,proxy,continuous futures proxy
2022-08-16,,YAHOO-CONTINUOUS-ZT,104.62109375,price_points,2022-08-16T21:00:00Z,2022-08-16T21:01:00Z,YAHOO,proxy,continuous futures proxy
2022-08-17,,ERIS-YIT,95.36760000000001,price_points,2022-08-17T21:00:00Z,2022-08-17T21:01:00Z,ERIS,exact,
2022-08-17,,ERIS-YIW,91.47350000000002,price_points,2022-08-17T21:00:00Z,2022-08-17T21:01:00Z,ERIS,exact,
2022-08-17,,YAHOO-CONTINUOUS-ZF,111.921875,price_points,2022-08-17T21:00:00Z,2022-08-17T21:01:00Z,YAHOO,proxy,continuous futures proxy
2022-08-17,,YAHOO-CONTINUOUS-ZT,104.53125,price_points,2022-08-17T21:00:00Z,2022-08-17T21:01:00Z,YAHOO,proxy,continuous futures proxy
2022-08-18,,ERIS-YIT,95.43140000000001,price_points,2022-08-18T21:00:00Z,2022-08-18T21:01:00Z,ERIS,exact,
2022-08-18,,ERIS-YIW,91.54850000000002,price_points,2022-08-18T21:00:00Z,2022-08-18T21:01:00Z,ERIS,exact,
2022-08-18,,YAHOO-CONTINUOUS-ZF,112.015625,price_points,2022-08-18T21:00:00Z,2022-08-18T21:01:00Z,YAHOO,proxy,continuous futures proxy
2022-08-18,,YAHOO-CONTINUOUS-ZT,104.62890625,price_points,2022-08-18T21:00:00Z,2022-08-18T21:01:00Z,YAHOO,proxy,continuous futures proxy
2022-08-19,,ERIS-YIT,95.36140000000002,price_points,2022-08-19T21:00:00Z,2022-08-19T21:01:00Z,ERIS,exact,
2022-08-19,,ERIS-YIW,91.16850000000001,price_points,2022-08-19T21:00:00Z,2022-08-19T21:01:00Z,ERIS,exact,
2022-08-19,,YAHOO-CONTINUOUS-ZF,111.65625,price_points,2022-08-19T21:00:00Z,2022-08-19T21:01:00Z,YAHOO,proxy,continuous futures proxy
2022-08-19,,YAHOO-CONTINUOUS-ZT,104.59765625,price_points,2022-08-19T21:00:00Z,2022-08-19T21:01:00Z,YAHOO,proxy,continuous futures proxy
2022-08-22,,ERIS-YIT,95.16010000000001,price_points,2022-08-22T21:00:00Z,2022-08-22T21:01:00Z,ERIS,exact,
2022-08-22,,ERIS-YIW,90.82350000000001,price_points,2022-08-22T21:00:00Z,2022-08-22T21:01:00Z,ERIS,exact,
2022-08-22,,YAHOO-CONTINUOUS-ZF,111.3359375,price_points,2022-08-22T21:00:00Z,2022-08-22T21:01:00Z,YAHOO,proxy,continuous futures proxy
2022-08-22,,YAHOO-CONTINUOUS-ZT,104.47265625,price_points,2022-08-22T21:00:00Z,2022-08-22T21:01:00Z,YAHOO,proxy,continuous futures proxy
2022-08-23,,ERIS-YIT,95.23640000000002,price_points,2022-08-23T21:00:00Z,2022-08-23T21:01:00Z,ERIS,exact,
2022-08-23,,ERIS-YIW,90.81850000000001,price_points,2022-08-23T21:00:00Z,2022-08-23T21:01:00Z,ERIS,exact,
2022-08-23,,YAHOO-CONTINUOUS-ZF,111.375,price_points,2022-08-23T21:00:00Z,2022-08-23T21:01:00Z,YAHOO,proxy,continuous futures proxy
2022-08-23,,YAHOO-CONTINUOUS-ZT,104.5703125,price_points,2022-08-23T21:00:00Z,2022-08-23T21:01:00Z,YAHOO,proxy,continuous futures proxy
2022-08-24,,ERIS-YIT,95.15510000000002,price_points,2022-08-24T21:00:00Z,2022-08-24T21:01:00Z,ERIS,exact,
2022-08-24,,ERIS-YIW,90.60350000000001,price_points,2022-08-24T21:00:00Z,2022-08-24T21:01:00Z,ERIS,exact,
2022-08-24,,YAHOO-CONTINUOUS-ZF,111.1640625,price_points,2022-08-24T21:00:00Z,2022-08-24T21:01:00Z,YAHOO,proxy,continuous futures proxy
2022-08-24,,YAHOO-CONTINUOUS-ZT,104.45703125,price_points,2022-08-24T21:00:00Z,2022-08-24T21:01:00Z,YAHOO,proxy,continuous futures proxy
2022-08-25,,ERIS-YIT,95.18010000000001,price_points,2022-08-25T21:00:00Z,2022-08-25T21:01:00Z,ERIS,exact,
2022-08-25,,ERIS-YIW,90.78350000000002,price_points,2022-08-25T21:00:00Z,2022-08-25T21:01:00Z,ERIS,exact,
2022-08-25,,YAHOO-CONTINUOUS-ZF,111.359375,price_points,2022-08-25T21:00:00Z,2022-08-25T21:01:00Z,YAHOO,proxy,continuous futures proxy
2022-08-25,,YAHOO-CONTINUOUS-ZT,104.4453125,price_points,2022-08-25T21:00:00Z,2022-08-25T21:01:00Z,YAHOO,proxy,continuous futures proxy
2022-08-26,,ERIS-YIT,95.13890000000002,price_points,2022-08-26T21:00:00Z,2022-08-26T21:01:00Z,ERIS,exact,
2022-08-26,,ERIS-YIW,90.60350000000001,price_points,2022-08-26T21:00:00Z,2022-08-26T21:01:00Z,ERIS,exact,
2022-08-26,,YAHOO-CONTINUOUS-ZF,111.1953125,price_points,2022-08-26T21:00:00Z,2022-08-26T21:01:00Z,YAHOO,proxy,continuous futures proxy
2022-08-26,,YAHOO-CONTINUOUS-ZT,104.390625,price_points,2022-08-26T21:00:00Z,2022-08-26T21:01:00Z,YAHOO,proxy,continuous futures proxy
2022-08-29,,ERIS-YIT,95.04510000000002,price_points,2022-08-29T21:00:00Z,2022-08-29T21:01:00Z,ERIS,exact,
2022-08-29,,ERIS-YIW,90.26350000000001,price_points,2022-08-29T21:00:00Z,2022-08-29T21:01:00Z,ERIS,exact,
2022-08-29,,YAHOO-CONTINUOUS-ZF,110.8515625,price_points,2022-08-29T21:00:00Z,2022-08-29T21:01:00Z,YAHOO,proxy,continuous futures proxy
2022-08-29,,YAHOO-CONTINUOUS-ZT,104.3203125,price_points,2022-08-29T21:00:00Z,2022-08-29T21:01:00Z,YAHOO,proxy,continuous futures proxy
2022-08-30,,ERIS-YIT,94.96010000000001,price_points,2022-08-30T21:00:00Z,2022-08-30T21:01:00Z,ERIS,exact,
2022-08-30,,ERIS-YIW,90.18350000000001,price_points,2022-08-30T21:00:00Z,2022-08-30T21:01:00Z,ERIS,exact,
2022-08-30,,YAHOO-CONTINUOUS-ZF,110.7890625,price_points,2022-08-30T21:00:00Z,2022-08-30T21:01:00Z,YAHOO,proxy,continuous futures proxy
2022-08-30,,YAHOO-CONTINUOUS-ZT,104.234375,price_points,2022-08-30T21:00:00Z,2022-08-30T21:01:00Z,YAHOO,proxy,continuous futures proxy
2022-08-31,,ERIS-YIT,94.97890000000001,price_points,2022-08-31T21:00:00Z,2022-08-31T21:01:00Z,ERIS,exact,
2022-08-31,,ERIS-YIW,90.17850000000001,price_points,2022-08-31T21:00:00Z,2022-08-31T21:01:00Z,ERIS,exact,
2022-08-31,,YAHOO-CONTINUOUS-ZF,110.78125,price_points,2022-08-31T21:00:00Z,2022-08-31T21:01:00Z,YAHOO,proxy,continuous futures proxy
2022-08-31,,YAHOO-CONTINUOUS-ZT,104.27734375,price_points,2022-08-31T21:00:00Z,2022-08-31T21:01:00Z,YAHOO,proxy,continuous futures proxy
2022-09-01,,ERIS-YIT,94.85640000000001,price_points,2022-09-01T21:00:00Z,2022-09-01T21:01:00Z,ERIS,exact,
2022-09-01,,ERIS-YIW,89.66350000000001,price_points,2022-09-01T21:00:00Z,2022-09-01T21:01:00Z,ERIS,exact,
2022-09-01,,YAHOO-CONTINUOUS-ZF,110.3203125,price_points,2022-09-01T21:00:00Z,2022-09-01T21:01:00Z,YAHOO,proxy,continuous futures proxy
2022-09-01,,YAHOO-CONTINUOUS-ZT,104.16015625,price_points,2022-09-01T21:00:00Z,2022-09-01T21:01:00Z,YAHOO,proxy,continuous futures proxy
2022-09-02,,ERIS-YIT,95.10140000000001,price_points,2022-09-02T21:00:00Z,2022-09-02T21:01:00Z,ERIS,exact,
2022-09-02,,ERIS-YIW,90.16850000000001,price_points,2022-09-02T21:00:00Z,2022-09-02T21:01:00Z,ERIS,exact,
2022-09-02,,YAHOO-CONTINUOUS-ZF,110.859375,price_points,2022-09-02T21:00:00Z,2022-09-02T21:01:00Z,YAHOO,proxy,continuous futures proxy
2022-09-02,,YAHOO-CONTINUOUS-ZT,104.38671875,price_points,2022-09-02T21:00:00Z,2022-09-02T21:01:00Z,YAHOO,proxy,continuous futures proxy
2022-09-06,,ERIS-YIT,94.86890000000001,price_points,2022-09-06T21:00:00Z,2022-09-06T21:01:00Z,ERIS,exact,
2022-09-06,,ERIS-YIW,89.51850000000002,price_points,2022-09-06T21:00:00Z,2022-09-06T21:01:00Z,ERIS,exact,
2022-09-06,,YAHOO-CONTINUOUS-ZF,110.2265625,price_points,2022-09-06T21:00:00Z,2022-09-06T21:01:00Z,YAHOO,proxy,continuous futures proxy
2022-09-06,,YAHOO-CONTINUOUS-ZT,104.16796875,price_points,2022-09-06T21:00:00Z,2022-09-06T21:01:00Z,YAHOO,proxy,continuous futures proxy
2022-09-07,,ERIS-YIT,94.98010000000002,price_points,2022-09-07T21:00:00Z,2022-09-07T21:01:00Z,ERIS,exact,
2022-09-07,,ERIS-YIW,89.91350000000001,price_points,2022-09-07T21:00:00Z,2022-09-07T21:01:00Z,ERIS,exact,
2022-09-07,,YAHOO-CONTINUOUS-ZF,110.5859375,price_points,2022-09-07T21:00:00Z,2022-09-07T21:01:00Z,YAHOO,proxy,continuous futures proxy
2022-09-07,,YAHOO-CONTINUOUS-ZT,104.2578125,price_points,2022-09-07T21:00:00Z,2022-09-07T21:01:00Z,YAHOO,proxy,continuous futures proxy
2022-09-08,,ERIS-YIT,94.92890000000001,price_points,2022-09-08T21:00:00Z,2022-09-08T21:01:00Z,ERIS,exact,
2022-09-08,,ERIS-YIW,89.76850000000002,price_points,2022-09-08T21:00:00Z,2022-09-08T21:01:00Z,ERIS,exact,
2022-09-08,,YAHOO-CONTINUOUS-ZF,110.4140625,price_points,2022-09-08T21:00:00Z,2022-09-08T21:01:00Z,YAHOO,proxy,continuous futures proxy
2022-09-08,,YAHOO-CONTINUOUS-ZT,104.16015625,price_points,2022-09-08T21:00:00Z,2022-09-08T21:01:00Z,YAHOO,proxy,continuous futures proxy
2022-09-09,,ERIS-YIT,94.79510000000002,price_points,2022-09-09T21:00:00Z,2022-09-09T21:01:00Z,ERIS,exact,
2022-09-09,,ERIS-YIW,89.54850000000002,price_points,2022-09-09T21:00:00Z,2022-09-09T21:01:00Z,ERIS,exact,
2022-09-09,,YAHOO-CONTINUOUS-ZF,110.1875,price_points,2022-09-09T21:00:00Z,2022-09-09T21:01:00Z,YAHOO,proxy,continuous futures proxy
2022-09-09,,YAHOO-CONTINUOUS-ZT,104.03125,price_points,2022-09-09T21:00:00Z,2022-09-09T21:01:00Z,YAHOO,proxy,continuous futures proxy
2022-09-12,,ERIS-YIT,94.79390000000001,price_points,2022-09-12T21:00:00Z,2022-09-12T21:01:00Z,ERIS,exact,
2022-09-12,,ERIS-YIW,89.4835,price_points,2022-09-12T21:00:00Z,2022-09-12T21:01:00Z,ERIS,exact,
2022-09-12,,YAHOO-CONTINUOUS-ZF,110.1796875,price_points,2022-09-12T21:00:00Z,2022-09-12T21:01:00Z,YAHOO,proxy,continuous futures proxy
2022-09-12,,YAHOO-CONTINUOUS-ZT,104.02734375,price_points,2022-09-12T21:00:00Z,2022-09-12T21:01:00Z,YAHOO,proxy,continuous futures proxy
2022-09-13,,ERIS-YIT,94.39260000000002,price_points,2022-09-13T21:00:00Z,2022-09-13T21:01:00Z,ERIS,exact,
2022-09-13,,ERIS-YIW,88.89850000000001,price_points,2022-09-13T21:00:00Z,2022-09-13T21:01:00Z,ERIS,exact,
2022-09-13,,YAHOO-CONTINUOUS-ZF,109.515625,price_points,2022-09-13T21:00:00Z,2022-09-13T21:01:00Z,YAHOO,proxy,continuous futures proxy
2022-09-13,,YAHOO-CONTINUOUS-ZT,103.66796875,price_points,2022-09-13T21:00:00Z,2022-09-13T21:01:00Z,YAHOO,proxy,continuous futures proxy
2022-09-14,,ERIS-YIT,94.29890000000002,price_points,2022-09-14T21:00:00Z,2022-09-14T21:01:00Z,ERIS,exact,
2022-09-14,,ERIS-YIW,88.8585,price_points,2022-09-14T21:00:00Z,2022-09-14T21:01:00Z,ERIS,exact,
2022-09-14,,YAHOO-CONTINUOUS-ZF,109.46875,price_points,2022-09-14T21:00:00Z,2022-09-14T21:01:00Z,YAHOO,proxy,continuous futures proxy
2022-09-14,,YAHOO-CONTINUOUS-ZT,103.6328125,price_points,2022-09-14T21:00:00Z,2022-09-14T21:01:00Z,YAHOO,proxy,continuous futures proxy
2022-09-15,,ERIS-YIT,94.12010000000001,price_points,2022-09-15T21:00:00Z,2022-09-15T21:01:00Z,ERIS,exact,
2022-09-15,,ERIS-YIW,88.48850000000002,price_points,2022-09-15T21:00:00Z,2022-09-15T21:01:00Z,ERIS,exact,
2022-09-15,,YAHOO-CONTINUOUS-ZF,109.1328125,price_points,2022-09-15T21:00:00Z,2022-09-15T21:01:00Z,YAHOO,proxy,continuous futures proxy
2022-09-15,,YAHOO-CONTINUOUS-ZT,103.453125,price_points,2022-09-15T21:00:00Z,2022-09-15T21:01:00Z,YAHOO,proxy,continuous futures proxy
2022-09-16,,ERIS-YIT,94.19010000000002,price_points,2022-09-16T21:00:00Z,2022-09-16T21:01:00Z,ERIS,exact,
2022-09-16,,ERIS-YIW,88.69040000000001,price_points,2022-09-16T21:00:00Z,2022-09-16T21:01:00Z,ERIS,exact,
2022-09-16,,YAHOO-CONTINUOUS-ZF,109.359375,price_points,2022-09-16T21:00:00Z,2022-09-16T21:01:00Z,YAHOO,proxy,continuous futures proxy
2022-09-16,,YAHOO-CONTINUOUS-ZT,103.51171875,price_points,2022-09-16T21:00:00Z,2022-09-16T21:01:00Z,YAHOO,proxy,continuous futures proxy
2022-09-19,,ERIS-YIT,94.06750000000001,price_points,2022-09-19T21:00:00Z,2022-09-19T21:01:00Z,ERIS,exact,
2022-09-19,,ERIS-YIW,88.35140000000001,price_points,2022-09-19T21:00:00Z,2022-09-19T21:01:00Z,ERIS,exact,
2022-09-19,,YAHOO-CONTINUOUS-ZF,109.03125,price_points,2022-09-19T21:00:00Z,2022-09-19T21:01:00Z,YAHOO,proxy,continuous futures proxy
2022-09-19,,YAHOO-CONTINUOUS-ZT,103.35546875,price_points,2022-09-19T21:00:00Z,2022-09-19T21:01:00Z,YAHOO,proxy,continuous futures proxy
2022-09-20,,ERIS-YIT,94.03790000000001,price_points,2022-09-20T21:00:00Z,2022-09-20T21:01:00Z,ERIS,exact,
2022-09-20,,ERIS-YIW,88.0978,price_points,2022-09-20T21:00:00Z,2022-09-20T21:01:00Z,ERIS,exact,
2022-09-20,,YAHOO-CONTINUOUS-ZF,108.8046875,price_points,2022-09-20T21:00:00Z,2022-09-20T21:01:00Z,YAHOO,proxy,continuous futures proxy
2022-09-20,,YAHOO-CONTINUOUS-ZT,103.33203125,price_points,2022-09-20T21:00:00Z,2022-09-20T21:01:00Z,YAHOO,proxy,continuous futures proxy
2022-09-21,,ERIS-YIT,93.95090000000002,price_points,2022-09-21T21:00:00Z,2022-09-21T21:01:00Z,ERIS,exact,
2022-09-21,,ERIS-YIW,88.20670000000001,price_points,2022-09-21T21:00:00Z,2022-09-21T21:01:00Z,ERIS,exact,
2022-09-21,,YAHOO-CONTINUOUS-ZF,109.046875,price_points,2022-09-21T21:00:00Z,2022-09-21T21:01:00Z,YAHOO,proxy,continuous futures proxy
2022-09-21,,YAHOO-CONTINUOUS-ZT,103.29296875,price_points,2022-09-21T21:00:00Z,2022-09-21T21:01:00Z,YAHOO,proxy,continuous futures proxy
2022-09-22,,ERIS-YIT,93.70040000000002,price_points,2022-09-22T21:00:00Z,2022-09-22T21:01:00Z,ERIS,exact,
2022-09-22,,ERIS-YIW,87.4488,price_points,2022-09-22T21:00:00Z,2022-09-22T21:01:00Z,ERIS,exact,
2022-09-22,,YAHOO-CONTINUOUS-ZF,108.0625,price_points,2022-09-22T21:00:00Z,2022-09-22T21:01:00Z,YAHOO,proxy,continuous futures proxy
2022-09-22,,YAHOO-CONTINUOUS-ZT,102.9921875,price_points,2022-09-22T21:00:00Z,2022-09-22T21:01:00Z,YAHOO,proxy,continuous futures proxy
2022-09-23,,ERIS-YIT,93.55970000000002,price_points,2022-09-23T21:00:00Z,2022-09-23T21:01:00Z,ERIS,exact,
2022-09-23,,ERIS-YIW,87.25300000000001,price_points,2022-09-23T21:00:00Z,2022-09-23T21:01:00Z,ERIS,exact,
2022-09-23,,YAHOO-CONTINUOUS-ZF,107.7890625,price_points,2022-09-23T21:00:00Z,2022-09-23T21:01:00Z,YAHOO,proxy,continuous futures proxy
2022-09-23,,YAHOO-CONTINUOUS-ZT,102.85546875,price_points,2022-09-23T21:00:00Z,2022-09-23T21:01:00Z,YAHOO,proxy,continuous futures proxy
2022-09-26,,ERIS-YIT,93.48630000000001,price_points,2022-09-26T21:00:00Z,2022-09-26T21:01:00Z,ERIS,exact,
2022-09-26,,ERIS-YIW,86.61390000000002,price_points,2022-09-26T21:00:00Z,2022-09-26T21:01:00Z,ERIS,exact,
2022-09-26,,YAHOO-CONTINUOUS-ZF,107.09375,price_points,2022-09-26T21:00:00Z,2022-09-26T21:01:00Z,YAHOO,proxy,continuous futures proxy
2022-09-26,,YAHOO-CONTINUOUS-ZT,102.73046875,price_points,2022-09-26T21:00:00Z,2022-09-26T21:01:00Z,YAHOO,proxy,continuous futures proxy
2022-09-27,,ERIS-YIT,93.61800000000001,price_points,2022-09-27T21:00:00Z,2022-09-27T21:01:00Z,ERIS,exact,
2022-09-27,,ERIS-YIW,86.58220000000001,price_points,2022-09-27T21:00:00Z,2022-09-27T21:01:00Z,ERIS,exact,
2022-09-27,,YAHOO-CONTINUOUS-ZF,106.9765625,price_points,2022-09-27T21:00:00Z,2022-09-27T21:01:00Z,YAHOO,proxy,continuous futures proxy
2022-09-27,,YAHOO-CONTINUOUS-ZT,102.68359375,price_points,2022-09-27T21:00:00Z,2022-09-27T21:01:00Z,YAHOO,proxy,continuous futures proxy
2022-09-28,,ERIS-YIT,93.97820000000002,price_points,2022-09-28T21:00:00Z,2022-09-28T21:01:00Z,ERIS,exact,
2022-09-28,,ERIS-YIW,87.58890000000001,price_points,2022-09-28T21:00:00Z,2022-09-28T21:01:00Z,ERIS,exact,
2022-09-28,,YAHOO-CONTINUOUS-ZF,108.234375,price_points,2022-09-28T21:00:00Z,2022-09-28T21:01:00Z,YAHOO,proxy,continuous futures proxy
2022-09-28,,YAHOO-CONTINUOUS-ZT,103.09375,price_points,2022-09-28T21:00:00Z,2022-09-28T21:01:00Z,YAHOO,proxy,continuous futures proxy
2022-09-29,,ERIS-YIT,93.89190000000002,price_points,2022-09-29T21:00:00Z,2022-09-29T21:01:00Z,ERIS,exact,
2022-09-29,,ERIS-YIW,87.39690000000002,price_points,2022-09-29T21:00:00Z,2022-09-29T21:01:00Z,ERIS,exact,
2022-09-29,,YAHOO-CONTINUOUS-ZF,107.9453125,price_points,2022-09-29T21:00:00Z,2022-09-29T21:01:00Z,YAHOO,proxy,continuous futures proxy
2022-09-29,,YAHOO-CONTINUOUS-ZT,103.06640625,price_points,2022-09-29T21:00:00Z,2022-09-29T21:01:00Z,YAHOO,proxy,continuous futures proxy
2022-09-30,,ERIS-YIT,93.82440000000001,price_points,2022-09-30T21:00:00Z,2022-09-30T21:01:00Z,ERIS,exact,
2022-09-30,,ERIS-YIW,87.09440000000001,price_points,2022-09-30T21:00:00Z,2022-09-30T21:01:00Z,ERIS,exact,
2022-09-30,,YAHOO-CONTINUOUS-ZF,108.28125,price_points,2022-09-30T21:00:00Z,2022-09-30T21:01:00Z,YAHOO,proxy,continuous futures proxy
2022-09-30,,YAHOO-CONTINUOUS-ZT,102.92578125,price_points,2022-09-30T21:00:00Z,2022-09-30T21:01:00Z,YAHOO,proxy,continuous futures proxy
2022-10-03,,ERIS-YIT,93.96680000000002,price_points,2022-10-03T21:00:00Z,2022-10-03T21:01:00Z,ERIS,exact,
2022-10-03,,ERIS-YIW,87.70190000000001,price_points,2022-10-03T21:00:00Z,2022-10-03T21:01:00Z,ERIS,exact,
2022-10-03,,YAHOO-CONTINUOUS-ZF,108.1796875,price_points,2022-10-03T21:00:00Z,2022-10-03T21:01:00Z,YAHOO,proxy,continuous futures proxy
2022-10-03,,YAHOO-CONTINUOUS-ZT,102.90234375,price_points,2022-10-03T21:00:00Z,2022-10-03T21:01:00Z,YAHOO,proxy,continuous futures proxy
2022-10-04,,ERIS-YIT,93.98740000000001,price_points,2022-10-04T21:00:00Z,2022-10-04T21:01:00Z,ERIS,exact,
2022-10-04,,ERIS-YIW,88.00410000000001,price_points,2022-10-04T21:00:00Z,2022-10-04T21:01:00Z,ERIS,exact,
2022-10-04,,YAHOO-CONTINUOUS-ZF,108.375,price_points,2022-10-04T21:00:00Z,2022-10-04T21:01:00Z,YAHOO,proxy,continuous futures proxy
2022-10-04,,YAHOO-CONTINUOUS-ZT,102.92578125,price_points,2022-10-04T21:00:00Z,2022-10-04T21:01:00Z,YAHOO,proxy,continuous futures proxy
2022-10-05,,ERIS-YIT,93.87630000000001,price_points,2022-10-05T21:00:00Z,2022-10-05T21:01:00Z,ERIS,exact,
2022-10-05,,ERIS-YIW,87.44680000000001,price_points,2022-10-05T21:00:00Z,2022-10-05T21:01:00Z,ERIS,exact,
2022-10-05,,YAHOO-CONTINUOUS-ZF,107.84375,price_points,2022-10-05T21:00:00Z,2022-10-05T21:01:00Z,YAHOO,proxy,continuous futures proxy
2022-10-05,,YAHOO-CONTINUOUS-ZT,102.8203125,price_points,2022-10-05T21:00:00Z,2022-10-05T21:01:00Z,YAHOO,proxy,continuous futures proxy
2022-10-06,,ERIS-YIT,93.71080000000002,price_points,2022-10-06T21:00:00Z,2022-10-06T21:01:00Z,ERIS,exact,
2022-10-06,,ERIS-YIW,87.10470000000001,price_points,2022-10-06T21:00:00Z,2022-10-06T21:01:00Z,ERIS,exact,
2022-10-06,,YAHOO-CONTINUOUS-ZF,107.390625,price_points,2022-10-06T21:00:00Z,2022-10-06T21:01:00Z,YAHOO,proxy,continuous futures proxy
2022-10-06,,YAHOO-CONTINUOUS-ZT,102.625,price_points,2022-10-06T21:00:00Z,2022-10-06T21:01:00Z,YAHOO,proxy,continuous futures proxy
2022-10-07,,ERIS-YIT,93.55150000000002,price_points,2022-10-07T21:00:00Z,2022-10-07T21:01:00Z,ERIS,exact,
2022-10-07,,ERIS-YIW,86.76700000000001,price_points,2022-10-07T21:00:00Z,2022-10-07T21:01:00Z,ERIS,exact,
2022-10-07,,YAHOO-CONTINUOUS-ZF,107.0625,price_points,2022-10-07T21:00:00Z,2022-10-07T21:01:00Z,YAHOO,proxy,continuous futures proxy
2022-10-07,,YAHOO-CONTINUOUS-ZT,102.515625,price_points,2022-10-07T21:00:00Z,2022-10-07T21:01:00Z,YAHOO,proxy,continuous futures proxy
2022-10-10,,ERIS-YIT,93.55870000000002,price_points,2022-10-10T21:00:00Z,2022-10-10T21:01:00Z,ERIS,exact,
2022-10-10,,ERIS-YIW,86.77340000000001,price_points,2022-10-10T21:00:00Z,2022-10-10T21:01:00Z,ERIS,exact,
2022-10-10,,YAHOO-CONTINUOUS-ZF,106.859375,price_points,2022-10-10T21:00:00Z,2022-10-10T21:01:00Z,YAHOO,proxy,continuous futures proxy
2022-10-10,,YAHOO-CONTINUOUS-ZT,102.47265625,price_points,2022-10-10T21:00:00Z,2022-10-10T21:01:00Z,YAHOO,proxy,continuous futures proxy
2022-10-11,,ERIS-YIT,93.54570000000001,price_points,2022-10-11T21:00:00Z,2022-10-11T21:01:00Z,ERIS,exact,
2022-10-11,,ERIS-YIW,86.65800000000002,price_points,2022-10-11T21:00:00Z,2022-10-11T21:01:00Z,ERIS,exact,
2022-10-11,,YAHOO-CONTINUOUS-ZF,106.921875,price_points,2022-10-11T21:00:00Z,2022-10-11T21:01:00Z,YAHOO,proxy,continuous futures proxy
2022-10-11,,YAHOO-CONTINUOUS-ZT,102.50390625,price_points,2022-10-11T21:00:00Z,2022-10-11T21:01:00Z,YAHOO,proxy,continuous futures proxy
2022-10-12,,ERIS-YIT,93.61130000000001,price_points,2022-10-12T21:00:00Z,2022-10-12T21:01:00Z,ERIS,exact,
2022-10-12,,ERIS-YIW,86.86260000000001,price_points,2022-10-12T21:00:00Z,2022-10-12T21:01:00Z,ERIS,exact,
2022-10-12,,YAHOO-CONTINUOUS-ZF,107.171875,price_points,2022-10-12T21:00:00Z,2022-10-12T21:01:00Z,YAHOO,proxy,continuous futures proxy
2022-10-12,,YAHOO-CONTINUOUS-ZT,102.56640625,price_points,2022-10-12T21:00:00Z,2022-10-12T21:01:00Z,YAHOO,proxy,continuous futures proxy
2022-10-13,,ERIS-YIT,93.29550000000002,price_points,2022-10-13T21:00:00Z,2022-10-13T21:01:00Z,ERIS,exact,
2022-10-13,,ERIS-YIW,86.55460000000001,price_points,2022-10-13T21:00:00Z,2022-10-13T21:01:00Z,ERIS,exact,
2022-10-13,,YAHOO-CONTINUOUS-ZF,106.6953125,price_points,2022-10-13T21:00:00Z,2022-10-13T21:01:00Z,YAHOO,proxy,continuous futures proxy
2022-10-13,,YAHOO-CONTINUOUS-ZT,102.23828125,price_points,2022-10-13T21:00:00Z,2022-10-13T21:01:00Z,YAHOO,proxy,continuous futures proxy
2022-10-14,,ERIS-YIT,93.17210000000001,price_points,2022-10-14T21:00:00Z,2022-10-14T21:01:00Z,ERIS,exact,
2022-10-14,,ERIS-YIW,86.30690000000001,price_points,2022-10-14T21:00:00Z,2022-10-14T21:01:00Z,ERIS,exact,
2022-10-14,,YAHOO-CONTINUOUS-ZF,106.40625,price_points,2022-10-14T21:00:00Z,2022-10-14T21:01:00Z,YAHOO,proxy,continuous futures proxy
2022-10-14,,YAHOO-CONTINUOUS-ZT,102.15234375,price_points,2022-10-14T21:00:00Z,2022-10-14T21:01:00Z,YAHOO,proxy,continuous futures proxy
2022-10-17,,ERIS-YIT,93.24640000000001,price_points,2022-10-17T21:00:00Z,2022-10-17T21:01:00Z,ERIS,exact,
2022-10-17,,ERIS-YIW,86.43400000000001,price_points,2022-10-17T21:00:00Z,2022-10-17T21:01:00Z,ERIS,exact,
2022-10-17,,YAHOO-CONTINUOUS-ZF,106.5625,price_points,2022-10-17T21:00:00Z,2022-10-17T21:01:00Z,YAHOO,proxy,continuous futures proxy
2022-10-17,,YAHOO-CONTINUOUS-ZT,102.2734375,price_points,2022-10-17T21:00:00Z,2022-10-17T21:01:00Z,YAHOO,proxy,continuous futures proxy
2022-10-18,,ERIS-YIT,93.29330000000002,price_points,2022-10-18T21:00:00Z,2022-10-18T21:01:00Z,ERIS,exact,
2022-10-18,,ERIS-YIW,86.5276,price_points,2022-10-18T21:00:00Z,2022-10-18T21:01:00Z,ERIS,exact,
2022-10-18,,YAHOO-CONTINUOUS-ZF,106.671875,price_points,2022-10-18T21:00:00Z,2022-10-18T21:01:00Z,YAHOO,proxy,continuous futures proxy
2022-10-18,,YAHOO-CONTINUOUS-ZT,102.296875,price_points,2022-10-18T21:00:00Z,2022-10-18T21:01:00Z,YAHOO,proxy,continuous futures proxy
2022-10-19,,ERIS-YIT,93.11350000000002,price_points,2022-10-19T21:00:00Z,2022-10-19T21:01:00Z,ERIS,exact,
2022-10-19,,ERIS-YIW,85.9535,price_points,2022-10-19T21:00:00Z,2022-10-19T21:01:00Z,ERIS,exact,
2022-10-19,,YAHOO-CONTINUOUS-ZF,106.078125,price_points,2022-10-19T21:00:00Z,2022-10-19T21:01:00Z,YAHOO,proxy,continuous futures proxy
2022-10-19,,YAHOO-CONTINUOUS-ZT,102.05859375,price_points,2022-10-19T21:00:00Z,2022-10-19T21:01:00Z,YAHOO,proxy,continuous futures proxy
2022-10-20,,ERIS-YIT,92.97060000000002,price_points,2022-10-20T21:00:00Z,2022-10-20T21:01:00Z,ERIS,exact,
2022-10-20,,ERIS-YIW,85.9535,price_points,2022-10-20T21:00:00Z,2022-10-20T21:01:00Z,ERIS,exact,
2022-10-20,,YAHOO-CONTINUOUS-ZF,105.6640625,price_points,2022-10-20T21:00:00Z,2022-10-20T21:01:00Z,YAHOO,proxy,continuous futures proxy
2022-10-20,,YAHOO-CONTINUOUS-ZT,101.92578125,price_points,2022-10-20T21:00:00Z,2022-10-20T21:01:00Z,YAHOO,proxy,continuous futures proxy
2022-10-21,,ERIS-YIT,93.20640000000002,price_points,2022-10-21T21:00:00Z,2022-10-21T21:01:00Z,ERIS,exact,
2022-10-21,,ERIS-YIW,86.4035,price_points,2022-10-21T21:00:00Z,2022-10-21T21:01:00Z,ERIS,exact,
2022-10-21,,YAHOO-CONTINUOUS-ZF,106.1484375,price_points,2022-10-21T21:00:00Z,2022-10-21T21:01:00Z,YAHOO,proxy,continuous futures proxy
2022-10-21,,YAHOO-CONTINUOUS-ZT,102.19921875,price_points,2022-10-21T21:00:00Z,2022-10-21T21:01:00Z,YAHOO,proxy,continuous futures proxy
2022-10-24,,ERIS-YIT,93.20440000000002,price_points,2022-10-24T21:00:00Z,2022-10-24T21:01:00Z,ERIS,exact,
2022-10-24,,ERIS-YIW,86.35849999999999,price_points,2022-10-24T21:00:00Z,2022-10-24T21:01:00Z,ERIS,exact,
2022-10-24,,YAHOO-CONTINUOUS-ZF,106.1640625,price_points,2022-10-24T21:00:00Z,2022-10-24T21:01:00Z,YAHOO,proxy,continuous futures proxy
2022-10-24,,YAHOO-CONTINUOUS-ZT,102.203125,price_points,2022-10-24T21:00:00Z,2022-10-24T21:01:00Z,YAHOO,proxy,continuous futures proxy
2022-10-25,,ERIS-YIT,93.25470000000001,price_points,2022-10-25T21:00:00Z,2022-10-25T21:01:00Z,ERIS,exact,
2022-10-25,,ERIS-YIW,86.7435,price_points,2022-10-25T21:00:00Z,2022-10-25T21:01:00Z,ERIS,exact,
2022-10-25,,YAHOO-CONTINUOUS-ZF,106.578125,price_points,2022-10-25T21:00:00Z,2022-10-25T21:01:00Z,YAHOO,proxy,continuous futures proxy
2022-10-25,,YAHOO-CONTINUOUS-ZT,102.28125,price_points,2022-10-25T21:00:00Z,2022-10-25T21:01:00Z,YAHOO,proxy,continuous futures proxy
2022-10-26,,ERIS-YIT,93.37470000000002,price_points,2022-10-26T21:00:00Z,2022-10-26T21:01:00Z,ERIS,exact,
2022-10-26,,ERIS-YIW,87.09349999999999,price_points,2022-10-26T21:00:00Z,2022-10-26T21:01:00Z,ERIS,exact,
2022-10-26,,YAHOO-CONTINUOUS-ZF,106.8671875,price_points,2022-10-26T21:00:00Z,2022-10-26T21:01:00Z,YAHOO,proxy,continuous futures proxy
2022-10-26,,YAHOO-CONTINUOUS-ZT,102.38671875,price_points,2022-10-26T21:00:00Z,2022-10-26T21:01:00Z,YAHOO,proxy,continuous futures proxy
2022-10-27,,ERIS-YIT,93.53550000000001,price_points,2022-10-27T21:00:00Z,2022-10-27T21:01:00Z,ERIS,exact,
2022-10-27,,ERIS-YIW,87.49849999999999,price_points,2022-10-27T21:00:00Z,2022-10-27T21:01:00Z,ERIS,exact,
2022-10-27,,YAHOO-CONTINUOUS-ZF,107.34375,price_points,2022-10-27T21:00:00Z,2022-10-27T21:01:00Z,YAHOO,proxy,continuous futures proxy
2022-10-27,,YAHOO-CONTINUOUS-ZT,102.55078125,price_points,2022-10-27T21:00:00Z,2022-10-27T21:01:00Z,YAHOO,proxy,continuous futures proxy
2022-10-28,,ERIS-YIT,93.34280000000001,price_points,2022-10-28T21:00:00Z,2022-10-28T21:01:00Z,ERIS,exact,
2022-10-28,,ERIS-YIW,86.9785,price_points,2022-10-28T21:00:00Z,2022-10-28T21:01:00Z,ERIS,exact,
2022-10-28,,YAHOO-CONTINUOUS-ZF,106.875,price_points,2022-10-28T21:00:00Z,2022-10-28T21:01:00Z,YAHOO,proxy,continuous futures proxy
2022-10-28,,YAHOO-CONTINUOUS-ZT,102.33984375,price_points,2022-10-28T21:00:00Z,2022-10-28T21:01:00Z,YAHOO,proxy,continuous futures proxy
2022-10-31,,ERIS-YIT,93.21680000000002,price_points,2022-10-31T21:00:00Z,2022-10-31T21:01:00Z,ERIS,exact,
2022-10-31,,ERIS-YIW,86.7385,price_points,2022-10-31T21:00:00Z,2022-10-31T21:01:00Z,ERIS,exact,
2022-10-31,,YAHOO-CONTINUOUS-ZF,106.59375,price_points,2022-10-31T21:00:00Z,2022-10-31T21:01:00Z,YAHOO,proxy,continuous futures proxy
2022-10-31,,YAHOO-CONTINUOUS-ZT,102.19140625,price_points,2022-10-31T21:00:00Z,2022-10-31T21:01:00Z,YAHOO,proxy,continuous futures proxy
2022-11-01,,ERIS-YIT,93.13810000000001,price_points,2022-11-01T21:00:00Z,2022-11-01T21:01:00Z,ERIS,exact,
2022-11-01,,ERIS-YIW,86.6385,price_points,2022-11-01T21:00:00Z,2022-11-01T21:01:00Z,ERIS,exact,
2022-11-01,,YAHOO-CONTINUOUS-ZF,106.53125,price_points,2022-11-01T21:00:00Z,2022-11-01T21:01:00Z,YAHOO,proxy,continuous futures proxy
2022-11-01,,YAHOO-CONTINUOUS-ZT,102.09765625,price_points,2022-11-01T21:00:00Z,2022-11-01T21:01:00Z,YAHOO,proxy,continuous futures proxy
2022-11-02,,ERIS-YIT,93.05530000000002,price_points,2022-11-02T21:00:00Z,2022-11-02T21:01:00Z,ERIS,exact,
2022-11-02,,ERIS-YIW,86.5685,price_points,2022-11-02T21:00:00Z,2022-11-02T21:01:00Z,ERIS,exact,
2022-11-02,,YAHOO-CONTINUOUS-ZF,106.5546875,price_points,2022-11-02T21:00:00Z,2022-11-02T21:01:00Z,YAHOO,proxy,continuous futures proxy
2022-11-02,,YAHOO-CONTINUOUS-ZT,102.0390625,price_points,2022-11-02T21:00:00Z,2022-11-02T21:01:00Z,YAHOO,proxy,continuous futures proxy
2022-11-03,,ERIS-YIT,92.86450000000002,price_points,2022-11-03T21:00:00Z,2022-11-03T21:01:00Z,ERIS,exact,
2022-11-03,,ERIS-YIW,86.1885,price_points,2022-11-03T21:00:00Z,2022-11-03T21:01:00Z,ERIS,exact,
2022-11-03,,YAHOO-CONTINUOUS-ZF,106.0703125,price_points,2022-11-03T21:00:00Z,2022-11-03T21:01:00Z,YAHOO,proxy,continuous futures proxy
2022-11-03,,YAHOO-CONTINUOUS-ZT,101.7734375,price_points,2022-11-03T21:00:00Z,2022-11-03T21:01:00Z,YAHOO,proxy,continuous futures proxy
2022-11-04,,ERIS-YIT,92.95350000000002,price_points,2022-11-04T21:00:00Z,2022-11-04T21:01:00Z,ERIS,exact,
2022-11-04,,ERIS-YIW,86.2835,price_points,2022-11-04T21:00:00Z,2022-11-04T21:01:00Z,ERIS,exact,
2022-11-04,,YAHOO-CONTINUOUS-ZF,106.203125,price_points,2022-11-04T21:00:00Z,2022-11-04T21:01:00Z,YAHOO,proxy,continuous futures proxy
2022-11-04,,YAHOO-CONTINUOUS-ZT,101.8671875,price_points,2022-11-04T21:00:00Z,2022-11-04T21:01:00Z,YAHOO,proxy,continuous futures proxy
2022-11-07,,ERIS-YIT,92.86250000000001,price_points,2022-11-07T21:00:00Z,2022-11-07T21:01:00Z,ERIS,exact,
2022-11-07,,ERIS-YIW,86.12349999999999,price_points,2022-11-07T21:00:00Z,2022-11-07T21:01:00Z,ERIS,exact,
2022-11-07,,YAHOO-CONTINUOUS-ZF,105.90625,price_points,2022-11-07T21:00:00Z,2022-11-07T21:01:00Z,YAHOO,proxy,continuous futures proxy
2022-11-07,,YAHOO-CONTINUOUS-ZT,101.7109375,price_points,2022-11-07T21:00:00Z,2022-11-07T21:01:00Z,YAHOO,proxy,continuous futures proxy
2022-11-08,,ERIS-YIT,92.96510000000002,price_points,2022-11-08T21:00:00Z,2022-11-08T21:01:00Z,ERIS,exact,
2022-11-08,,ERIS-YIW,86.4785,price_points,2022-11-08T21:00:00Z,2022-11-08T21:01:00Z,ERIS,exact,
2022-11-08,,YAHOO-CONTINUOUS-ZF,106.2734375,price_points,2022-11-08T21:00:00Z,2022-11-08T21:01:00Z,YAHOO,proxy,continuous futures proxy
2022-11-08,,YAHOO-CONTINUOUS-ZT,101.83984375,price_points,2022-11-08T21:00:00Z,2022-11-08T21:01:00Z,YAHOO,proxy,continuous futures proxy
2022-11-09,,ERIS-YIT,93.04130000000002,price_points,2022-11-09T21:00:00Z,2022-11-09T21:01:00Z,ERIS,exact,
2022-11-09,,ERIS-YIW,86.6435,price_points,2022-11-09T21:00:00Z,2022-11-09T21:01:00Z,ERIS,exact,
2022-11-09,,YAHOO-CONTINUOUS-ZF,106.421875,price_points,2022-11-09T21:00:00Z,2022-11-09T21:01:00Z,YAHOO,proxy,continuous futures proxy
2022-11-09,,YAHOO-CONTINUOUS-ZT,101.921875,price_points,2022-11-09T21:00:00Z,2022-11-09T21:01:00Z,YAHOO,proxy,continuous futures proxy
2022-11-10,,ERIS-YIT,93.50070000000001,price_points,2022-11-10T21:00:00Z,2022-11-10T21:01:00Z,ERIS,exact,
2022-11-10,,ERIS-YIW,88.0885,price_points,2022-11-10T21:00:00Z,2022-11-10T21:01:00Z,ERIS,exact,
2022-11-10,,YAHOO-CONTINUOUS-ZF,107.9140625,price_points,2022-11-10T21:00:00Z,2022-11-10T21:01:00Z,YAHOO,proxy,continuous futures proxy
2022-11-10,,YAHOO-CONTINUOUS-ZT,102.484375,price_points,2022-11-10T21:00:00Z,2022-11-10T21:01:00Z,YAHOO,proxy,continuous futures proxy
2022-11-11,,ERIS-YIT,93.51680000000002,price_points,2022-11-11T21:00:00Z,2022-11-11T21:01:00Z,ERIS,exact,
2022-11-11,,ERIS-YIW,88.0885,price_points,2022-11-11T21:00:00Z,2022-11-11T21:01:00Z,ERIS,exact,
2022-11-11,,YAHOO-CONTINUOUS-ZF,107.8125,price_points,2022-11-11T21:00:00Z,2022-11-11T21:01:00Z,YAHOO,proxy,continuous futures proxy
2022-11-11,,YAHOO-CONTINUOUS-ZT,102.4296875,price_points,2022-11-11T21:00:00Z,2022-11-11T21:01:00Z,YAHOO,proxy,continuous futures proxy
2022-11-14,,ERIS-YIT,93.40980000000002,price_points,2022-11-14T21:00:00Z,2022-11-14T21:01:00Z,ERIS,exact,
2022-11-14,,ERIS-YIW,87.9535,price_points,2022-11-14T21:00:00Z,2022-11-14T21:01:00Z,ERIS,exact,
2022-11-14,,YAHOO-CONTINUOUS-ZF,107.6875,price_points,2022-11-14T21:00:00Z,2022-11-14T21:01:00Z,YAHOO,proxy,continuous futures proxy
2022-11-14,,YAHOO-CONTINUOUS-ZT,102.34765625,price_points,2022-11-14T21:00:00Z,2022-11-14T21:01:00Z,YAHOO,proxy,continuous futures proxy
2022-11-15,,ERIS-YIT,93.51740000000001,price_points,2022-11-15T21:00:00Z,2022-11-15T21:01:00Z,ERIS,exact,
2022-11-15,,ERIS-YIW,88.34349999999999,price_points,2022-11-15T21:00:00Z,2022-11-15T21:01:00Z,ERIS,exact,
2022-11-15,,YAHOO-CONTINUOUS-ZF,108.015625,price_points,2022-11-15T21:00:00Z,2022-11-15T21:01:00Z,YAHOO,proxy,continuous futures proxy
2022-11-15,,YAHOO-CONTINUOUS-ZT,102.42578125,price_points,2022-11-15T21:00:00Z,2022-11-15T21:01:00Z,YAHOO,proxy,continuous futures proxy
2022-11-16,,ERIS-YIT,93.51740000000001,price_points,2022-11-16T21:00:00Z,2022-11-16T21:01:00Z,ERIS,exact,
2022-11-16,,ERIS-YIW,88.6535,price_points,2022-11-16T21:00:00Z,2022-11-16T21:01:00Z,ERIS,exact,
2022-11-16,,YAHOO-CONTINUOUS-ZF,108.2890625,price_points,2022-11-16T21:00:00Z,2022-11-16T21:01:00Z,YAHOO,proxy,continuous futures proxy
2022-11-16,,YAHOO-CONTINUOUS-ZT,102.43359375,price_points,2022-11-16T21:00:00Z,2022-11-16T21:01:00Z,YAHOO,proxy,continuous futures proxy
2022-11-17,,ERIS-YIT,93.31990000000002,price_points,2022-11-17T21:00:00Z,2022-11-17T21:01:00Z,ERIS,exact,
2022-11-17,,ERIS-YIW,88.24849999999999,price_points,2022-11-17T21:00:00Z,2022-11-17T21:01:00Z,ERIS,exact,
2022-11-17,,YAHOO-CONTINUOUS-ZF,107.8828125,price_points,2022-11-17T21:00:00Z,2022-11-17T21:01:00Z,YAHOO,proxy,continuous futures proxy
2022-11-17,,YAHOO-CONTINUOUS-ZT,102.26953125,price_points,2022-11-17T21:00:00Z,2022-11-17T21:01:00Z,YAHOO,proxy,continuous futures proxy
2022-11-18,,ERIS-YIT,93.18240000000002,price_points,2022-11-18T21:00:00Z,2022-11-18T21:01:00Z,ERIS,exact,
2022-11-18,,ERIS-YIW,87.8835,price_points,2022-11-18T21:00:00Z,2022-11-18T21:01:00Z,ERIS,exact,
2022-11-18,,YAHOO-CONTINUOUS-ZF,107.6328125,price_points,2022-11-18T21:00:00Z,2022-11-18T21:01:00Z,YAHOO,proxy,continuous futures proxy
2022-11-18,,YAHOO-CONTINUOUS-ZT,102.16015625,price_points,2022-11-18T21:00:00Z,2022-11-18T21:01:00Z,YAHOO,proxy,continuous futures proxy
2022-11-21,,ERIS-YIT,93.13610000000001,price_points,2022-11-21T21:00:00Z,2022-11-21T21:01:00Z,ERIS,exact,
2022-11-21,,ERIS-YIW,87.8035,price_points,2022-11-21T21:00:00Z,2022-11-21T21:01:00Z,ERIS,exact,
2022-11-21,,YAHOO-CONTINUOUS-ZF,107.5625,price_points,2022-11-21T21:00:00Z,2022-11-21T21:01:00Z,YAHOO,proxy,continuous futures proxy
2022-11-21,,YAHOO-CONTINUOUS-ZT,102.1015625,price_points,2022-11-21T21:00:00Z,2022-11-21T21:01:00Z,YAHOO,proxy,continuous futures proxy
2022-11-22,,ERIS-YIT,93.21360000000001,price_points,2022-11-22T21:00:00Z,2022-11-22T21:01:00Z,ERIS,exact,
2022-11-22,,ERIS-YIW,88.1335,price_points,2022-11-22T21:00:00Z,2022-11-22T21:01:00Z,ERIS,exact,
2022-11-22,,YAHOO-CONTINUOUS-ZF,107.6875,price_points,2022-11-22T21:00:00Z,2022-11-22T21:01:00Z,YAHOO,proxy,continuous futures proxy
2022-11-22,,YAHOO-CONTINUOUS-ZT,102.09375,price_points,2022-11-22T21:00:00Z,2022-11-22T21:01:00Z,YAHOO,proxy,continuous futures proxy
2022-11-23,,ERIS-YIT,93.25740000000002,price_points,2022-11-23T21:00:00Z,2022-11-23T21:01:00Z,ERIS,exact,
2022-11-23,,ERIS-YIW,88.3185,price_points,2022-11-23T21:00:00Z,2022-11-23T21:01:00Z,ERIS,exact,
2022-11-23,,YAHOO-CONTINUOUS-ZF,107.859375,price_points,2022-11-23T21:00:00Z,2022-11-23T21:01:00Z,YAHOO,proxy,continuous futures proxy
2022-11-23,,YAHOO-CONTINUOUS-ZT,102.16015625,price_points,2022-11-23T21:00:00Z,2022-11-23T21:01:00Z,YAHOO,proxy,continuous futures proxy
2022-11-25,,ERIS-YIT,93.25370000000001,price_points,2022-11-25T21:00:00Z,2022-11-25T21:01:00Z,ERIS,exact,
2022-11-25,,ERIS-YIW,88.3335,price_points,2022-11-25T21:00:00Z,2022-11-25T21:01:00Z,ERIS,exact,
2022-11-25,,YAHOO-CONTINUOUS-ZF,107.8671875,price_points,2022-11-25T21:00:00Z,2022-11-25T21:01:00Z,YAHOO,proxy,continuous futures proxy
2022-11-25,,YAHOO-CONTINUOUS-ZT,102.17578125,price_points,2022-11-25T21:00:00Z,2022-11-25T21:01:00Z,YAHOO,proxy,continuous futures proxy
2022-11-28,,ERIS-YIT,93.26110000000001,price_points,2022-11-28T21:00:00Z,2022-11-28T21:01:00Z,ERIS,exact,
2022-11-28,,ERIS-YIW,88.3635,price_points,2022-11-28T21:00:00Z,2022-11-28T21:01:00Z,ERIS,exact,
2022-11-28,,YAHOO-CONTINUOUS-ZF,107.828125,price_points,2022-11-28T21:00:00Z,2022-11-28T21:01:00Z,YAHOO,proxy,continuous futures proxy
2022-11-28,,YAHOO-CONTINUOUS-ZT,102.1796875,price_points,2022-11-28T21:00:00Z,2022-11-28T21:01:00Z,YAHOO,proxy,continuous futures proxy
2022-11-29,,ERIS-YIT,93.25740000000002,price_points,2022-11-29T21:00:00Z,2022-11-29T21:01:00Z,ERIS,exact,
2022-11-29,,ERIS-YIW,88.3135,price_points,2022-11-29T21:00:00Z,2022-11-29T21:01:00Z,ERIS,exact,
2022-11-29,,YAHOO-CONTINUOUS-ZF,107.7734375,price_points,2022-11-29T21:00:00Z,2022-11-29T21:01:00Z,YAHOO,proxy,continuous futures proxy
2022-11-29,,YAHOO-CONTINUOUS-ZT,102.1875,price_points,2022-11-29T21:00:00Z,2022-11-29T21:01:00Z,YAHOO,proxy,continuous futures proxy
2022-11-30,,ERIS-YIT,93.46240000000002,price_points,2022-11-30T21:00:00Z,2022-11-30T21:01:00Z,ERIS,exact,
2022-11-30,,ERIS-YIW,88.7385,price_points,2022-11-30T21:00:00Z,2022-11-30T21:01:00Z,ERIS,exact,
2022-11-30,,YAHOO-CONTINUOUS-ZF,108.2265625,price_points,2022-11-30T21:00:00Z,2022-11-30T21:01:00Z,YAHOO,proxy,continuous futures proxy
2022-11-30,,YAHOO-CONTINUOUS-ZT,102.37109375,price_points,2022-11-30T21:00:00Z,2022-11-30T21:01:00Z,YAHOO,proxy,continuous futures proxy
2022-12-01,,ERIS-YIT,93.65240000000001,price_points,2022-12-01T21:00:00Z,2022-12-01T21:01:00Z,ERIS,exact,
2022-12-01,,ERIS-YIW,89.3635,price_points,2022-12-01T21:00:00Z,2022-12-01T21:01:00Z,ERIS,exact,
2022-12-01,,YAHOO-CONTINUOUS-ZF,108.8828125,price_points,2022-12-01T21:00:00Z,2022-12-01T21:01:00Z,YAHOO,proxy,continuous futures proxy
2022-12-01,,YAHOO-CONTINUOUS-ZT,102.62890625,price_points,2022-12-01T21:00:00Z,2022-12-01T21:01:00Z,YAHOO,proxy,continuous futures proxy
2022-12-02,,ERIS-YIT,93.62360000000001,price_points,2022-12-02T21:00:00Z,2022-12-02T21:01:00Z,ERIS,exact,
2022-12-02,,ERIS-YIW,89.4935,price_points,2022-12-02T21:00:00Z,2022-12-02T21:01:00Z,ERIS,exact,
2022-12-02,,YAHOO-CONTINUOUS-ZF,108.953125,price_points,2022-12-02T21:00:00Z,2022-12-02T21:01:00Z,YAHOO,proxy,continuous futures proxy
2022-12-02,,YAHOO-CONTINUOUS-ZT,102.59765625,price_points,2022-12-02T21:00:00Z,2022-12-02T21:01:00Z,YAHOO,proxy,continuous futures proxy
2022-12-05,,ERIS-YIT,93.39360000000002,price_points,2022-12-05T21:00:00Z,2022-12-05T21:01:00Z,ERIS,exact,
2022-12-05,,ERIS-YIW,88.9385,price_points,2022-12-05T21:00:00Z,2022-12-05T21:01:00Z,ERIS,exact,
2022-12-05,,YAHOO-CONTINUOUS-ZF,108.3984375,price_points,2022-12-05T21:00:00Z,2022-12-05T21:01:00Z,YAHOO,proxy,continuous futures proxy
2022-12-05,,YAHOO-CONTINUOUS-ZT,102.4140625,price_points,2022-12-05T21:00:00Z,2022-12-05T21:01:00Z,YAHOO,proxy,continuous futures proxy
2022-12-06,,ERIS-YIT,93.46110000000002,price_points,2022-12-06T21:00:00Z,2022-12-06T21:01:00Z,ERIS,exact,
2022-12-06,,ERIS-YIW,89.1935,price_points,2022-12-06T21:00:00Z,2022-12-06T21:01:00Z,ERIS,exact,
2022-12-06,,YAHOO-CONTINUOUS-ZF,108.640625,price_points,2022-12-06T21:00:00Z,2022-12-06T21:01:00Z,YAHOO,proxy,continuous futures proxy
2022-12-06,,YAHOO-CONTINUOUS-ZT,102.47265625,price_points,2022-12-06T21:00:00Z,2022-12-06T21:01:00Z,YAHOO,proxy,continuous futures proxy
2022-12-07,,ERIS-YIT,93.63110000000002,price_points,2022-12-07T21:00:00Z,2022-12-07T21:01:00Z,ERIS,exact,
2022-12-07,,ERIS-YIW,89.6485,price_points,2022-12-07T21:00:00Z,2022-12-07T21:01:00Z,ERIS,exact,
2022-12-07,,YAHOO-CONTINUOUS-ZF,109.1953125,price_points,2022-12-07T21:00:00Z,2022-12-07T21:01:00Z,YAHOO,proxy,continuous futures proxy
2022-12-07,,YAHOO-CONTINUOUS-ZT,102.68359375,price_points,2022-12-07T21:00:00Z,2022-12-07T21:01:00Z,YAHOO,proxy,continuous futures proxy
2022-12-08,,ERIS-YIT,93.52120000000002,price_points,2022-12-08T21:00:00Z,2022-12-08T21:01:00Z,ERIS,exact,
2022-12-08,,ERIS-YIW,89.2285,price_points,2022-12-08T21:00:00Z,2022-12-08T21:01:00Z,ERIS,exact,
2022-12-08,,YAHOO-CONTINUOUS-ZF,108.78125,price_points,2022-12-08T21:00:00Z,2022-12-08T21:01:00Z,YAHOO,proxy,continuous futures proxy
2022-12-08,,YAHOO-CONTINUOUS-ZT,102.58984375,price_points,2022-12-08T21:00:00Z,2022-12-08T21:01:00Z,YAHOO,proxy,continuous futures proxy
2022-12-09,,ERIS-YIT,93.48620000000001,price_points,2022-12-09T21:00:00Z,2022-12-09T21:01:00Z,ERIS,exact,
2022-12-09,,ERIS-YIW,88.98349999999999,price_points,2022-12-09T21:00:00Z,2022-12-09T21:01:00Z,ERIS,exact,
2022-12-09,,YAHOO-CONTINUOUS-ZF,108.6015625,price_points,2022-12-09T21:00:00Z,2022-12-09T21:01:00Z,YAHOO,proxy,continuous futures proxy
2022-12-09,,YAHOO-CONTINUOUS-ZT,102.57421875,price_points,2022-12-09T21:00:00Z,2022-12-09T21:01:00Z,YAHOO,proxy,continuous futures proxy
2022-12-12,,ERIS-YIT,93.38990000000001,price_points,2022-12-12T21:00:00Z,2022-12-12T21:01:00Z,ERIS,exact,
2022-12-12,,ERIS-YIW,88.7535,price_points,2022-12-12T21:00:00Z,2022-12-12T21:01:00Z,ERIS,exact,
2022-12-12,,YAHOO-CONTINUOUS-ZF,108.4453125,price_points,2022-12-12T21:00:00Z,2022-12-12T21:01:00Z,YAHOO,proxy,continuous futures proxy
2022-12-12,,YAHOO-CONTINUOUS-ZT,102.47265625,price_points,2022-12-12T21:00:00Z,2022-12-12T21:01:00Z,YAHOO,proxy,continuous futures proxy
2022-12-13,,ERIS-YIT,93.70610000000002,price_points,2022-12-13T21:00:00Z,2022-12-13T21:01:00Z,ERIS,exact,
2022-12-13,,ERIS-YIW,89.3635,price_points,2022-12-13T21:00:00Z,2022-12-13T21:01:00Z,ERIS,exact,
2022-12-13,,YAHOO-CONTINUOUS-ZF,109.1484375,price_points,2022-12-13T21:00:00Z,2022-12-13T21:01:00Z,YAHOO,proxy,continuous futures proxy
2022-12-13,,YAHOO-CONTINUOUS-ZT,102.80078125,price_points,2022-12-13T21:00:00Z,2022-12-13T21:01:00Z,YAHOO,proxy,continuous futures proxy
2022-12-14,,ERIS-YIT,93.69610000000002,price_points,2022-12-14T21:00:00Z,2022-12-14T21:01:00Z,ERIS,exact,
2022-12-14,,ERIS-YIW,89.3635,price_points,2022-12-14T21:00:00Z,2022-12-14T21:01:00Z,ERIS,exact,
2022-12-14,,YAHOO-CONTINUOUS-ZF,109.1484375,price_points,2022-12-14T21:00:00Z,2022-12-14T21:01:00Z,YAHOO,proxy,continuous futures proxy
2022-12-14,,YAHOO-CONTINUOUS-ZT,102.81640625,price_points,2022-12-14T21:00:00Z,2022-12-14T21:01:00Z,YAHOO,proxy,continuous futures proxy
2022-12-15,,ERIS-YIT,93.66740000000001,price_points,2022-12-15T21:00:00Z,2022-12-15T21:01:00Z,ERIS,exact,
2022-12-15,,ERIS-YIW,89.4635,price_points,2022-12-15T21:00:00Z,2022-12-15T21:01:00Z,ERIS,exact,
2022-12-15,,YAHOO-CONTINUOUS-ZF,109.234375,price_points,2022-12-15T21:00:00Z,2022-12-15T21:01:00Z,YAHOO,proxy,continuous futures proxy
2022-12-15,,YAHOO-CONTINUOUS-ZT,102.8046875,price_points,2022-12-15T21:00:00Z,2022-12-15T21:01:00Z,YAHOO,proxy,continuous futures proxy
2022-12-16,,ERIS-YIT,93.76360000000001,price_points,2022-12-16T21:00:00Z,2022-12-16T21:01:00Z,ERIS,exact,
2022-12-16,,ERIS-YIW,89.4935,price_points,2022-12-16T21:00:00Z,2022-12-16T21:01:00Z,ERIS,exact,
2022-12-16,,YAHOO-CONTINUOUS-ZF,109.3359375,price_points,2022-12-16T21:00:00Z,2022-12-16T21:01:00Z,YAHOO,proxy,continuous futures proxy
2022-12-16,,YAHOO-CONTINUOUS-ZT,102.90234375,price_points,2022-12-16T21:00:00Z,2022-12-16T21:01:00Z,YAHOO,proxy,continuous futures proxy
2022-12-19,,ERIS-YIT,93.64320000000002,price_points,2022-12-19T21:00:00Z,2022-12-19T21:01:00Z,ERIS,exact,
2022-12-19,,ERIS-YIW,89.1277,price_points,2022-12-19T21:00:00Z,2022-12-19T21:01:00Z,ERIS,exact,
2022-12-19,,YAHOO-CONTINUOUS-ZF,108.8359375,price_points,2022-12-19T21:00:00Z,2022-12-19T21:01:00Z,YAHOO,proxy,continuous futures proxy
2022-12-19,,YAHOO-CONTINUOUS-ZT,102.7734375,price_points,2022-12-19T21:00:00Z,2022-12-19T21:01:00Z,YAHOO,proxy,continuous futures proxy
2022-12-20,,ERIS-YIT,93.60620000000002,price_points,2022-12-20T21:00:00Z,2022-12-20T21:01:00Z,ERIS,exact,
2022-12-20,,ERIS-YIW,88.8327,price_points,2022-12-20T21:00:00Z,2022-12-20T21:01:00Z,ERIS,exact,
2022-12-20,,YAHOO-CONTINUOUS-ZF,108.6640625,price_points,2022-12-20T21:00:00Z,2022-12-20T21:01:00Z,YAHOO,proxy,continuous futures proxy
2022-12-20,,YAHOO-CONTINUOUS-ZT,102.76171875,price_points,2022-12-20T21:00:00Z,2022-12-20T21:01:00Z,YAHOO,proxy,continuous futures proxy
2022-12-21,,ERIS-YIT,93.66260000000001,price_points,2022-12-21T21:00:00Z,2022-12-21T21:01:00Z,ERIS,exact,
2022-12-21,,ERIS-YIW,88.8123,price_points,2022-12-21T21:00:00Z,2022-12-21T21:01:00Z,ERIS,exact,
2022-12-21,,YAHOO-CONTINUOUS-ZF,108.71875,price_points,2022-12-21T21:00:00Z,2022-12-21T21:01:00Z,YAHOO,proxy,continuous futures proxy
2022-12-21,,YAHOO-CONTINUOUS-ZT,102.8671875,price_points,2022-12-21T21:00:00Z,2022-12-21T21:01:00Z,YAHOO,proxy,continuous futures proxy
2022-12-22,,ERIS-YIT,93.58610000000002,price_points,2022-12-22T21:00:00Z,2022-12-22T21:01:00Z,ERIS,exact,
2022-12-22,,ERIS-YIW,88.7299,price_points,2022-12-22T21:00:00Z,2022-12-22T21:01:00Z,ERIS,exact,
2022-12-22,,YAHOO-CONTINUOUS-ZF,108.6953125,price_points,2022-12-22T21:00:00Z,2022-12-22T21:01:00Z,YAHOO,proxy,continuous futures proxy
2022-12-22,,YAHOO-CONTINUOUS-ZT,102.78125,price_points,2022-12-22T21:00:00Z,2022-12-22T21:01:00Z,YAHOO,proxy,continuous futures proxy
2022-12-23,,ERIS-YIT,93.48450000000001,price_points,2022-12-23T21:00:00Z,2022-12-23T21:01:00Z,ERIS,exact,
2022-12-23,,ERIS-YIW,88.4539,price_points,2022-12-23T21:00:00Z,2022-12-23T21:01:00Z,ERIS,exact,
2022-12-23,,YAHOO-CONTINUOUS-ZF,108.375,price_points,2022-12-23T21:00:00Z,2022-12-23T21:01:00Z,YAHOO,proxy,continuous futures proxy
2022-12-23,,YAHOO-CONTINUOUS-ZT,102.6953125,price_points,2022-12-23T21:00:00Z,2022-12-23T21:01:00Z,YAHOO,proxy,continuous futures proxy
2022-12-27,,ERIS-YIT,93.33210000000001,price_points,2022-12-27T21:00:00Z,2022-12-27T21:01:00Z,ERIS,exact,
2022-12-27,,ERIS-YIW,88.0783,price_points,2022-12-27T21:00:00Z,2022-12-27T21:01:00Z,ERIS,exact,
2022-12-27,,YAHOO-CONTINUOUS-ZF,107.96875,price_points,2022-12-27T21:00:00Z,2022-12-27T21:01:00Z,YAHOO,proxy,continuous futures proxy
2022-12-27,,YAHOO-CONTINUOUS-ZT,102.5078125,price_points,2022-12-27T21:00:00Z,2022-12-27T21:01:00Z,YAHOO,proxy,continuous futures proxy
2022-12-28,,ERIS-YIT,93.35250000000002,price_points,2022-12-28T21:00:00Z,2022-12-28T21:01:00Z,ERIS,exact,
2022-12-28,,ERIS-YIW,87.9656,price_points,2022-12-28T21:00:00Z,2022-12-28T21:01:00Z,ERIS,exact,
2022-12-28,,YAHOO-CONTINUOUS-ZF,108.0703125,price_points,2022-12-28T21:00:00Z,2022-12-28T21:01:00Z,YAHOO,proxy,continuous futures proxy
2022-12-28,,YAHOO-CONTINUOUS-ZT,102.53515625,price_points,2022-12-28T21:00:00Z,2022-12-28T21:01:00Z,YAHOO,proxy,continuous futures proxy
2022-12-29,,ERIS-YIT,93.34920000000001,price_points,2022-12-29T21:00:00Z,2022-12-29T21:01:00Z,ERIS,exact,
2022-12-29,,ERIS-YIW,88.0259,price_points,2022-12-29T21:00:00Z,2022-12-29T21:01:00Z,ERIS,exact,
2022-12-29,,YAHOO-CONTINUOUS-ZF,108.140625,price_points,2022-12-29T21:00:00Z,2022-12-29T21:01:00Z,YAHOO,proxy,continuous futures proxy
2022-12-29,,YAHOO-CONTINUOUS-ZT,102.5859375,price_points,2022-12-29T21:00:00Z,2022-12-29T21:01:00Z,YAHOO,proxy,continuous futures proxy
2022-12-30,,ERIS-YIT,93.31170000000002,price_points,2022-12-30T21:00:00Z,2022-12-30T21:01:00Z,ERIS,exact,
2022-12-30,,ERIS-YIW,88.0887,price_points,2022-12-30T21:00:00Z,2022-12-30T21:01:00Z,ERIS,exact,
2022-12-30,,YAHOO-CONTINUOUS-ZF,108.046875,price_points,2022-12-30T21:00:00Z,2022-12-30T21:01:00Z,YAHOO,proxy,continuous futures proxy
2022-12-30,,YAHOO-CONTINUOUS-ZT,102.5,price_points,2022-12-30T21:00:00Z,2022-12-30T21:01:00Z,YAHOO,proxy,continuous futures proxy
