observation_date,series_id,instrument_id,value,value_unit,source_observation_time_utc,available_at_utc,source,classification,proxy_label
2025-01-02,,ERIS-YIT,90.89250000000004,price_points,2025-01-02T21:00:00Z,2025-01-02T21:01:00Z,ERIS,exact,
2025-01-02,,ERIS-YIW,83.9545,price_points,2025-01-02T21:00:00Z,2025-01-02T21:01:00Z,ERIS,exact,
2025-01-02,,YAHOO-CONTINUOUS-ZF,106.34375,price_points,2025-01-02T21:00:00Z,2025-01-02T21:01:00Z,YAHOO,proxy,continuous futures proxy
2025-01-02,,YAHOO-CONTINUOUS-ZT,102.8046875,price_points,2025-01-02T21:00:00Z,2025-01-02T21:01:00Z,YAHOO,proxy,continuous futures proxy
2025-01-03,,ERIS-YIT,90.82500000000003,price_points,2025-01-03T21:00:00Z,2025-01-03T21:01:00Z,ERIS,exact,
2025-01-03,,ERIS-YIW,83.8265,price_points,2025-01-03T21:00:00Z,2025-01-03T21:01:00Z,ERIS,exact,
2025-01-03,,YAHOO-CONTINUOUS-ZF,106.21875,price_points,2025-01-03T21:00:00Z,2025-01-03T21:01:00Z,YAHOO,proxy,continuous futures proxy
2025-01-03,,YAHOO-CONTINUOUS-ZT,102.74609375,price_points,2025-01-03T21:00:00Z,2025-01-03T21:01:00Z,YAHOO,proxy,continuous futures proxy
2025-01-06,,ERIS-YIT,90.81000000000003,price_points,2025-01-06T21:00:00Z,2025-01-06T21:01:00Z,ERIS,exact,
2025-01-06,,ERIS-YIW,83.69349999999999,price_points,2025-01-06T21:00:00Z,2025-01-06T21:01:00Z,ERIS,exact,
2025-01-06,,YAHOO-CONTINUOUS-ZF,106.171875,price_points,2025-01-06T21:00:00Z,2025-01-06T21:01:00Z,YAHOO,proxy,continuous futures proxy
2025-01-06,,YAHOO-CONTINUOUS-ZT,102.76171875,price_points,2025-01-06T21:00:00Z,2025-01-06T21:01:00Z,YAHOO,proxy,continuous futures proxy
2025-01-07,,ERIS-YIT,90.75500000000004,price_points,2025-01-07T21:00:00Z,2025-01-07T21:01:00Z,ERIS,exact,
2025-01-07,,ERIS-YIW,83.4664,price_points,2025-01-07T21:00:00Z,2025-01-07T21:01:00Z,ERIS,exact,
2025-01-07,,YAHOO-CONTINUOUS-ZF,106,price_points,2025-01-07T21:00:00Z,2025-01-07T21:01:00Z,YAHOO,proxy,continuous futures proxy
2025-01-07,,YAHOO-CONTINUOUS-ZT,102.71484375,price_points,2025-01-07T21:00:00Z,2025-01-07T21:01:00Z,YAHOO,proxy,continuous futures proxy
2025-01-08,,ERIS-YIT,90.77750000000003,price_points,2025-01-08T21:00:00Z,2025-01-08T21:01:00Z,ERIS,exact,
2025-01-08,,ERIS-YIW,83.4729,price_points,2025-01-08T21:00:00Z,2025-01-08T21:01:00Z,ERIS,exact,
2025-01-08,,YAHOO-CONTINUOUS-ZF,106.015625,price_points,2025-01-08T21:00:00Z,2025-01-08T21:01:00Z,YAHOO,proxy,continuous futures proxy
2025-01-08,,YAHOO-CONTINUOUS-ZT,102.73046875,price_points,2025-01-08T21:00:00Z,2025-01-08T21:01:00Z,YAHOO,proxy,continuous futures proxy
2025-01-09,,ERIS-YIT,90.84000000000003,price_points,2025-01-09T21:00:00Z,2025-01-09T21:01:00Z,ERIS,exact,
2025-01-09,,ERIS-YIW,83.58399999999999,price_points,2025-01-09T21:00:00Z,2025-01-09T21:01:00Z,ERIS,exact,
2025-01-09,,YAHOO-CONTINUOUS-ZF,106.078125,price_points,2025-01-09T21:00:00Z,2025-01-09T21:01:00Z,YAHOO,proxy,continuous futures proxy
2025-01-09,,YAHOO-CONTINUOUS-ZT,102.78125,price_points,2025-01-09T21:00:00Z,2025-01-09T21:01:00Z,YAHOO,proxy,continuous futures proxy
2025-01-10,,ERIS-YIT,90.55380000000004,price_points,2025-01-10T21:00:00Z,2025-01-10T21:01:00Z,ERIS,exact,
2025-01-10,,ERIS-YIW,82.9721,price_points,2025-01-10T21:00:00Z,2025-01-10T21:01:00Z,ERIS,exact,
2025-01-10,,YAHOO-CONTINUOUS-ZF,105.46875,price_points,2025-01-10T21:00:00Z,2025-01-10T21:01:00Z,YAHOO,proxy,continuous futures proxy
2025-01-10,,YAHOO-CONTINUOUS-ZT,102.51171875,price_points,2025-01-10T21:00:00Z,2025-01-10T21:01:00Z,YAHOO,proxy,continuous futures proxy
2025-01-13,,ERIS-YIT,90.52250000000004,price_points,2025-01-13T21:00:00Z,2025-01-13T21:01:00Z,ERIS,exact,
2025-01-13,,ERIS-YIW,82.83919999999999,price_points,2025-01-13T21:00:00Z,2025-01-13T21:01:00Z,ERIS,exact,
2025-01-13,,YAHOO-CONTINUOUS-ZF,105.375,price_points,2025-01-13T21:00:00Z,2025-01-13T21:01:00Z,YAHOO,proxy,continuous futures proxy
2025-01-13,,YAHOO-CONTINUOUS-ZT,102.50390625,price_points,2025-01-13T21:00:00Z,2025-01-13T21:01:00Z,YAHOO,proxy,continuous futures proxy
2025-01-14,,ERIS-YIT,90.58380000000004,price_points,2025-01-14T21:00:00Z,2025-01-14T21:01:00Z,ERIS,exact,
2025-01-14,,ERIS-YIW,82.9301,price_points,2025-01-14T21:00:00Z,2025-01-14T21:01:00Z,ERIS,exact,
2025-01-14,,YAHOO-CONTINUOUS-ZF,105.46875,price_points,2025-01-14T21:00:00Z,2025-01-14T21:01:00Z,YAHOO,proxy,continuous futures proxy
2025-01-14,,YAHOO-CONTINUOUS-ZT,102.56640625,price_points,2025-01-14T21:00:00Z,2025-01-14T21:01:00Z,YAHOO,proxy,continuous futures proxy
2025-01-15,,ERIS-YIT,90.78500000000004,price_points,2025-01-15T21:00:00Z,2025-01-15T21:01:00Z,ERIS,exact,
2025-01-15,,ERIS-YIW,83.51719999999999,price_points,2025-01-15T21:00:00Z,2025-01-15T21:01:00Z,ERIS,exact,
2025-01-15,,YAHOO-CONTINUOUS-ZF,106.078125,price_points,2025-01-15T21:00:00Z,2025-01-15T21:01:00Z,YAHOO,proxy,continuous futures proxy
2025-01-15,,YAHOO-CONTINUOUS-ZT,102.75390625,price_points,2025-01-15T21:00:00Z,2025-01-15T21:01:00Z,YAHOO,proxy,continuous futures proxy
2025-01-16,,ERIS-YIT,90.84500000000004,price_points,2025-01-16T21:00:00Z,2025-01-16T21:01:00Z,ERIS,exact,
2025-01-16,,ERIS-YIW,83.71019999999999,price_points,2025-01-16T21:00:00Z,2025-01-16T21:01:00Z,ERIS,exact,
2025-01-16,,YAHOO-CONTINUOUS-ZF,106.265625,price_points,2025-01-16T21:00:00Z,2025-01-16T21:01:00Z,YAHOO,proxy,continuous futures proxy
2025-01-16,,YAHOO-CONTINUOUS-ZT,102.8046875,price_points,2025-01-16T21:00:00Z,2025-01-16T21:01:00Z,YAHOO,proxy,continuous futures proxy
2025-01-17,,ERIS-YIT,90.78000000000004,price_points,2025-01-17T21:00:00Z,2025-01-17T21:01:00Z,ERIS,exact,
2025-01-17,,ERIS-YIW,83.60759999999999,price_points,2025-01-17T21:00:00Z,2025-01-17T21:01:00Z,ERIS,exact,
2025-01-17,,YAHOO-CONTINUOUS-ZF,106.1640625,price_points,2025-01-17T21:00:00Z,2025-01-17T21:01:00Z,YAHOO,proxy,continuous futures proxy
2025-01-17,,YAHOO-CONTINUOUS-ZT,102.734375,price_points,2025-01-17T21:00:00Z,2025-01-17T21:01:00Z,YAHOO,proxy,continuous futures proxy
2025-01-21,,ERIS-YIT,90.77500000000003,price_points,2025-01-21T21:00:00Z,2025-01-21T21:01:00Z,ERIS,exact,
2025-01-21,,ERIS-YIW,83.68549999999999,price_points,2025-01-21T21:00:00Z,2025-01-21T21:01:00Z,ERIS,exact,
2025-01-21,,YAHOO-CONTINUOUS-ZF,106.2265625,price_points,2025-01-21T21:00:00Z,2025-01-21T21:01:00Z,YAHOO,proxy,continuous futures proxy
2025-01-21,,YAHOO-CONTINUOUS-ZT,102.7265625,price_points,2025-01-21T21:00:00Z,2025-01-21T21:01:00Z,YAHOO,proxy,continuous futures proxy
2025-01-22,,ERIS-YIT,90.76130000000003,price_points,2025-01-22T21:00:00Z,2025-01-22T21:01:00Z,ERIS,exact,
2025-01-22,,ERIS-YIW,83.6006,price_points,2025-01-22T21:00:00Z,2025-01-22T21:01:00Z,ERIS,exact,
2025-01-22,,YAHOO-CONTINUOUS-ZF,106.109375,price_points,2025-01-22T21:00:00Z,2025-01-22T21:01:00Z,YAHOO,proxy,continuous futures proxy
2025-01-22,,YAHOO-CONTINUOUS-ZT,102.69921875,price_points,2025-01-22T21:00:00Z,2025-01-22T21:01:00Z,YAHOO,proxy,continuous futures proxy
2025-01-23,,ERIS-YIT,90.79380000000003,price_points,2025-01-23T21:00:00Z,2025-01-23T21:01:00Z,ERIS,exact,
2025-01-23,,ERIS-YIW,83.5799,price_points,2025-01-23T21:00:00Z,2025-01-23T21:01:00Z,ERIS,exact,
2025-01-23,,YAHOO-CONTINUOUS-ZF,106.0703125,price_points,2025-01-23T21:00:00Z,2025-01-23T21:01:00Z,YAHOO,proxy,continuous futures proxy
2025-01-23,,YAHOO-CONTINUOUS-ZT,102.7265625,price_points,2025-01-23T21:00:00Z,2025-01-23T21:01:00Z,YAHOO,proxy,continuous futures proxy
2025-01-24,,ERIS-YIT,90.81750000000004,price_points,2025-01-24T21:00:00Z,2025-01-24T21:01:00Z,ERIS,exact,
2025-01-24,,ERIS-YIW,83.6111,price_points,2025-01-24T21:00:00Z,2025-01-24T21:01:00Z,ERIS,exact,
2025-01-24,,YAHOO-CONTINUOUS-ZF,106.140625,price_points,2025-01-24T21:00:00Z,2025-01-24T21:01:00Z,YAHOO,proxy,continuous futures proxy
2025-01-24,,YAHOO-CONTINUOUS-ZT,102.75390625,price_points,2025-01-24T21:00:00Z,2025-01-24T21:01:00Z,YAHOO,proxy,continuous futures proxy
2025-01-27,,ERIS-YIT,90.98380000000003,price_points,2025-01-27T21:00:00Z,2025-01-27T21:01:00Z,ERIS,exact,
2025-01-27,,ERIS-YIW,84.0569,price_points,2025-01-27T21:00:00Z,2025-01-27T21:01:00Z,ERIS,exact,
2025-01-27,,YAHOO-CONTINUOUS-ZF,106.5625,price_points,2025-01-27T21:00:00Z,2025-01-27T21:01:00Z,YAHOO,proxy,continuous futures proxy
2025-01-27,,YAHOO-CONTINUOUS-ZT,102.90625,price_points,2025-01-27T21:00:00Z,2025-01-27T21:01:00Z,YAHOO,proxy,continuous futures proxy
2025-01-28,,ERIS-YIT,90.94630000000004,price_points,2025-01-28T21:00:00Z,2025-01-28T21:01:00Z,ERIS,exact,
2025-01-28,,ERIS-YIW,83.9635,price_points,2025-01-28T21:00:00Z,2025-01-28T21:01:00Z,ERIS,exact,
2025-01-28,,YAHOO-CONTINUOUS-ZF,106.5,price_points,2025-01-28T21:00:00Z,2025-01-28T21:01:00Z,YAHOO,proxy,continuous futures proxy
2025-01-28,,YAHOO-CONTINUOUS-ZT,102.88671875,price_points,2025-01-28T21:00:00Z,2025-01-28T21:01:00Z,YAHOO,proxy,continuous futures proxy
2025-01-29,,ERIS-YIT,90.90250000000003,price_points,2025-01-29T21:00:00Z,2025-01-29T21:01:00Z,ERIS,exact,
2025-01-29,,ERIS-YIW,83.8998,price_points,2025-01-29T21:00:00Z,2025-01-29T21:01:00Z,ERIS,exact,
2025-01-29,,YAHOO-CONTINUOUS-ZF,106.4375,price_points,2025-01-29T21:00:00Z,2025-01-29T21:01:00Z,YAHOO,proxy,continuous futures proxy
2025-01-29,,YAHOO-CONTINUOUS-ZT,102.84375,price_points,2025-01-29T21:00:00Z,2025-01-29T21:01:00Z,YAHOO,proxy,continuous futures proxy
2025-01-30,,ERIS-YIT,90.94750000000003,price_points,2025-01-30T21:00:00Z,2025-01-30T21:01:00Z,ERIS,exact,
2025-01-30,,ERIS-YIW,84.0534,price_points,2025-01-30T21:00:00Z,2025-01-30T21:01:00Z,ERIS,exact,
2025-01-30,,YAHOO-CONTINUOUS-ZF,106.6171875,price_points,2025-01-30T21:00:00Z,2025-01-30T21:01:00Z,YAHOO,proxy,continuous futures proxy
2025-01-30,,YAHOO-CONTINUOUS-ZT,102.89453125,price_points,2025-01-30T21:00:00Z,2025-01-30T21:01:00Z,YAHOO,proxy,continuous futures proxy
2025-01-31,,ERIS-YIT,90.86750000000004,price_points,2025-01-31T21:00:00Z,2025-01-31T21:01:00Z,ERIS,exact,
2025-01-31,,ERIS-YIW,83.8136,price_points,2025-01-31T21:00:00Z,2025-01-31T21:01:00Z,ERIS,exact,
2025-01-31,,YAHOO-CONTINUOUS-ZF,106.390625,price_points,2025-01-31T21:00:00Z,2025-01-31T21:01:00Z,YAHOO,proxy,continuous futures proxy
2025-01-31,,YAHOO-CONTINUOUS-ZT,102.8125,price_points,2025-01-31T21:00:00Z,2025-01-31T21:01:00Z,YAHOO,proxy,continuous futures proxy
2025-02-03,,ERIS-YIT,90.82250000000003,price_points,2025-02-03T21:00:00Z,2025-02-03T21:01:00Z,ERIS,exact,
2025-02-03,,ERIS-YIW,83.8399,price_points,2025-02-03T21:00:00Z,2025-02-03T21:01:00Z,ERIS,exact,
2025-02-03,,YAHOO-CONTINUOUS-ZF,106.390625,price_points,2025-02-03T21:00:00Z,2025-02-03T21:01:00Z,YAHOO,proxy,continuous futures proxy
2025-02-03,,YAHOO-CONTINUOUS-ZT,102.7578125,price_points,2025-02-03T21:00:00Z,2025-02-03T21:01:00Z,YAHOO,proxy,continuous futures proxy
2025-02-04,,ERIS-YIT,90.91000000000004,price_points,2025-02-04T21:00:00Z,2025-02-04T21:01:00Z,ERIS,exact,
2025-02-04,,ERIS-YIW,84.02529999999999,price_points,2025-02-04T21:00:00Z,2025-02-04T21:01:00Z,ERIS,exact,
2025-02-04,,YAHOO-CONTINUOUS-ZF,106.5703125,price_points,2025-02-04T21:00:00Z,2025-02-04T21:01:00Z,YAHOO,proxy,continuous futures proxy
2025-02-04,,YAHOO-CONTINUOUS-ZT,102.84765625,price_points,2025-02-04T21:00:00Z,2025-02-04T21:01:00Z,YAHOO,proxy,continuous futures proxy
2025-02-05,,ERIS-YIT,90.98000000000003,price_points,2025-02-05T21:00:00Z,2025-02-05T21:01:00Z,ERIS,exact,
2025-02-05,,ERIS-YIW,84.34309999999999,price_points,2025-02-05T21:00:00Z,2025-02-05T21:01:00Z,ERIS,exact,
2025-02-05,,YAHOO-CONTINUOUS-ZF,106.859375,price_points,2025-02-05T21:00:00Z,2025-02-05T21:01:00Z,YAHOO,proxy,continuous futures proxy
2025-02-05,,YAHOO-CONTINUOUS-ZT,102.90234375,price_points,2025-02-05T21:00:00Z,2025-02-05T21:01:00Z,YAHOO,proxy,continuous futures proxy
2025-02-06,,ERIS-YIT,90.92750000000004,price_points,2025-02-06T21:00:00Z,2025-02-06T21:01:00Z,ERIS,exact,
2025-02-06,,ERIS-YIW,84.1604,price_points,2025-02-06T21:00:00Z,2025-02-06T21:01:00Z,ERIS,exact,
2025-02-06,,YAHOO-CONTINUOUS-ZF,106.734375,price_points,2025-02-06T21:00:00Z,2025-02-06T21:01:00Z,YAHOO,proxy,continuous futures proxy
2025-02-06,,YAHOO-CONTINUOUS-ZT,102.86328125,price_points,2025-02-06T21:00:00Z,2025-02-06T21:01:00Z,YAHOO,proxy,continuous futures proxy
2025-02-07,,ERIS-YIT,90.79000000000003,price_points,2025-02-07T21:00:00Z,2025-02-07T21:01:00Z,ERIS,exact,
2025-02-07,,ERIS-YIW,83.8744,price_points,2025-02-07T21:00:00Z,2025-02-07T21:01:00Z,ERIS,exact,
2025-02-07,,YAHOO-CONTINUOUS-ZF,106.4609375,price_points,2025-02-07T21:00:00Z,2025-02-07T21:01:00Z,YAHOO,proxy,continuous futures proxy
2025-02-07,,YAHOO-CONTINUOUS-ZT,102.72265625,price_points,2025-02-07T21:00:00Z,2025-02-07T21:01:00Z,YAHOO,proxy,continuous futures proxy
2025-02-10,,ERIS-YIT,90.80750000000003,price_points,2025-02-10T21:00:00Z,2025-02-10T21:01:00Z,ERIS,exact,
2025-02-10,,ERIS-YIW,83.8976,price_points,2025-02-10T21:00:00Z,2025-02-10T21:01:00Z,ERIS,exact,
2025-02-10,,YAHOO-CONTINUOUS-ZF,106.4765625,price_points,2025-02-10T21:00:00Z,2025-02-10T21:01:00Z,YAHOO,proxy,continuous futures proxy
2025-02-10,,YAHOO-CONTINUOUS-ZT,102.73828125,price_points,2025-02-10T21:00:00Z,2025-02-10T21:01:00Z,YAHOO,proxy,continuous futures proxy
2025-02-11,,ERIS-YIT,90.75750000000004,price_points,2025-02-11T21:00:00Z,2025-02-11T21:01:00Z,ERIS,exact,
2025-02-11,,ERIS-YIW,83.74149999999999,price_points,2025-02-11T21:00:00Z,2025-02-11T21:01:00Z,ERIS,exact,
2025-02-11,,YAHOO-CONTINUOUS-ZF,106.328125,price_points,2025-02-11T21:00:00Z,2025-02-11T21:01:00Z,YAHOO,proxy,continuous futures proxy
2025-02-11,,YAHOO-CONTINUOUS-ZT,102.69921875,price_points,2025-02-11T21:00:00Z,2025-02-11T21:01:00Z,YAHOO,proxy,continuous futures proxy
2025-02-12,,ERIS-YIT,90.58130000000004,price_points,2025-02-12T21:00:00Z,2025-02-12T21:01:00Z,ERIS,exact,
2025-02-12,,ERIS-YIW,83.21409999999999,price_points,2025-02-12T21:00:00Z,2025-02-12T21:01:00Z,ERIS,exact,
2025-02-12,,YAHOO-CONTINUOUS-ZF,105.875,price_points,2025-02-12T21:00:00Z,2025-02-12T21:01:00Z,YAHOO,proxy,continuous futures proxy
2025-02-12,,YAHOO-CONTINUOUS-ZT,102.5546875,price_points,2025-02-12T21:00:00Z,2025-02-12T21:01:00Z,YAHOO,proxy,continuous futures proxy
2025-02-13,,ERIS-YIT,90.69370000000004,price_points,2025-02-13T21:00:00Z,2025-02-13T21:01:00Z,ERIS,exact,
2025-02-13,,ERIS-YIW,83.60369999999999,price_points,2025-02-13T21:00:00Z,2025-02-13T21:01:00Z,ERIS,exact,
2025-02-13,,YAHOO-CONTINUOUS-ZF,106.265625,price_points,2025-02-13T21:00:00Z,2025-02-13T21:01:00Z,YAHOO,proxy,continuous futures proxy
2025-02-13,,YAHOO-CONTINUOUS-ZT,102.6640625,price_points,2025-02-13T21:00:00Z,2025-02-13T21:01:00Z,YAHOO,proxy,continuous futures proxy
2025-02-14,,ERIS-YIT,90.81000000000003,price_points,2025-02-14T21:00:00Z,2025-02-14T21:01:00Z,ERIS,exact,
2025-02-14,,ERIS-YIW,83.8981,price_points,2025-02-14T21:00:00Z,2025-02-14T21:01:00Z,ERIS,exact,
2025-02-14,,YAHOO-CONTINUOUS-ZF,106.5078125,price_points,2025-02-14T21:00:00Z,2025-02-14T21:01:00Z,YAHOO,proxy,continuous futures proxy
2025-02-14,,YAHOO-CONTINUOUS-ZT,102.76171875,price_points,2025-02-14T21:00:00Z,2025-02-14T21:01:00Z,YAHOO,proxy,continuous futures proxy
2025-02-18,,ERIS-YIT,90.72750000000003,price_points,2025-02-18T21:00:00Z,2025-02-18T21:01:00Z,ERIS,exact,
2025-02-18,,ERIS-YIW,83.64469999999999,price_points,2025-02-18T21:00:00Z,2025-02-18T21:01:00Z,ERIS,exact,
2025-02-18,,YAHOO-CONTINUOUS-ZF,106.2578125,price_points,2025-02-18T21:00:00Z,2025-02-18T21:01:00Z,YAHOO,proxy,continuous futures proxy
2025-02-18,,YAHOO-CONTINUOUS-ZT,102.69140625,price_points,2025-02-18T21:00:00Z,2025-02-18T21:01:00Z,YAHOO,proxy,continuous futures proxy
2025-02-19,,ERIS-YIT,90.76370000000004,price_points,2025-02-19T21:00:00Z,2025-02-19T21:01:00Z,ERIS,exact,
2025-02-19,,ERIS-YIW,83.6896,price_points,2025-02-19T21:00:00Z,2025-02-19T21:01:00Z,ERIS,exact,
2025-02-19,,YAHOO-CONTINUOUS-ZF,106.359375,price_points,2025-02-19T21:00:00Z,2025-02-19T21:01:00Z,YAHOO,proxy,continuous futures proxy
2025-02-19,,YAHOO-CONTINUOUS-ZT,102.73828125,price_points,2025-02-19T21:00:00Z,2025-02-19T21:01:00Z,YAHOO,proxy,continuous futures proxy
2025-02-20,,ERIS-YIT,90.79120000000003,price_points,2025-02-20T21:00:00Z,2025-02-20T21:01:00Z,ERIS,exact,
2025-02-20,,ERIS-YIW,83.82,price_points,2025-02-20T21:00:00Z,2025-02-20T21:01:00Z,ERIS,exact,
2025-02-20,,YAHOO-CONTINUOUS-ZF,106.4765625,price_points,2025-02-20T21:00:00Z,2025-02-20T21:01:00Z,YAHOO,proxy,continuous futures proxy
2025-02-20,,YAHOO-CONTINUOUS-ZT,102.75,price_points,2025-02-20T21:00:00Z,2025-02-20T21:01:00Z,YAHOO,proxy,continuous futures proxy
2025-02-21,,ERIS-YIT,90.94870000000003,price_points,2025-02-21T21:00:00Z,2025-02-21T21:01:00Z,ERIS,exact,
2025-02-21,,ERIS-YIW,84.2003,price_points,2025-02-21T21:00:00Z,2025-02-21T21:01:00Z,ERIS,exact,
2025-02-21,,YAHOO-CONTINUOUS-ZF,106.8203125,price_points,2025-02-21T21:00:00Z,2025-02-21T21:01:00Z,YAHOO,proxy,continuous futures proxy
2025-02-21,,YAHOO-CONTINUOUS-ZT,102.88671875,price_points,2025-02-21T21:00:00Z,2025-02-21T21:01:00Z,YAHOO,proxy,continuous futures proxy
2025-02-24,,ERIS-YIT,90.99750000000003,price_points,2025-02-24T21:00:00Z,2025-02-24T21:01:00Z,ERIS,exact,
2025-02-24,,ERIS-YIW,84.32639999999999,price_points,2025-02-24T21:00:00Z,2025-02-24T21:01:00Z,ERIS,exact,
2025-02-24,,YAHOO-CONTINUOUS-ZF,106.9453125,price_points,2025-02-24T21:00:00Z,2025-02-24T21:01:00Z,YAHOO,proxy,continuous futures proxy
2025-02-24,,YAHOO-CONTINUOUS-ZT,102.93359375,price_points,2025-02-24T21:00:00Z,2025-02-24T21:01:00Z,YAHOO,proxy,continuous futures proxy
2025-02-25,,ERIS-YIT,91.14000000000004,price_points,2025-02-25T21:00:00Z,2025-02-25T21:01:00Z,ERIS,exact,
2025-02-25,,ERIS-YIW,84.78049999999999,price_points,2025-02-25T21:00:00Z,2025-02-25T21:01:00Z,ERIS,exact,
2025-02-25,,YAHOO-CONTINUOUS-ZF,107.34375,price_points,2025-02-25T21:00:00Z,2025-02-25T21:01:00Z,YAHOO,proxy,continuous futures proxy
2025-02-25,,YAHOO-CONTINUOUS-ZT,103.05859375,price_points,2025-02-25T21:00:00Z,2025-02-25T21:01:00Z,YAHOO,proxy,continuous futures proxy
2025-02-26,,ERIS-YIT,91.18500000000003,price_points,2025-02-26T21:00:00Z,2025-02-26T21:01:00Z,ERIS,exact,
2025-02-26,,ERIS-YIW,84.9986,price_points,2025-02-26T21:00:00Z,2025-02-26T21:01:00Z,ERIS,exact,
2025-02-26,,YAHOO-CONTINUOUS-ZF,107.5234375,price_points,2025-02-26T21:00:00Z,2025-02-26T21:01:00Z,YAHOO,proxy,continuous futures proxy
2025-02-26,,YAHOO-CONTINUOUS-ZT,103.09375,price_points,2025-02-26T21:00:00Z,2025-02-26T21:01:00Z,YAHOO,proxy,continuous futures proxy
2025-02-27,,ERIS-YIT,91.16620000000003,price_points,2025-02-27T21:00:00Z,2025-02-27T21:01:00Z,ERIS,exact,
2025-02-27,,ERIS-YIW,84.88669999999999,price_points,2025-02-27T21:00:00Z,2025-02-27T21:01:00Z,ERIS,exact,
2025-02-27,,YAHOO-CONTINUOUS-ZF,107.421875,price_points,2025-02-27T21:00:00Z,2025-02-27T21:01:00Z,YAHOO,proxy,continuous futures proxy
2025-02-27,,YAHOO-CONTINUOUS-ZT,103.0625,price_points,2025-02-27T21:00:00Z,2025-02-27T21:01:00Z,YAHOO,proxy,continuous futures proxy
2025-02-28,,ERIS-YIT,91.32500000000003,price_points,2025-02-28T21:00:00Z,2025-02-28T21:01:00Z,ERIS,exact,
2025-02-28,,ERIS-YIW,85.2277,price_points,2025-02-28T21:00:00Z,2025-02-28T21:01:00Z,ERIS,exact,
2025-02-28,,YAHOO-CONTINUOUS-ZF,107.7421875,price_points,2025-02-28T21:00:00Z,2025-02-28T21:01:00Z,YAHOO,proxy,continuous futures proxy
2025-02-28,,YAHOO-CONTINUOUS-ZT,103.2265625,price_points,2025-02-28T21:00:00Z,2025-02-28T21:01:00Z,YAHOO,proxy,continuous futures proxy
2025-03-03,,ERIS-YIT,91.34250000000004,price_points,2025-03-03T21:00:00Z,2025-03-03T21:01:00Z,ERIS,exact,
2025-03-03,,ERIS-YIW,85.34559999999999,price_points,2025-03-03T21:00:00Z,2025-03-03T21:01:00Z,ERIS,exact,
2025-03-03,,YAHOO-CONTINUOUS-ZF,107.8828125,price_points,2025-03-03T21:00:00Z,2025-03-03T21:01:00Z,YAHOO,proxy,continuous futures proxy
2025-03-03,,YAHOO-CONTINUOUS-ZT,103.25,price_points,2025-03-03T21:00:00Z,2025-03-03T21:01:00Z,YAHOO,proxy,continuous futures proxy
2025-03-04,,ERIS-YIT,91.39500000000004,price_points,2025-03-04T21:00:00Z,2025-03-04T21:01:00Z,ERIS,exact,
2025-03-04,,ERIS-YIW,85.33009999999999,price_points,2025-03-04T21:00:00Z,2025-03-04T21:01:00Z,ERIS,exact,
2025-03-04,,YAHOO-CONTINUOUS-ZF,107.8515625,price_points,2025-03-04T21:00:00Z,2025-03-04T21:01:00Z,YAHOO,proxy,continuous futures proxy
2025-03-04,,YAHOO-CONTINUOUS-ZT,103.3046875,price_points,2025-03-04T21:00:00Z,2025-03-04T21:01:00Z,YAHOO,proxy,continuous futures proxy
2025-03-05,,ERIS-YIT,91.33750000000003,price_points,2025-03-05T21:00:00Z,2025-03-05T21:01:00Z,ERIS,exact,
2025-03-05,,ERIS-YIW,85.0689,price_points,2025-03-05T21:00:00Z,2025-03-05T21:01:00Z,ERIS,exact,
2025-03-05,,YAHOO-CONTINUOUS-ZF,107.640625,price_points,2025-03-05T21:00:00Z,2025-03-05T21:01:00Z,YAHOO,proxy,continuous futures proxy
2025-03-05,,YAHOO-CONTINUOUS-ZT,103.26171875,price_points,2025-03-05T21:00:00Z,2025-03-05T21:01:00Z,YAHOO,proxy,continuous futures proxy
2025-03-06,,ERIS-YIT,91.38870000000004,price_points,2025-03-06T21:00:00Z,2025-03-06T21:01:00Z,ERIS,exact,
2025-03-06,,ERIS-YIW,85.094,price_points,2025-03-06T21:00:00Z,2025-03-06T21:01:00Z,ERIS,exact,
2025-03-06,,YAHOO-CONTINUOUS-ZF,107.6328125,price_points,2025-03-06T21:00:00Z,2025-03-06T21:01:00Z,YAHOO,proxy,continuous futures proxy
2025-03-06,,YAHOO-CONTINUOUS-ZT,103.32421875,price_points,2025-03-06T21:00:00Z,2025-03-06T21:01:00Z,YAHOO,proxy,continuous futures proxy
2025-03-07,,ERIS-YIT,91.31250000000004,price_points,2025-03-07T21:00:00Z,2025-03-07T21:01:00Z,ERIS,exact,
2025-03-07,,ERIS-YIW,84.94539999999999,price_points,2025-03-07T21:00:00Z,2025-03-07T21:01:00Z,ERIS,exact,
2025-03-07,,YAHOO-CONTINUOUS-ZF,107.484375,price_points,2025-03-07T21:00:00Z,2025-03-07T21:01:00Z,YAHOO,proxy,continuous futures proxy
2025-03-07,,YAHOO-CONTINUOUS-ZT,103.25390625,price_points,2025-03-07T21:00:00Z,2025-03-07T21:01:00Z,YAHOO,proxy,continuous futures proxy
2025-03-10,,ERIS-YIT,91.52250000000004,price_points,2025-03-10T21:00:00Z,2025-03-10T21:01:00Z,ERIS,exact,
2025-03-10,,ERIS-YIW,85.49719999999999,price_points,2025-03-10T21:00:00Z,2025-03-10T21:01:00Z,ERIS,exact,
2025-03-10,,YAHOO-CONTINUOUS-ZF,107.9921875,price_points,2025-03-10T21:00:00Z,2025-03-10T21:01:00Z,YAHOO,proxy,continuous futures proxy
2025-03-10,,YAHOO-CONTINUOUS-ZT,103.46484375,price_points,2025-03-10T21:00:00Z,2025-03-10T21:01:00Z,YAHOO,proxy,continuous futures proxy
2025-03-11,,ERIS-YIT,91.42750000000004,price_points,2025-03-11T21:00:00Z,2025-03-11T21:01:00Z,ERIS,exact,
2025-03-11,,ERIS-YIW,85.21329999999999,price_points,2025-03-11T21:00:00Z,2025-03-11T21:01:00Z,ERIS,exact,
2025-03-11,,YAHOO-CONTINUOUS-ZF,107.71875,price_points,2025-03-11T21:00:00Z,2025-03-11T21:01:00Z,YAHOO,proxy,continuous futures proxy
2025-03-11,,YAHOO-CONTINUOUS-ZT,103.3984375,price_points,2025-03-11T21:00:00Z,2025-03-11T21:01:00Z,YAHOO,proxy,continuous futures proxy
2025-03-12,,ERIS-YIT,91.31250000000004,price_points,2025-03-12T21:00:00Z,2025-03-12T21:01:00Z,ERIS,exact,
2025-03-12,,ERIS-YIW,85.0097,price_points,2025-03-12T21:00:00Z,2025-03-12T21:01:00Z,ERIS,exact,
2025-03-12,,YAHOO-CONTINUOUS-ZF,107.546875,price_points,2025-03-12T21:00:00Z,2025-03-12T21:01:00Z,YAHOO,proxy,continuous futures proxy
2025-03-12,,YAHOO-CONTINUOUS-ZT,103.30859375,price_points,2025-03-12T21:00:00Z,2025-03-12T21:01:00Z,YAHOO,proxy,continuous futures proxy
2025-03-13,,ERIS-YIT,91.38500000000003,price_points,2025-03-13T21:00:00Z,2025-03-13T21:01:00Z,ERIS,exact,
2025-03-13,,ERIS-YIW,85.20779999999999,price_points,2025-03-13T21:00:00Z,2025-03-13T21:01:00Z,ERIS,exact,
2025-03-13,,YAHOO-CONTINUOUS-ZF,107.7734375,price_points,2025-03-13T21:00:00Z,2025-03-13T21:01:00Z,YAHOO,proxy,continuous futures proxy
2025-03-13,,YAHOO-CONTINUOUS-ZT,103.38671875,price_points,2025-03-13T21:00:00Z,2025-03-13T21:01:00Z,YAHOO,proxy,continuous futures proxy
2025-03-14,,ERIS-YIT,91.27000000000004,price_points,2025-03-14T21:00:00Z,2025-03-14T21:01:00Z,ERIS,exact,
2025-03-14,,ERIS-YIW,84.9589,price_points,2025-03-14T21:00:00Z,2025-03-14T21:01:00Z,ERIS,exact,
2025-03-14,,YAHOO-CONTINUOUS-ZF,107.53125,price_points,2025-03-14T21:00:00Z,2025-03-14T21:01:00Z,YAHOO,proxy,continuous futures proxy
2025-03-14,,YAHOO-CONTINUOUS-ZT,103.265625,price_points,2025-03-14T21:00:00Z,2025-03-14T21:01:00Z,YAHOO,proxy,continuous futures proxy
2025-03-17,,ERIS-YIT,91.19760000000004,price_points,2025-03-17T21:00:00Z,2025-03-17T21:01:00Z,ERIS,exact,
2025-03-17,,ERIS-YIW,84.87899999999999,price_points,2025-03-17T21:00:00Z,2025-03-17T21:01:00Z,ERIS,exact,
2025-03-17,,YAHOO-CONTINUOUS-ZF,107.4375,price_points,2025-03-17T21:00:00Z,2025-03-17T21:01:00Z,YAHOO,proxy,continuous futures proxy
2025-03-17,,YAHOO-CONTINUOUS-ZT,103.19921875,price_points,2025-03-17T21:00:00Z,2025-03-17T21:01:00Z,YAHOO,proxy,continuous futures proxy
2025-03-18,,ERIS-YIT,91.21190000000004,price_points,2025-03-18T21:00:00Z,2025-03-18T21:01:00Z,ERIS,exact,
2025-03-18,,ERIS-YIW,84.9814,price_points,2025-03-18T21:00:00Z,2025-03-18T21:01:00Z,ERIS,exact,
2025-03-18,,YAHOO-CONTINUOUS-ZF,107.5625,price_points,2025-03-18T21:00:00Z,2025-03-18T21:01:00Z,YAHOO,proxy,continuous futures proxy
2025-03-18,,YAHOO-CONTINUOUS-ZT,103.24609375,price_points,2025-03-18T21:00:00Z,2025-03-18T21:01:00Z,YAHOO,proxy,continuous futures proxy
2025-03-19,,ERIS-YIT,91.31080000000004,price_points,2025-03-19T21:00:00Z,2025-03-19T21:01:00Z,ERIS,exact,
2025-03-19,,ERIS-YIW,85.15629999999999,price_points,2025-03-19T21:00:00Z,2025-03-19T21:01:00Z,ERIS,exact,
2025-03-19,,YAHOO-CONTINUOUS-ZF,107.765625,price_points,2025-03-19T21:00:00Z,2025-03-19T21:01:00Z,YAHOO,proxy,continuous futures proxy
2025-03-19,,YAHOO-CONTINUOUS-ZT,103.36328125,price_points,2025-03-19T21:00:00Z,2025-03-19T21:01:00Z,YAHOO,proxy,continuous futures proxy
2025-03-20,,ERIS-YIT,91.36520000000003,price_points,2025-03-20T21:00:00Z,2025-03-20T21:01:00Z,ERIS,exact,
2025-03-20,,ERIS-YIW,85.27399999999999,price_points,2025-03-20T21:00:00Z,2025-03-20T21:01:00Z,ERIS,exact,
2025-03-20,,YAHOO-CONTINUOUS-ZF,107.8515625,price_points,2025-03-20T21:00:00Z,2025-03-20T21:01:00Z,YAHOO,proxy,continuous futures proxy
2025-03-20,,YAHOO-CONTINUOUS-ZT,103.41015625,price_points,2025-03-20T21:00:00Z,2025-03-20T21:01:00Z,YAHOO,proxy,continuous futures proxy
2025-03-21,,ERIS-YIT,91.39810000000004,price_points,2025-03-21T21:00:00Z,2025-03-21T21:01:00Z,ERIS,exact,
2025-03-21,,ERIS-YIW,85.31389999999999,price_points,2025-03-21T21:00:00Z,2025-03-21T21:01:00Z,ERIS,exact,
2025-03-21,,YAHOO-CONTINUOUS-ZF,107.84375,price_points,2025-03-21T21:00:00Z,2025-03-21T21:01:00Z,YAHOO,proxy,continuous futures proxy
2025-03-21,,YAHOO-CONTINUOUS-ZT,103.42578125,price_points,2025-03-21T21:00:00Z,2025-03-21T21:01:00Z,YAHOO,proxy,continuous futures proxy
2025-03-24,,ERIS-YIT,91.24190000000004,price_points,2025-03-24T21:00:00Z,2025-03-24T21:01:00Z,ERIS,exact,
2025-03-24,,ERIS-YIW,84.9443,price_points,2025-03-24T21:00:00Z,2025-03-24T21:01:00Z,ERIS,exact,
2025-03-24,,YAHOO-CONTINUOUS-ZF,107.46875,price_points,2025-03-24T21:00:00Z,2025-03-24T21:01:00Z,YAHOO,proxy,continuous futures proxy
2025-03-24,,YAHOO-CONTINUOUS-ZT,103.3046875,price_points,2025-03-24T21:00:00Z,2025-03-24T21:01:00Z,YAHOO,proxy,continuous futures proxy
2025-03-25,,ERIS-YIT,91.29150000000004,price_points,2025-03-25T21:00:00Z,2025-03-25T21:01:00Z,ERIS,exact,
2025-03-25,,ERIS-YIW,85.1006,price_points,2025-03-25T21:00:00Z,2025-03-25T21:01:00Z,ERIS,exact,
2025-03-25,,YAHOO-CONTINUOUS-ZF,107.640625,price_points,2025-03-25T21:00:00Z,2025-03-25T21:01:00Z,YAHOO,proxy,continuous futures proxy
2025-03-25,,YAHOO-CONTINUOUS-ZT,103.37109375,price_points,2025-03-25T21:00:00Z,2025-03-25T21:01:00Z,YAHOO,proxy,continuous futures proxy
2025-03-26,,ERIS-YIT,91.26260000000003,price_points,2025-03-26T21:00:00Z,2025-03-26T21:01:00Z,ERIS,exact,
2025-03-26,,ERIS-YIW,85.02529999999999,price_points,2025-03-26T21:00:00Z,2025-03-26T21:01:00Z,ERIS,exact,
2025-03-26,,YAHOO-CONTINUOUS-ZF,107.53125,price_points,2025-03-26T21:00:00Z,2025-03-26T21:01:00Z,YAHOO,proxy,continuous futures proxy
2025-03-26,,YAHOO-CONTINUOUS-ZT,103.31640625,price_points,2025-03-26T21:00:00Z,2025-03-26T21:01:00Z,YAHOO,proxy,continuous futures proxy
2025-03-27,,ERIS-YIT,91.27090000000004,price_points,2025-03-27T21:00:00Z,2025-03-27T21:01:00Z,ERIS,exact,
2025-03-27,,ERIS-YIW,84.97019999999999,price_points,2025-03-27T21:00:00Z,2025-03-27T21:01:00Z,ERIS,exact,
2025-03-27,,YAHOO-CONTINUOUS-ZF,107.5234375,price_points,2025-03-27T21:00:00Z,2025-03-27T21:01:00Z,YAHOO,proxy,continuous futures proxy
2025-03-27,,YAHOO-CONTINUOUS-ZT,103.33984375,price_points,2025-03-27T21:00:00Z,2025-03-27T21:01:00Z,YAHOO,proxy,continuous futures proxy
2025-03-28,,ERIS-YIT,91.44810000000004,price_points,2025-03-28T21:00:00Z,2025-03-28T21:01:00Z,ERIS,exact,
2025-03-28,,ERIS-YIW,85.46929999999999,price_points,2025-03-28T21:00:00Z,2025-03-28T21:01:00Z,ERIS,exact,
2025-03-28,,YAHOO-CONTINUOUS-ZF,108.015625,price_points,2025-03-28T21:00:00Z,2025-03-28T21:01:00Z,YAHOO,proxy,continuous futures proxy
2025-03-28,,YAHOO-CONTINUOUS-ZT,103.47265625,price_points,2025-03-28T21:00:00Z,2025-03-28T21:01:00Z,YAHOO,proxy,continuous futures proxy
2025-03-31,,ERIS-YIT,91.43740000000004,price_points,2025-03-31T21:00:00Z,2025-03-31T21:01:00Z,ERIS,exact,
2025-03-31,,ERIS-YIW,85.44579999999999,price_points,2025-03-31T21:00:00Z,2025-03-31T21:01:00Z,ERIS,exact,
2025-03-31,,YAHOO-CONTINUOUS-ZF,108,price_points,2025-03-31T21:00:00Z,2025-03-31T21:01:00Z,YAHOO,proxy,continuous futures proxy
2025-03-31,,YAHOO-CONTINUOUS-ZT,103.53515625,price_points,2025-03-31T21:00:00Z,2025-03-31T21:01:00Z,YAHOO,proxy,continuous futures proxy
2025-04-01,,ERIS-YIT,91.52190000000003,price_points,2025-04-01T21:00:00Z,2025-04-01T21:01:00Z,ERIS,exact,
2025-04-01,,ERIS-YIW,85.7624,price_points,2025-04-01T21:00:00Z,2025-04-01T21:01:00Z,ERIS,exact,
2025-04-01,,YAHOO-CONTINUOUS-ZF,108.46875,price_points,2025-04-01T21:00:00Z,2025-04-01T21:01:00Z,YAHOO,proxy,continuous futures proxy
2025-04-01,,YAHOO-CONTINUOUS-ZT,103.67578125,price_points,2025-04-01T21:00:00Z,2025-04-01T21:01:00Z,YAHOO,proxy,continuous futures proxy
2025-04-02,,ERIS-YIT,91.44870000000003,price_points,2025-04-02T21:00:00Z,2025-04-02T21:01:00Z,ERIS,exact,
2025-04-02,,ERIS-YIW,85.55499999999999,price_points,2025-04-02T21:00:00Z,2025-04-02T21:01:00Z,ERIS,exact,
2025-04-02,,YAHOO-CONTINUOUS-ZF,108.265625,price_points,2025-04-02T21:00:00Z,2025-04-02T21:01:00Z,YAHOO,proxy,continuous futures proxy
2025-04-02,,YAHOO-CONTINUOUS-ZT,103.59765625,price_points,2025-04-02T21:00:00Z,2025-04-02T21:01:00Z,YAHOO,proxy,continuous futures proxy
2025-04-03,,ERIS-YIT,91.79340000000003,price_points,2025-04-03T21:00:00Z,2025-04-03T21:01:00Z,ERIS,exact,
2025-04-03,,ERIS-YIW,86.45049999999999,price_points,2025-04-03T21:00:00Z,2025-04-03T21:01:00Z,ERIS,exact,
2025-04-03,,YAHOO-CONTINUOUS-ZF,109.125,price_points,2025-04-03T21:00:00Z,2025-04-03T21:01:00Z,YAHOO,proxy,continuous futures proxy
2025-04-03,,YAHOO-CONTINUOUS-ZT,103.94921875,price_points,2025-04-03T21:00:00Z,2025-04-03T21:01:00Z,YAHOO,proxy,continuous futures proxy
2025-04-04,,ERIS-YIT,91.94170000000004,price_points,2025-04-04T21:00:00Z,2025-04-04T21:01:00Z,ERIS,exact,
2025-04-04,,ERIS-YIW,86.7558,price_points,2025-04-04T21:00:00Z,2025-04-04T21:01:00Z,ERIS,exact,
2025-04-04,,YAHOO-CONTINUOUS-ZF,109.3359375,price_points,2025-04-04T21:00:00Z,2025-04-04T21:01:00Z,YAHOO,proxy,continuous futures proxy
2025-04-04,,YAHOO-CONTINUOUS-ZT,104.0703125,price_points,2025-04-04T21:00:00Z,2025-04-04T21:01:00Z,YAHOO,proxy,continuous futures proxy
2025-04-07,,ERIS-YIT,91.86600000000004,price_points,2025-04-07T21:00:00Z,2025-04-07T21:01:00Z,ERIS,exact,
2025-04-07,,ERIS-YIW,86.34089999999999,price_points,2025-04-07T21:00:00Z,2025-04-07T21:01:00Z,ERIS,exact,
2025-04-07,,YAHOO-CONTINUOUS-ZF,108.8125,price_points,2025-04-07T21:00:00Z,2025-04-07T21:01:00Z,YAHOO,proxy,continuous futures proxy
2025-04-07,,YAHOO-CONTINUOUS-ZT,103.94140625,price_points,2025-04-07T21:00:00Z,2025-04-07T21:01:00Z,YAHOO,proxy,continuous futures proxy
2025-04-08,,ERIS-YIT,91.93170000000003,price_points,2025-04-08T21:00:00Z,2025-04-08T21:01:00Z,ERIS,exact,
2025-04-08,,ERIS-YIW,86.2819,price_points,2025-04-08T21:00:00Z,2025-04-08T21:01:00Z,ERIS,exact,
2025-04-08,,YAHOO-CONTINUOUS-ZF,108.53125,price_points,2025-04-08T21:00:00Z,2025-04-08T21:01:00Z,YAHOO,proxy,continuous futures proxy
2025-04-08,,YAHOO-CONTINUOUS-ZT,103.93359375,price_points,2025-04-08T21:00:00Z,2025-04-08T21:01:00Z,YAHOO,proxy,continuous futures proxy
2025-04-09,,ERIS-YIT,91.45300000000003,price_points,2025-04-09T21:00:00Z,2025-04-09T21:01:00Z,ERIS,exact,
2025-04-09,,ERIS-YIW,85.27449999999999,price_points,2025-04-09T21:00:00Z,2025-04-09T21:01:00Z,ERIS,exact,
2025-04-09,,YAHOO-CONTINUOUS-ZF,107.6796875,price_points,2025-04-09T21:00:00Z,2025-04-09T21:01:00Z,YAHOO,proxy,continuous futures proxy
2025-04-09,,YAHOO-CONTINUOUS-ZT,103.5078125,price_points,2025-04-09T21:00:00Z,2025-04-09T21:01:00Z,YAHOO,proxy,continuous futures proxy
2025-04-10,,ERIS-YIT,91.66320000000003,price_points,2025-04-10T21:00:00Z,2025-04-10T21:01:00Z,ERIS,exact,
2025-04-10,,ERIS-YIW,85.68549999999999,price_points,2025-04-10T21:00:00Z,2025-04-10T21:01:00Z,ERIS,exact,
2025-04-10,,YAHOO-CONTINUOUS-ZF,107.953125,price_points,2025-04-10T21:00:00Z,2025-04-10T21:01:00Z,YAHOO,proxy,continuous futures proxy
2025-04-10,,YAHOO-CONTINUOUS-ZT,103.6953125,price_points,2025-04-10T21:00:00Z,2025-04-10T21:01:00Z,YAHOO,proxy,continuous futures proxy
2025-04-11,,ERIS-YIT,91.47990000000004,price_points,2025-04-11T21:00:00Z,2025-04-11T21:01:00Z,ERIS,exact,
2025-04-11,,ERIS-YIW,85.14479999999999,price_points,2025-04-11T21:00:00Z,2025-04-11T21:01:00Z,ERIS,exact,
2025-04-11,,YAHOO-CONTINUOUS-ZF,107.40625,price_points,2025-04-11T21:00:00Z,2025-04-11T21:01:00Z,YAHOO,proxy,continuous futures proxy
2025-04-11,,YAHOO-CONTINUOUS-ZT,103.4921875,price_points,2025-04-11T21:00:00Z,2025-04-11T21:01:00Z,YAHOO,proxy,continuous futures proxy
2025-04-14,,ERIS-YIT,91.65900000000003,price_points,2025-04-14T21:00:00Z,2025-04-14T21:01:00Z,ERIS,exact,
2025-04-14,,ERIS-YIW,85.7131,price_points,2025-04-14T21:00:00Z,2025-04-14T21:01:00Z,ERIS,exact,
2025-04-14,,YAHOO-CONTINUOUS-ZF,108.078125,price_points,2025-04-14T21:00:00Z,2025-04-14T21:01:00Z,YAHOO,proxy,continuous futures proxy
2025-04-14,,YAHOO-CONTINUOUS-ZT,103.7265625,price_points,2025-04-14T21:00:00Z,2025-04-14T21:01:00Z,YAHOO,proxy,continuous futures proxy
2025-04-15,,ERIS-YIT,91.66100000000004,price_points,2025-04-15T21:00:00Z,2025-04-15T21:01:00Z,ERIS,exact,
2025-04-15,,ERIS-YIW,85.79899999999999,price_points,2025-04-15T21:00:00Z,2025-04-15T21:01:00Z,ERIS,exact,
2025-04-15,,YAHOO-CONTINUOUS-ZF,108.25,price_points,2025-04-15T21:00:00Z,2025-04-15T21:01:00Z,YAHOO,proxy,continuous futures proxy
2025-04-15,,YAHOO-CONTINUOUS-ZT,103.734375,price_points,2025-04-15T21:00:00Z,2025-04-15T21:01:00Z,YAHOO,proxy,continuous futures proxy
2025-04-16,,ERIS-YIT,91.74060000000004,price_points,2025-04-16T21:00:00Z,2025-04-16T21:01:00Z,ERIS,exact,
2025-04-16,,ERIS-YIW,86.0522,price_points,2025-04-16T21:00:00Z,2025-04-16T21:01:00Z,ERIS,exact,
2025-04-16,,YAHOO-CONTINUOUS-ZF,108.5,price_points,2025-04-16T21:00:00Z,2025-04-16T21:01:00Z,YAHOO,proxy,continuous futures proxy
2025-04-16,,YAHOO-CONTINUOUS-ZT,103.8125,price_points,2025-04-16T21:00:00Z,2025-04-16T21:01:00Z,YAHOO,proxy,continuous futures proxy
2025-04-17,,ERIS-YIT,91.72270000000003,price_points,2025-04-17T21:00:00Z,2025-04-17T21:01:00Z,ERIS,exact,
2025-04-17,,ERIS-YIW,85.96109999999999,price_points,2025-04-17T21:00:00Z,2025-04-17T21:01:00Z,ERIS,exact,
2025-04-17,,YAHOO-CONTINUOUS-ZF,108.4140625,price_points,2025-04-17T21:00:00Z,2025-04-17T21:01:00Z,YAHOO,proxy,continuous futures proxy
2025-04-17,,YAHOO-CONTINUOUS-ZT,103.79296875,price_points,2025-04-17T21:00:00Z,2025-04-17T21:01:00Z,YAHOO,proxy,continuous futures proxy
2025-04-21,,ERIS-YIT,91.85040000000004,price_points,2025-04-21T21:00:00Z,2025-04-21T21:01:00Z,ERIS,exact,
2025-04-21,,ERIS-YIW,86.03569999999999,price_points,2025-04-21T21:00:00Z,2025-04-21T21:01:00Z,ERIS,exact,
2025-04-21,,YAHOO-CONTINUOUS-ZF,108.359375,price_points,2025-04-21T21:00:00Z,2025-04-21T21:01:00Z,YAHOO,proxy,continuous futures proxy
2025-04-21,,YAHOO-CONTINUOUS-ZT,103.88671875,price_points,2025-04-21T21:00:00Z,2025-04-21T21:01:00Z,YAHOO,proxy,continuous futures proxy
2025-04-22,,ERIS-YIT,91.72920000000003,price_points,2025-04-22T21:00:00Z,2025-04-22T21:01:00Z,ERIS,exact,
2025-04-22,,ERIS-YIW,85.87939999999999,price_points,2025-04-22T21:00:00Z,2025-04-22T21:01:00Z,ERIS,exact,
2025-04-22,,YAHOO-CONTINUOUS-ZF,108.2578125,price_points,2025-04-22T21:00:00Z,2025-04-22T21:01:00Z,YAHOO,proxy,continuous futures proxy
2025-04-22,,YAHOO-CONTINUOUS-ZT,103.76953125,price_points,2025-04-22T21:00:00Z,2025-04-22T21:01:00Z,YAHOO,proxy,continuous futures proxy
2025-04-23,,ERIS-YIT,91.59850000000004,price_points,2025-04-23T21:00:00Z,2025-04-23T21:01:00Z,ERIS,exact,
2025-04-23,,ERIS-YIW,85.65299999999999,price_points,2025-04-23T21:00:00Z,2025-04-23T21:01:00Z,ERIS,exact,
2025-04-23,,YAHOO-CONTINUOUS-ZF,108.078125,price_points,2025-04-23T21:00:00Z,2025-04-23T21:01:00Z,YAHOO,proxy,continuous futures proxy
2025-04-23,,YAHOO-CONTINUOUS-ZT,103.62890625,price_points,2025-04-23T21:00:00Z,2025-04-23T21:01:00Z,YAHOO,proxy,continuous futures proxy
2025-04-24,,ERIS-YIT,91.70630000000004,price_points,2025-04-24T21:00:00Z,2025-04-24T21:01:00Z,ERIS,exact,
2025-04-24,,ERIS-YIW,85.9755,price_points,2025-04-24T21:00:00Z,2025-04-24T21:01:00Z,ERIS,exact,
2025-04-24,,YAHOO-CONTINUOUS-ZF,108.4453125,price_points,2025-04-24T21:00:00Z,2025-04-24T21:01:00Z,YAHOO,proxy,continuous futures proxy
2025-04-24,,YAHOO-CONTINUOUS-ZT,103.7578125,price_points,2025-04-24T21:00:00Z,2025-04-24T21:01:00Z,YAHOO,proxy,continuous futures proxy
2025-04-25,,ERIS-YIT,91.74830000000004,price_points,2025-04-25T21:00:00Z,2025-04-25T21:01:00Z,ERIS,exact,
2025-04-25,,ERIS-YIW,86.1432,price_points,2025-04-25T21:00:00Z,2025-04-25T21:01:00Z,ERIS,exact,
2025-04-25,,YAHOO-CONTINUOUS-ZF,108.625,price_points,2025-04-25T21:00:00Z,2025-04-25T21:01:00Z,YAHOO,proxy,continuous futures proxy
2025-04-25,,YAHOO-CONTINUOUS-ZT,103.8125,price_points,2025-04-25T21:00:00Z,2025-04-25T21:01:00Z,YAHOO,proxy,continuous futures proxy
2025-04-28,,ERIS-YIT,91.87000000000003,price_points,2025-04-28T21:00:00Z,2025-04-28T21:01:00Z,ERIS,exact,
2025-04-28,,ERIS-YIW,86.45439999999999,price_points,2025-04-28T21:00:00Z,2025-04-28T21:01:00Z,ERIS,exact,
2025-04-28,,YAHOO-CONTINUOUS-ZF,108.9296875,price_points,2025-04-28T21:00:00Z,2025-04-28T21:01:00Z,YAHOO,proxy,continuous futures proxy
2025-04-28,,YAHOO-CONTINUOUS-ZT,103.9609375,price_points,2025-04-28T21:00:00Z,2025-04-28T21:01:00Z,YAHOO,proxy,continuous futures proxy
2025-04-29,,ERIS-YIT,91.93110000000004,price_points,2025-04-29T21:00:00Z,2025-04-29T21:01:00Z,ERIS,exact,
2025-04-29,,ERIS-YIW,86.6267,price_points,2025-04-29T21:00:00Z,2025-04-29T21:01:00Z,ERIS,exact,
2025-04-29,,YAHOO-CONTINUOUS-ZF,109.09375,price_points,2025-04-29T21:00:00Z,2025-04-29T21:01:00Z,YAHOO,proxy,continuous futures proxy
2025-04-29,,YAHOO-CONTINUOUS-ZT,104.00390625,price_points,2025-04-29T21:00:00Z,2025-04-29T21:01:00Z,YAHOO,proxy,continuous futures proxy
2025-04-30,,ERIS-YIT,91.99180000000004,price_points,2025-04-30T21:00:00Z,2025-04-30T21:01:00Z,ERIS,exact,
2025-04-30,,ERIS-YIW,86.7478,price_points,2025-04-30T21:00:00Z,2025-04-30T21:01:00Z,ERIS,exact,
2025-04-30,,YAHOO-CONTINUOUS-ZF,109.1953125,price_points,2025-04-30T21:00:00Z,2025-04-30T21:01:00Z,YAHOO,proxy,continuous futures proxy
2025-04-30,,YAHOO-CONTINUOUS-ZT,104.07421875,price_points,2025-04-30T21:00:00Z,2025-04-30T21:01:00Z,YAHOO,proxy,continuous futures proxy
2025-05-01,,ERIS-YIT,91.83270000000003,price_points,2025-05-01T21:00:00Z,2025-05-01T21:01:00Z,ERIS,exact,
2025-05-01,,ERIS-YIW,86.4619,price_points,2025-05-01T21:00:00Z,2025-05-01T21:01:00Z,ERIS,exact,
2025-05-01,,YAHOO-CONTINUOUS-ZF,108.9140625,price_points,2025-05-01T21:00:00Z,2025-05-01T21:01:00Z,YAHOO,proxy,continuous futures proxy
2025-05-01,,YAHOO-CONTINUOUS-ZT,103.91015625,price_points,2025-05-01T21:00:00Z,2025-05-01T21:01:00Z,YAHOO,proxy,continuous futures proxy
2025-05-02,,ERIS-YIT,91.59260000000003,price_points,2025-05-02T21:00:00Z,2025-05-02T21:01:00Z,ERIS,exact,
2025-05-02,,ERIS-YIW,85.94539999999999,price_points,2025-05-02T21:00:00Z,2025-05-02T21:01:00Z,ERIS,exact,
2025-05-02,,YAHOO-CONTINUOUS-ZF,108.359375,price_points,2025-05-02T21:00:00Z,2025-05-02T21:01:00Z,YAHOO,proxy,continuous futures proxy
2025-05-02,,YAHOO-CONTINUOUS-ZT,103.6328125,price_points,2025-05-02T21:00:00Z,2025-05-02T21:01:00Z,YAHOO,proxy,continuous futures proxy
2025-05-05,,ERIS-YIT,91.57790000000004,price_points,2025-05-05T21:00:00Z,2025-05-05T21:01:00Z,ERIS,exact,
2025-05-05,,ERIS-YIW,85.91,price_points,2025-05-05T21:00:00Z,2025-05-05T21:01:00Z,ERIS,exact,
2025-05-05,,YAHOO-CONTINUOUS-ZF,108.328125,price_points,2025-05-05T21:00:00Z,2025-05-05T21:01:00Z,YAHOO,proxy,continuous futures proxy
2025-05-05,,YAHOO-CONTINUOUS-ZT,103.6328125,price_points,2025-05-05T21:00:00Z,2025-05-05T21:01:00Z,YAHOO,proxy,continuous futures proxy
2025-05-06,,ERIS-YIT,91.66800000000003,price_points,2025-05-06T21:00:00Z,2025-05-06T21:01:00Z,ERIS,exact,
2025-05-06,,ERIS-YIW,86.1164,price_points,2025-05-06T21:00:00Z,2025-05-06T21:01:00Z,ERIS,exact,
2025-05-06,,YAHOO-CONTINUOUS-ZF,108.5234375,price_points,2025-05-06T21:00:00Z,2025-05-06T21:01:00Z,YAHOO,proxy,continuous futures proxy
2025-05-06,,YAHOO-CONTINUOUS-ZT,103.734375,price_points,2025-05-06T21:00:00Z,2025-05-06T21:01:00Z,YAHOO,proxy,continuous futures proxy
2025-05-07,,ERIS-YIT,91.65090000000004,price_points,2025-05-07T21:00:00Z,2025-05-07T21:01:00Z,ERIS,exact,
2025-05-07,,ERIS-YIW,86.1815,price_points,2025-05-07T21:00:00Z,2025-05-07T21:01:00Z,ERIS,exact,
2025-05-07,,YAHOO-CONTINUOUS-ZF,108.609375,price_points,2025-05-07T21:00:00Z,2025-05-07T21:01:00Z,YAHOO,proxy,continuous futures proxy
2025-05-07,,YAHOO-CONTINUOUS-ZT,103.7265625,price_points,2025-05-07T21:00:00Z,2025-05-07T21:01:00Z,YAHOO,proxy,continuous futures proxy
2025-05-08,,ERIS-YIT,91.44810000000004,price_points,2025-05-08T21:00:00Z,2025-05-08T21:01:00Z,ERIS,exact,
2025-05-08,,ERIS-YIW,85.6219,price_points,2025-05-08T21:00:00Z,2025-05-08T21:01:00Z,ERIS,exact,
2025-05-08,,YAHOO-CONTINUOUS-ZF,108.0703125,price_points,2025-05-08T21:00:00Z,2025-05-08T21:01:00Z,YAHOO,proxy,continuous futures proxy
2025-05-08,,YAHOO-CONTINUOUS-ZT,103.52734375,price_points,2025-05-08T21:00:00Z,2025-05-08T21:01:00Z,YAHOO,proxy,continuous futures proxy
2025-05-09,,ERIS-YIT,91.46350000000004,price_points,2025-05-09T21:00:00Z,2025-05-09T21:01:00Z,ERIS,exact,
2025-05-09,,ERIS-YIW,85.6489,price_points,2025-05-09T21:00:00Z,2025-05-09T21:01:00Z,ERIS,exact,
2025-05-09,,YAHOO-CONTINUOUS-ZF,108.09375,price_points,2025-05-09T21:00:00Z,2025-05-09T21:01:00Z,YAHOO,proxy,continuous futures proxy
2025-05-09,,YAHOO-CONTINUOUS-ZT,103.546875,price_points,2025-05-09T21:00:00Z,2025-05-09T21:01:00Z,YAHOO,proxy,continuous futures proxy
2025-05-12,,ERIS-YIT,91.24390000000004,price_points,2025-05-12T21:00:00Z,2025-05-12T21:01:00Z,ERIS,exact,
2025-05-12,,ERIS-YIW,85.1137,price_points,2025-05-12T21:00:00Z,2025-05-12T21:01:00Z,ERIS,exact,
2025-05-12,,YAHOO-CONTINUOUS-ZF,107.5703125,price_points,2025-05-12T21:00:00Z,2025-05-12T21:01:00Z,YAHOO,proxy,continuous futures proxy
2025-05-12,,YAHOO-CONTINUOUS-ZT,103.3203125,price_points,2025-05-12T21:00:00Z,2025-05-12T21:01:00Z,YAHOO,proxy,continuous futures proxy
2025-05-13,,ERIS-YIT,91.20830000000004,price_points,2025-05-13T21:00:00Z,2025-05-13T21:01:00Z,ERIS,exact,
2025-05-13,,ERIS-YIW,85.02399999999999,price_points,2025-05-13T21:00:00Z,2025-05-13T21:01:00Z,ERIS,exact,
2025-05-13,,YAHOO-CONTINUOUS-ZF,107.4921875,price_points,2025-05-13T21:00:00Z,2025-05-13T21:01:00Z,YAHOO,proxy,continuous futures proxy
2025-05-13,,YAHOO-CONTINUOUS-ZT,103.2890625,price_points,2025-05-13T21:00:00Z,2025-05-13T21:01:00Z,YAHOO,proxy,continuous futures proxy
2025-05-14,,ERIS-YIT,91.13790000000003,price_points,2025-05-14T21:00:00Z,2025-05-14T21:01:00Z,ERIS,exact,
2025-05-14,,ERIS-YIW,84.85589999999999,price_points,2025-05-14T21:00:00Z,2025-05-14T21:01:00Z,ERIS,exact,
2025-05-14,,YAHOO-CONTINUOUS-ZF,107.3046875,price_points,2025-05-14T21:00:00Z,2025-05-14T21:01:00Z,YAHOO,proxy,continuous futures proxy
2025-05-14,,YAHOO-CONTINUOUS-ZT,103.2109375,price_points,2025-05-14T21:00:00Z,2025-05-14T21:01:00Z,YAHOO,proxy,continuous futures proxy
2025-05-15,,ERIS-YIT,91.26620000000004,price_points,2025-05-15T21:00:00Z,2025-05-15T21:01:00Z,ERIS,exact,
2025-05-15,,ERIS-YIW,85.2259,price_points,2025-05-15T21:00:00Z,2025-05-15T21:01:00Z,ERIS,exact,
2025-05-15,,YAHOO-CONTINUOUS-ZF,107.6796875,price_points,2025-05-15T21:00:00Z,2025-05-15T21:01:00Z,YAHOO,proxy,continuous futures proxy
2025-05-15,,YAHOO-CONTINUOUS-ZT,103.35546875,price_points,2025-05-15T21:00:00Z,2025-05-15T21:01:00Z,YAHOO,proxy,continuous futures proxy
2025-05-16,,ERIS-YIT,91.23470000000003,price_points,2025-05-16T21:00:00Z,2025-05-16T21:01:00Z,ERIS,exact,
2025-05-16,,ERIS-YIW,85.2408,price_points,2025-05-16T21:00:00Z,2025-05-16T21:01:00Z,ERIS,exact,
2025-05-16,,YAHOO-CONTINUOUS-ZF,107.7109375,price_points,2025-05-16T21:00:00Z,2025-05-16T21:01:00Z,YAHOO,proxy,continuous futures proxy
2025-05-16,,YAHOO-CONTINUOUS-ZT,103.328125,price_points,2025-05-16T21:00:00Z,2025-05-16T21:01:00Z,YAHOO,proxy,continuous futures proxy
2025-05-19,,ERIS-YIT,91.25160000000004,price_points,2025-05-19T21:00:00Z,2025-05-19T21:01:00Z,ERIS,exact,
2025-05-19,,ERIS-YIW,85.23899999999999,price_points,2025-05-19T21:00:00Z,2025-05-19T21:01:00Z,ERIS,exact,
2025-05-19,,YAHOO-CONTINUOUS-ZF,107.6640625,price_points,2025-05-19T21:00:00Z,2025-05-19T21:01:00Z,YAHOO,proxy,continuous futures proxy
2025-05-19,,YAHOO-CONTINUOUS-ZT,103.3359375,price_points,2025-05-19T21:00:00Z,2025-05-19T21:01:00Z,YAHOO,proxy,continuous futures proxy
2025-05-20,,ERIS-YIT,91.27270000000004,price_points,2025-05-20T21:00:00Z,2025-05-20T21:01:00Z,ERIS,exact,
2025-05-20,,ERIS-YIW,85.31479999999999,price_points,2025-05-20T21:00:00Z,2025-05-20T21:01:00Z,ERIS,exact,
2025-05-20,,YAHOO-CONTINUOUS-ZF,107.7265625,price_points,2025-05-20T21:00:00Z,2025-05-20T21:01:00Z,YAHOO,proxy,continuous futures proxy
2025-05-20,,YAHOO-CONTINUOUS-ZT,103.359375,price_points,2025-05-20T21:00:00Z,2025-05-20T21:01:00Z,YAHOO,proxy,continuous futures proxy
2025-05-21,,ERIS-YIT,91.21050000000004,price_points,2025-05-21T21:00:00Z,2025-05-21T21:01:00Z,ERIS,exact,
2025-05-21,,ERIS-YIW,85.01939999999999,price_points,2025-05-21T21:00:00Z,2025-05-21T21:01:00Z,ERIS,exact,
2025-05-21,,YAHOO-CONTINUOUS-ZF,107.359375,price_points,2025-05-21T21:00:00Z,2025-05-21T21:01:00Z,YAHOO,proxy,continuous futures proxy
2025-05-21,,YAHOO-CONTINUOUS-ZT,103.27734375,price_points,2025-05-21T21:00:00Z,2025-05-21T21:01:00Z,YAHOO,proxy,continuous futures proxy
2025-05-22,,ERIS-YIT,91.22400000000003,price_points,2025-05-22T21:00:00Z,2025-05-22T21:01:00Z,ERIS,exact,
2025-05-22,,ERIS-YIW,85.14659999999999,price_points,2025-05-22T21:00:00Z,2025-05-22T21:01:00Z,ERIS,exact,
2025-05-22,,YAHOO-CONTINUOUS-ZF,107.5390625,price_points,2025-05-22T21:00:00Z,2025-05-22T21:01:00Z,YAHOO,proxy,continuous futures proxy
2025-05-22,,YAHOO-CONTINUOUS-ZT,103.3046875,price_points,2025-05-22T21:00:00Z,2025-05-22T21:01:00Z,YAHOO,proxy,continuous futures proxy
2025-05-23,,ERIS-YIT,91.25020000000004,price_points,2025-05-23T21:00:00Z,2025-05-23T21:01:00Z,ERIS,exact,
2025-05-23,,ERIS-YIW,85.2923,price_points,2025-05-23T21:00:00Z,2025-05-23T21:01:00Z,ERIS,exact,
2025-05-23,,YAHOO-CONTINUOUS-ZF,107.6875,price_points,2025-05-23T21:00:00Z,2025-05-23T21:01:00Z,YAHOO,proxy,continuous futures proxy
2025-05-23,,YAHOO-CONTINUOUS-ZT,103.3203125,price_points,2025-05-23T21:00:00Z,2025-05-23T21:01:00Z,YAHOO,proxy,continuous futures proxy
2025-05-27,,ERIS-YIT,91.27860000000004,price_points,2025-05-27T21:00:00Z,2025-05-27T21:01:00Z,ERIS,exact,
2025-05-27,,ERIS-YIW,85.51389999999999,price_points,2025-05-27T21:00:00Z,2025-05-27T21:01:00Z,ERIS,exact,
2025-05-27,,YAHOO-CONTINUOUS-ZF,107.9140625,price_points,2025-05-27T21:00:00Z,2025-05-27T21:01:00Z,YAHOO,proxy,continuous futures proxy
2025-05-27,,YAHOO-CONTINUOUS-ZT,103.36328125,price_points,2025-05-27T21:00:00Z,2025-05-27T21:01:00Z,YAHOO,proxy,continuous futures proxy
2025-05-28,,ERIS-YIT,91.21430000000004,price_points,2025-05-28T21:00:00Z,2025-05-28T21:01:00Z,ERIS,exact,
2025-05-28,,ERIS-YIW,85.3274,price_points,2025-05-28T21:00:00Z,2025-05-28T21:01:00Z,ERIS,exact,
2025-05-28,,YAHOO-CONTINUOUS-ZF,107.71875,price_points,2025-05-28T21:00:00Z,2025-05-28T21:01:00Z,YAHOO,proxy,continuous futures proxy
2025-05-28,,YAHOO-CONTINUOUS-ZT,103.28125,price_points,2025-05-28T21:00:00Z,2025-05-28T21:01:00Z,YAHOO,proxy,continuous futures proxy
2025-05-29,,ERIS-YIT,91.30040000000004,price_points,2025-05-29T21:00:00Z,2025-05-29T21:01:00Z,ERIS,exact,
2025-05-29,,ERIS-YIW,85.54159999999999,price_points,2025-05-29T21:00:00Z,2025-05-29T21:01:00Z,ERIS,exact,
2025-05-29,,YAHOO-CONTINUOUS-ZF,107.9765625,price_points,2025-05-29T21:00:00Z,2025-05-29T21:01:00Z,YAHOO,proxy,continuous futures proxy
2025-05-29,,YAHOO-CONTINUOUS-ZT,103.3671875,price_points,2025-05-29T21:00:00Z,2025-05-29T21:01:00Z,YAHOO,proxy,continuous futures proxy
2025-05-30,,ERIS-YIT,91.33150000000003,price_points,2025-05-30T21:00:00Z,2025-05-30T21:01:00Z,ERIS,exact,
2025-05-30,,ERIS-YIW,85.61479999999999,price_points,2025-05-30T21:00:00Z,2025-05-30T21:01:00Z,ERIS,exact,
2025-05-30,,YAHOO-CONTINUOUS-ZF,108.0859375,price_points,2025-05-30T21:00:00Z,2025-05-30T21:01:00Z,YAHOO,proxy,continuous futures proxy
2025-05-30,,YAHOO-CONTINUOUS-ZT,103.42578125,price_points,2025-05-30T21:00:00Z,2025-05-30T21:01:00Z,YAHOO,proxy,continuous futures proxy
2025-06-02,,ERIS-YIT,91.28460000000004,price_points,2025-06-02T21:00:00Z,2025-06-02T21:01:00Z,ERIS,exact,
2025-06-02,,ERIS-YIW,85.45739999999999,price_points,2025-06-02T21:00:00Z,2025-06-02T21:01:00Z,ERIS,exact,
2025-06-02,,YAHOO-CONTINUOUS-ZF,107.9296875,price_points,2025-06-02T21:00:00Z,2025-06-02T21:01:00Z,YAHOO,proxy,continuous futures proxy
2025-06-02,,YAHOO-CONTINUOUS-ZT,103.37109375,price_points,2025-06-02T21:00:00Z,2025-06-02T21:01:00Z,YAHOO,proxy,continuous futures proxy
2025-06-03,,ERIS-YIT,91.28460000000004,price_points,2025-06-03T21:00:00Z,2025-06-03T21:01:00Z,ERIS,exact,
2025-06-03,,ERIS-YIW,85.39429999999999,price_points,2025-06-03T21:00:00Z,2025-06-03T21:01:00Z,ERIS,exact,
2025-06-03,,YAHOO-CONTINUOUS-ZF,107.8828125,price_points,2025-06-03T21:00:00Z,2025-06-03T21:01:00Z,YAHOO,proxy,continuous futures proxy
2025-06-03,,YAHOO-CONTINUOUS-ZT,103.3515625,price_points,2025-06-03T21:00:00Z,2025-06-03T21:01:00Z,YAHOO,proxy,continuous futures proxy
2025-06-04,,ERIS-YIT,91.44150000000005,price_points,2025-06-04T21:00:00Z,2025-06-04T21:01:00Z,ERIS,exact,
2025-06-04,,ERIS-YIW,85.72009999999999,price_points,2025-06-04T21:00:00Z,2025-06-04T21:01:00Z,ERIS,exact,
2025-06-04,,YAHOO-CONTINUOUS-ZF,108.2890625,price_points,2025-06-04T21:00:00Z,2025-06-04T21:01:00Z,YAHOO,proxy,continuous futures proxy
2025-06-04,,YAHOO-CONTINUOUS-ZT,103.5,price_points,2025-06-04T21:00:00Z,2025-06-04T21:01:00Z,YAHOO,proxy,continuous futures proxy
2025-06-05,,ERIS-YIT,91.35000000000005,price_points,2025-06-05T21:00:00Z,2025-06-05T21:01:00Z,ERIS,exact,
2025-06-05,,ERIS-YIW,85.5127,price_points,2025-06-05T21:00:00Z,2025-06-05T21:01:00Z,ERIS,exact,
2025-06-05,,YAHOO-CONTINUOUS-ZF,108.0234375,price_points,2025-06-05T21:00:00Z,2025-06-05T21:01:00Z,YAHOO,proxy,continuous futures proxy
2025-06-05,,YAHOO-CONTINUOUS-ZT,103.4296875,price_points,2025-06-05T21:00:00Z,2025-06-05T21:01:00Z,YAHOO,proxy,continuous futures proxy
2025-06-06,,ERIS-YIT,91.09510000000004,price_points,2025-06-06T21:00:00Z,2025-06-06T21:01:00Z,ERIS,exact,
2025-06-06,,ERIS-YIW,84.97949999999999,price_points,2025-06-06T21:00:00Z,2025-06-06T21:01:00Z,ERIS,exact,
2025-06-06,,YAHOO-CONTINUOUS-ZF,107.453125,price_points,2025-06-06T21:00:00Z,2025-06-06T21:01:00Z,YAHOO,proxy,continuous futures proxy
2025-06-06,,YAHOO-CONTINUOUS-ZT,103.21875,price_points,2025-06-06T21:00:00Z,2025-06-06T21:01:00Z,YAHOO,proxy,continuous futures proxy
2025-06-09,,ERIS-YIT,91.16750000000005,price_points,2025-06-09T21:00:00Z,2025-06-09T21:01:00Z,ERIS,exact,
2025-06-09,,ERIS-YIW,85.12549999999999,price_points,2025-06-09T21:00:00Z,2025-06-09T21:01:00Z,ERIS,exact,
2025-06-09,,YAHOO-CONTINUOUS-ZF,107.640625,price_points,2025-06-09T21:00:00Z,2025-06-09T21:01:00Z,YAHOO,proxy,continuous futures proxy
2025-06-09,,YAHOO-CONTINUOUS-ZT,103.3125,price_points,2025-06-09T21:00:00Z,2025-06-09T21:01:00Z,YAHOO,proxy,continuous futures proxy
2025-06-10,,ERIS-YIT,91.14970000000004,price_points,2025-06-10T21:00:00Z,2025-06-10T21:01:00Z,ERIS,exact,
2025-06-10,,ERIS-YIW,85.12429999999999,price_points,2025-06-10T21:00:00Z,2025-06-10T21:01:00Z,ERIS,exact,
2025-06-10,,YAHOO-CONTINUOUS-ZF,107.640625,price_points,2025-06-10T21:00:00Z,2025-06-10T21:01:00Z,YAHOO,proxy,continuous futures proxy
2025-06-10,,YAHOO-CONTINUOUS-ZT,103.2890625,price_points,2025-06-10T21:00:00Z,2025-06-10T21:01:00Z,YAHOO,proxy,continuous futures proxy
2025-06-11,,ERIS-YIT,91.27960000000004,price_points,2025-06-11T21:00:00Z,2025-06-11T21:01:00Z,ERIS,exact,
2025-06-11,,ERIS-YIW,85.3963,price_points,2025-06-11T21:00:00Z,2025-06-11T21:01:00Z,ERIS,exact,
2025-06-11,,YAHOO-CONTINUOUS-ZF,107.9765625,price_points,2025-06-11T21:00:00Z,2025-06-11T21:01:00Z,YAHOO,proxy,continuous futures proxy
2025-06-11,,YAHOO-CONTINUOUS-ZT,103.4375,price_points,2025-06-11T21:00:00Z,2025-06-11T21:01:00Z,YAHOO,proxy,continuous futures proxy
2025-06-12,,ERIS-YIT,91.36700000000005,price_points,2025-06-12T21:00:00Z,2025-06-12T21:01:00Z,ERIS,exact,
2025-06-12,,ERIS-YIW,85.59779999999999,price_points,2025-06-12T21:00:00Z,2025-06-12T21:01:00Z,ERIS,exact,
2025-06-12,,YAHOO-CONTINUOUS-ZF,108.171875,price_points,2025-06-12T21:00:00Z,2025-06-12T21:01:00Z,YAHOO,proxy,continuous futures proxy
2025-06-12,,YAHOO-CONTINUOUS-ZT,103.51171875,price_points,2025-06-12T21:00:00Z,2025-06-12T21:01:00Z,YAHOO,proxy,continuous futures proxy
2025-06-13,,ERIS-YIT,91.27080000000005,price_points,2025-06-13T21:00:00Z,2025-06-13T21:01:00Z,ERIS,exact,
2025-06-13,,ERIS-YIW,85.39999999999999,price_points,2025-06-13T21:00:00Z,2025-06-13T21:01:00Z,ERIS,exact,
2025-06-13,,YAHOO-CONTINUOUS-ZF,107.9375,price_points,2025-06-13T21:00:00Z,2025-06-13T21:01:00Z,YAHOO,proxy,continuous futures proxy
2025-06-13,,YAHOO-CONTINUOUS-ZT,103.4140625,price_points,2025-06-13T21:00:00Z,2025-06-13T21:01:00Z,YAHOO,proxy,continuous futures proxy
2025-06-16,,ERIS-YIT,91.23810000000005,price_points,2025-06-16T21:00:00Z,2025-06-16T21:01:00Z,ERIS,exact,
2025-06-16,,ERIS-YIW,85.3337,price_points,2025-06-16T21:00:00Z,2025-06-16T21:01:00Z,ERIS,exact,
2025-06-16,,YAHOO-CONTINUOUS-ZF,107.875,price_points,2025-06-16T21:00:00Z,2025-06-16T21:01:00Z,YAHOO,proxy,continuous futures proxy
2025-06-16,,YAHOO-CONTINUOUS-ZT,103.41796875,price_points,2025-06-16T21:00:00Z,2025-06-16T21:01:00Z,YAHOO,proxy,continuous futures proxy
2025-06-17,,ERIS-YIT,91.27430000000004,price_points,2025-06-17T21:00:00Z,2025-06-17T21:01:00Z,ERIS,exact,
2025-06-17,,ERIS-YIW,85.5,price_points,2025-06-17T21:00:00Z,2025-06-17T21:01:00Z,ERIS,exact,
2025-06-17,,YAHOO-CONTINUOUS-ZF,108.0390625,price_points,2025-06-17T21:00:00Z,2025-06-17T21:01:00Z,YAHOO,proxy,continuous futures proxy
2025-06-17,,YAHOO-CONTINUOUS-ZT,103.453125,price_points,2025-06-17T21:00:00Z,2025-06-17T21:01:00Z,YAHOO,proxy,continuous futures proxy
2025-06-18,,ERIS-YIT,91.28560000000004,price_points,2025-06-18T21:00:00Z,2025-06-18T21:01:00Z,ERIS,exact,
2025-06-18,,ERIS-YIW,85.5038,price_points,2025-06-18T21:00:00Z,2025-06-18T21:01:00Z,ERIS,exact,
2025-06-18,,YAHOO-CONTINUOUS-ZF,108.0546875,price_points,2025-06-18T21:00:00Z,2025-06-18T21:01:00Z,YAHOO,proxy,continuous futures proxy
2025-06-18,,YAHOO-CONTINUOUS-ZT,103.421875,price_points,2025-06-18T21:00:00Z,2025-06-18T21:01:00Z,YAHOO,proxy,continuous futures proxy
2025-06-20,,ERIS-YIT,91.35680000000005,price_points,2025-06-20T21:00:00Z,2025-06-20T21:01:00Z,ERIS,exact,
2025-06-20,,ERIS-YIW,85.64699999999999,price_points,2025-06-20T21:00:00Z,2025-06-20T21:01:00Z,ERIS,exact,
2025-06-20,,YAHOO-CONTINUOUS-ZF,108.171875,price_points,2025-06-20T21:00:00Z,2025-06-20T21:01:00Z,YAHOO,proxy,continuous futures proxy
2025-06-20,,YAHOO-CONTINUOUS-ZT,103.4921875,price_points,2025-06-20T21:00:00Z,2025-06-20T21:01:00Z,YAHOO,proxy,continuous futures proxy
2025-06-23,,ERIS-YIT,91.52930000000005,price_points,2025-06-23T21:00:00Z,2025-06-23T21:01:00Z,ERIS,exact,
2025-06-23,,ERIS-YIW,85.96849999999999,price_points,2025-06-23T21:00:00Z,2025-06-23T21:01:00Z,ERIS,exact,
2025-06-23,,YAHOO-CONTINUOUS-ZF,108.515625,price_points,2025-06-23T21:00:00Z,2025-06-23T21:01:00Z,YAHOO,proxy,continuous futures proxy
2025-06-23,,YAHOO-CONTINUOUS-ZT,103.6171875,price_points,2025-06-23T21:00:00Z,2025-06-23T21:01:00Z,YAHOO,proxy,continuous futures proxy
2025-06-24,,ERIS-YIT,91.57930000000005,price_points,2025-06-24T21:00:00Z,2025-06-24T21:01:00Z,ERIS,exact,
2025-06-24,,ERIS-YIW,86.085,price_points,2025-06-24T21:00:00Z,2025-06-24T21:01:00Z,ERIS,exact,
2025-06-24,,YAHOO-CONTINUOUS-ZF,108.6796875,price_points,2025-06-24T21:00:00Z,2025-06-24T21:01:00Z,YAHOO,proxy,continuous futures proxy
2025-06-24,,YAHOO-CONTINUOUS-ZT,103.68359375,price_points,2025-06-24T21:00:00Z,2025-06-24T21:01:00Z,YAHOO,proxy,continuous futures proxy
2025-06-25,,ERIS-YIT,91.60430000000005,price_points,2025-06-25T21:00:00Z,2025-06-25T21:01:00Z,ERIS,exact,
2025-06-25,,ERIS-YIW,86.1189,price_points,2025-06-25T21:00:00Z,2025-06-25T21:01:00Z,ERIS,exact,
2025-06-25,,YAHOO-CONTINUOUS-ZF,108.71875,price_points,2025-06-25T21:00:00Z,2025-06-25T21:01:00Z,YAHOO,proxy,continuous futures proxy
2025-06-25,,YAHOO-CONTINUOUS-ZT,103.72265625,price_points,2025-06-25T21:00:00Z,2025-06-25T21:01:00Z,YAHOO,proxy,continuous futures proxy
2025-06-26,,ERIS-YIT,91.72680000000004,price_points,2025-06-26T21:00:00Z,2025-06-26T21:01:00Z,ERIS,exact,
2025-06-26,,ERIS-YIW,86.36,price_points,2025-06-26T21:00:00Z,2025-06-26T21:01:00Z,ERIS,exact,
2025-06-26,,YAHOO-CONTINUOUS-ZF,108.9375,price_points,2025-06-26T21:00:00Z,2025-06-26T21:01:00Z,YAHOO,proxy,continuous futures proxy
2025-06-26,,YAHOO-CONTINUOUS-ZT,103.80859375,price_points,2025-06-26T21:00:00Z,2025-06-26T21:01:00Z,YAHOO,proxy,continuous futures proxy
2025-06-27,,ERIS-YIT,91.68930000000005,price_points,2025-06-27T21:00:00Z,2025-06-27T21:01:00Z,ERIS,exact,
2025-06-27,,ERIS-YIW,86.2547,price_points,2025-06-27T21:00:00Z,2025-06-27T21:01:00Z,ERIS,exact,
2025-06-27,,YAHOO-CONTINUOUS-ZF,108.8359375,price_points,2025-06-27T21:00:00Z,2025-06-27T21:01:00Z,YAHOO,proxy,continuous futures proxy
2025-06-27,,YAHOO-CONTINUOUS-ZT,103.77734375,price_points,2025-06-27T21:00:00Z,2025-06-27T21:01:00Z,YAHOO,proxy,continuous futures proxy
2025-06-30,,ERIS-YIT,91.73680000000004,price_points,2025-06-30T21:00:00Z,2025-06-30T21:01:00Z,ERIS,exact,
2025-06-30,,ERIS-YIW,86.36619999999999,price_points,2025-06-30T21:00:00Z,2025-06-30T21:01:00Z,ERIS,exact,
2025-06-30,,YAHOO-CONTINUOUS-ZF,108.859375,price_points,2025-06-30T21:00:00Z,2025-06-30T21:01:00Z,YAHOO,proxy,continuous futures proxy
2025-06-30,,YAHOO-CONTINUOUS-ZT,103.796875,price_points,2025-06-30T21:00:00Z,2025-06-30T21:01:00Z,YAHOO,proxy,continuous futures proxy
2025-07-01,,ERIS-YIT,91.63430000000004,price_points,2025-07-01T21:00:00Z,2025-07-01T21:01:00Z,ERIS,exact,
2025-07-01,,ERIS-YIW,86.16579999999999,price_points,2025-07-01T21:00:00Z,2025-07-01T21:01:00Z,ERIS,exact,
2025-07-01,,YAHOO-CONTINUOUS-ZF,108.7734375,price_points,2025-07-01T21:00:00Z,2025-07-01T21:01:00Z,YAHOO,proxy,continuous futures proxy
2025-07-01,,YAHOO-CONTINUOUS-ZT,103.89453125,price_points,2025-07-01T21:00:00Z,2025-07-01T21:01:00Z,YAHOO,proxy,continuous futures proxy
2025-07-02,,ERIS-YIT,91.61180000000004,price_points,2025-07-02T21:00:00Z,2025-07-02T21:01:00Z,ERIS,exact,
2025-07-02,,ERIS-YIW,86.08109999999999,price_points,2025-07-02T21:00:00Z,2025-07-02T21:01:00Z,ERIS,exact,
2025-07-02,,YAHOO-CONTINUOUS-ZF,108.65625,price_points,2025-07-02T21:00:00Z,2025-07-02T21:01:00Z,YAHOO,proxy,continuous futures proxy
2025-07-02,,YAHOO-CONTINUOUS-ZT,103.875,price_points,2025-07-02T21:00:00Z,2025-07-02T21:01:00Z,YAHOO,proxy,continuous futures proxy
2025-07-03,,ERIS-YIT,91.43430000000005,price_points,2025-07-03T21:00:00Z,2025-07-03T21:01:00Z,ERIS,exact,
2025-07-03,,ERIS-YIW,85.81979999999999,price_points,2025-07-03T21:00:00Z,2025-07-03T21:01:00Z,ERIS,exact,
2025-07-03,,YAHOO-CONTINUOUS-ZF,108.3515625,price_points,2025-07-03T21:00:00Z,2025-07-03T21:01:00Z,YAHOO,proxy,continuous futures proxy
2025-07-03,,YAHOO-CONTINUOUS-ZT,103.6875,price_points,2025-07-03T21:00:00Z,2025-07-03T21:01:00Z,YAHOO,proxy,continuous futures proxy
2025-07-07,,ERIS-YIT,91.40930000000004,price_points,2025-07-07T21:00:00Z,2025-07-07T21:01:00Z,ERIS,exact,
2025-07-07,,ERIS-YIW,85.81979999999999,price_points,2025-07-07T21:00:00Z,2025-07-07T21:01:00Z,ERIS,exact,
2025-07-07,,YAHOO-CONTINUOUS-ZF,108.21875,price_points,2025-07-07T21:00:00Z,2025-07-07T21:01:00Z,YAHOO,proxy,continuous futures proxy
2025-07-07,,YAHOO-CONTINUOUS-ZT,103.65234375,price_points,2025-07-07T21:00:00Z,2025-07-07T21:01:00Z,YAHOO,proxy,continuous futures proxy
2025-07-08,,ERIS-YIT,91.36930000000004,price_points,2025-07-08T21:00:00Z,2025-07-08T21:01:00Z,ERIS,exact,
2025-07-08,,ERIS-YIW,85.73479999999999,price_points,2025-07-08T21:00:00Z,2025-07-08T21:01:00Z,ERIS,exact,
2025-07-08,,YAHOO-CONTINUOUS-ZF,108.140625,price_points,2025-07-08T21:00:00Z,2025-07-08T21:01:00Z,YAHOO,proxy,continuous futures proxy
2025-07-08,,YAHOO-CONTINUOUS-ZT,103.640625,price_points,2025-07-08T21:00:00Z,2025-07-08T21:01:00Z,YAHOO,proxy,continuous futures proxy
2025-07-09,,ERIS-YIT,91.45430000000005,price_points,2025-07-09T21:00:00Z,2025-07-09T21:01:00Z,ERIS,exact,
2025-07-09,,ERIS-YIW,86.01979999999999,price_points,2025-07-09T21:00:00Z,2025-07-09T21:01:00Z,ERIS,exact,
2025-07-09,,YAHOO-CONTINUOUS-ZF,108.4140625,price_points,2025-07-09T21:00:00Z,2025-07-09T21:01:00Z,YAHOO,proxy,continuous futures proxy
2025-07-09,,YAHOO-CONTINUOUS-ZT,103.7265625,price_points,2025-07-09T21:00:00Z,2025-07-09T21:01:00Z,YAHOO,proxy,continuous futures proxy
2025-07-10,,ERIS-YIT,91.43810000000005,price_points,2025-07-10T21:00:00Z,2025-07-10T21:01:00Z,ERIS,exact,
2025-07-10,,ERIS-YIW,85.96979999999999,price_points,2025-07-10T21:00:00Z,2025-07-10T21:01:00Z,ERIS,exact,
2025-07-10,,YAHOO-CONTINUOUS-ZF,108.3671875,price_points,2025-07-10T21:00:00Z,2025-07-10T21:01:00Z,YAHOO,proxy,continuous futures proxy
2025-07-10,,YAHOO-CONTINUOUS-ZT,103.70703125,price_points,2025-07-10T21:00:00Z,2025-07-10T21:01:00Z,YAHOO,proxy,continuous futures proxy
2025-07-11,,ERIS-YIT,91.34560000000005,price_points,2025-07-11T21:00:00Z,2025-07-11T21:01:00Z,ERIS,exact,
2025-07-11,,ERIS-YIW,85.70479999999999,price_points,2025-07-11T21:00:00Z,2025-07-11T21:01:00Z,ERIS,exact,
2025-07-11,,YAHOO-CONTINUOUS-ZF,108.09375,price_points,2025-07-11T21:00:00Z,2025-07-11T21:01:00Z,YAHOO,proxy,continuous futures proxy
2025-07-11,,YAHOO-CONTINUOUS-ZT,103.61328125,price_points,2025-07-11T21:00:00Z,2025-07-11T21:01:00Z,YAHOO,proxy,continuous futures proxy
2025-07-14,,ERIS-YIT,91.36680000000004,price_points,2025-07-14T21:00:00Z,2025-07-14T21:01:00Z,ERIS,exact,
2025-07-14,,ERIS-YIW,85.7298,price_points,2025-07-14T21:00:00Z,2025-07-14T21:01:00Z,ERIS,exact,
2025-07-14,,YAHOO-CONTINUOUS-ZF,108.140625,price_points,2025-07-14T21:00:00Z,2025-07-14T21:01:00Z,YAHOO,proxy,continuous futures proxy
2025-07-14,,YAHOO-CONTINUOUS-ZT,103.64453125,price_points,2025-07-14T21:00:00Z,2025-07-14T21:01:00Z,YAHOO,proxy,continuous futures proxy
2025-07-15,,ERIS-YIT,91.23930000000004,price_points,2025-07-15T21:00:00Z,2025-07-15T21:01:00Z,ERIS,exact,
2025-07-15,,ERIS-YIW,85.4198,price_points,2025-07-15T21:00:00Z,2025-07-15T21:01:00Z,ERIS,exact,
2025-07-15,,YAHOO-CONTINUOUS-ZF,107.8359375,price_points,2025-07-15T21:00:00Z,2025-07-15T21:01:00Z,YAHOO,proxy,continuous futures proxy
2025-07-15,,YAHOO-CONTINUOUS-ZT,103.5234375,price_points,2025-07-15T21:00:00Z,2025-07-15T21:01:00Z,YAHOO,proxy,continuous futures proxy
2025-07-16,,ERIS-YIT,91.38430000000004,price_points,2025-07-16T21:00:00Z,2025-07-16T21:01:00Z,ERIS,exact,
2025-07-16,,ERIS-YIW,85.68979999999999,price_points,2025-07-16T21:00:00Z,2025-07-16T21:01:00Z,ERIS,exact,
2025-07-16,,YAHOO-CONTINUOUS-ZF,108.1328125,price_points,2025-07-16T21:00:00Z,2025-07-16T21:01:00Z,YAHOO,proxy,continuous futures proxy
2025-07-16,,YAHOO-CONTINUOUS-ZT,103.66015625,price_points,2025-07-16T21:00:00Z,2025-07-16T21:01:00Z,YAHOO,proxy,continuous futures proxy
2025-07-17,,ERIS-YIT,91.30810000000004,price_points,2025-07-17T21:00:00Z,2025-07-17T21:01:00Z,ERIS,exact,
2025-07-17,,ERIS-YIW,85.56479999999999,price_points,2025-07-17T21:00:00Z,2025-07-17T21:01:00Z,ERIS,exact,
2025-07-17,,YAHOO-CONTINUOUS-ZF,108.03125,price_points,2025-07-17T21:00:00Z,2025-07-17T21:01:00Z,YAHOO,proxy,continuous futures proxy
2025-07-17,,YAHOO-CONTINUOUS-ZT,103.59765625,price_points,2025-07-17T21:00:00Z,2025-07-17T21:01:00Z,YAHOO,proxy,continuous futures proxy
2025-07-18,,ERIS-YIT,91.38310000000004,price_points,2025-07-18T21:00:00Z,2025-07-18T21:01:00Z,ERIS,exact,
2025-07-18,,ERIS-YIW,85.7498,price_points,2025-07-18T21:00:00Z,2025-07-18T21:01:00Z,ERIS,exact,
2025-07-18,,YAHOO-CONTINUOUS-ZF,108.21875,price_points,2025-07-18T21:00:00Z,2025-07-18T21:01:00Z,YAHOO,proxy,continuous futures proxy
2025-07-18,,YAHOO-CONTINUOUS-ZT,103.66796875,price_points,2025-07-18T21:00:00Z,2025-07-18T21:01:00Z,YAHOO,proxy,continuous futures proxy
2025-07-21,,ERIS-YIT,91.43680000000005,price_points,2025-07-21T21:00:00Z,2025-07-21T21:01:00Z,ERIS,exact,
2025-07-21,,ERIS-YIW,85.98479999999999,price_points,2025-07-21T21:00:00Z,2025-07-21T21:01:00Z,ERIS,exact,
2025-07-21,,YAHOO-CONTINUOUS-ZF,108.4453125,price_points,2025-07-21T21:00:00Z,2025-07-21T21:01:00Z,YAHOO,proxy,continuous futures proxy
2025-07-21,,YAHOO-CONTINUOUS-ZT,103.71875,price_points,2025-07-21T21:00:00Z,2025-07-21T21:01:00Z,YAHOO,proxy,continuous futures proxy
2025-07-22,,ERIS-YIT,91.48180000000005,price_points,2025-07-22T21:00:00Z,2025-07-22T21:01:00Z,ERIS,exact,
2025-07-22,,ERIS-YIW,86.10979999999999,price_points,2025-07-22T21:00:00Z,2025-07-22T21:01:00Z,ERIS,exact,
2025-07-22,,YAHOO-CONTINUOUS-ZF,108.5703125,price_points,2025-07-22T21:00:00Z,2025-07-22T21:01:00Z,YAHOO,proxy,continuous futures proxy
2025-07-22,,YAHOO-CONTINUOUS-ZT,103.7578125,price_points,2025-07-22T21:00:00Z,2025-07-22T21:01:00Z,YAHOO,proxy,continuous futures proxy
2025-07-23,,ERIS-YIT,91.37180000000005,price_points,2025-07-23T21:00:00Z,2025-07-23T21:01:00Z,ERIS,exact,
2025-07-23,,ERIS-YIW,85.84479999999999,price_points,2025-07-23T21:00:00Z,2025-07-23T21:01:00Z,ERIS,exact,
2025-07-23,,YAHOO-CONTINUOUS-ZF,108.3203125,price_points,2025-07-23T21:00:00Z,2025-07-23T21:01:00Z,YAHOO,proxy,continuous futures proxy
2025-07-23,,YAHOO-CONTINUOUS-ZT,103.66015625,price_points,2025-07-23T21:00:00Z,2025-07-23T21:01:00Z,YAHOO,proxy,continuous futures proxy
2025-07-24,,ERIS-YIT,91.28550000000004,price_points,2025-07-24T21:00:00Z,2025-07-24T21:01:00Z,ERIS,exact,
2025-07-24,,ERIS-YIW,85.67479999999999,price_points,2025-07-24T21:00:00Z,2025-07-24T21:01:00Z,ERIS,exact,
2025-07-24,,YAHOO-CONTINUOUS-ZF,108.1484375,price_points,2025-07-24T21:00:00Z,2025-07-24T21:01:00Z,YAHOO,proxy,continuous futures proxy
2025-07-24,,YAHOO-CONTINUOUS-ZT,103.57421875,price_points,2025-07-24T21:00:00Z,2025-07-24T21:01:00Z,YAHOO,proxy,continuous futures proxy
2025-07-25,,ERIS-YIT,91.30430000000004,price_points,2025-07-25T21:00:00Z,2025-07-25T21:01:00Z,ERIS,exact,
2025-07-25,,ERIS-YIW,85.7498,price_points,2025-07-25T21:00:00Z,2025-07-25T21:01:00Z,ERIS,exact,
2025-07-25,,YAHOO-CONTINUOUS-ZF,108.2421875,price_points,2025-07-25T21:00:00Z,2025-07-25T21:01:00Z,YAHOO,proxy,continuous futures proxy
2025-07-25,,YAHOO-CONTINUOUS-ZT,103.58984375,price_points,2025-07-25T21:00:00Z,2025-07-25T21:01:00Z,YAHOO,proxy,continuous futures proxy
2025-07-28,,ERIS-YIT,91.27300000000004,price_points,2025-07-28T21:00:00Z,2025-07-28T21:01:00Z,ERIS,exact,
2025-07-28,,ERIS-YIW,85.64479999999999,price_points,2025-07-28T21:00:00Z,2025-07-28T21:01:00Z,ERIS,exact,
2025-07-28,,YAHOO-CONTINUOUS-ZF,108.140625,price_points,2025-07-28T21:00:00Z,2025-07-28T21:01:00Z,YAHOO,proxy,continuous futures proxy
2025-07-28,,YAHOO-CONTINUOUS-ZT,103.5625,price_points,2025-07-28T21:00:00Z,2025-07-28T21:01:00Z,YAHOO,proxy,continuous futures proxy
2025-07-29,,ERIS-YIT,91.36680000000004,price_points,2025-07-29T21:00:00Z,2025-07-29T21:01:00Z,ERIS,exact,
2025-07-29,,ERIS-YIW,85.97479999999999,price_points,2025-07-29T21:00:00Z,2025-07-29T21:01:00Z,ERIS,exact,
2025-07-29,,YAHOO-CONTINUOUS-ZF,108.4453125,price_points,2025-07-29T21:00:00Z,2025-07-29T21:01:00Z,YAHOO,proxy,continuous futures proxy
2025-07-29,,YAHOO-CONTINUOUS-ZT,103.65234375,price_points,2025-07-29T21:00:00Z,2025-07-29T21:01:00Z,YAHOO,proxy,continuous futures proxy
2025-07-30,,ERIS-YIT,91.23300000000005,price_points,2025-07-30T21:00:00Z,2025-07-30T21:01:00Z,ERIS,exact,
2025-07-30,,ERIS-YIW,85.7148,price_points,2025-07-30T21:00:00Z,2025-07-30T21:01:00Z,ERIS,exact,
2025-07-30,,YAHOO-CONTINUOUS-ZF,108.1875,price_points,2025-07-30T21:00:00Z,2025-07-30T21:01:00Z,YAHOO,proxy,continuous futures proxy
2025-07-30,,YAHOO-CONTINUOUS-ZT,103.52734375,price_points,2025-07-30T21:00:00Z,2025-07-30T21:01:00Z,YAHOO,proxy,continuous futures proxy
2025-07-31,,ERIS-YIT,91.17680000000004,price_points,2025-07-31T21:00:00Z,2025-07-31T21:01:00Z,ERIS,exact,
2025-07-31,,ERIS-YIW,85.7148,price_points,2025-07-31T21:00:00Z,2025-07-31T21:01:00Z,ERIS,exact,
2025-07-31,,YAHOO-CONTINUOUS-ZF,108.171875,price_points,2025-07-31T21:00:00Z,2025-07-31T21:01:00Z,YAHOO,proxy,continuous futures proxy
2025-07-31,,YAHOO-CONTINUOUS-ZT,103.4921875,price_points,2025-07-31T21:00:00Z,2025-07-31T21:01:00Z,YAHOO,proxy,continuous futures proxy
2025-08-01,,ERIS-YIT,91.65310000000005,price_points,2025-08-01T21:00:00Z,2025-08-01T21:01:00Z,ERIS,exact,
2025-08-01,,ERIS-YIW,86.53979999999999,price_points,2025-08-01T21:00:00Z,2025-08-01T21:01:00Z,ERIS,exact,
2025-08-01,,YAHOO-CONTINUOUS-ZF,109.0234375,price_points,2025-08-01T21:00:00Z,2025-08-01T21:01:00Z,YAHOO,proxy,continuous futures proxy
2025-08-01,,YAHOO-CONTINUOUS-ZT,103.9609375,price_points,2025-08-01T21:00:00Z,2025-08-01T21:01:00Z,YAHOO,proxy,continuous futures proxy
2025-08-04,,ERIS-YIT,91.70430000000005,price_points,2025-08-04T21:00:00Z,2025-08-04T21:01:00Z,ERIS,exact,
2025-08-04,,ERIS-YIW,86.6998,price_points,2025-08-04T21:00:00Z,2025-08-04T21:01:00Z,ERIS,exact,
2025-08-04,,YAHOO-CONTINUOUS-ZF,109.140625,price_points,2025-08-04T21:00:00Z,2025-08-04T21:01:00Z,YAHOO,proxy,continuous futures proxy
2025-08-04,,YAHOO-CONTINUOUS-ZT,104,price_points,2025-08-04T21:00:00Z,2025-08-04T21:01:00Z,YAHOO,proxy,continuous futures proxy
2025-08-05,,ERIS-YIT,91.63930000000005,price_points,2025-08-05T21:00:00Z,2025-08-05T21:01:00Z,ERIS,exact,
2025-08-05,,ERIS-YIW,86.60979999999999,price_points,2025-08-05T21:00:00Z,2025-08-05T21:01:00Z,ERIS,exact,
2025-08-05,,YAHOO-CONTINUOUS-ZF,109.0546875,price_points,2025-08-05T21:00:00Z,2025-08-05T21:01:00Z,YAHOO,proxy,continuous futures proxy
2025-08-05,,YAHOO-CONTINUOUS-ZT,103.9296875,price_points,2025-08-05T21:00:00Z,2025-08-05T21:01:00Z,YAHOO,proxy,continuous futures proxy
2025-08-06,,ERIS-YIT,91.67680000000004,price_points,2025-08-06T21:00:00Z,2025-08-06T21:01:00Z,ERIS,exact,
2025-08-06,,ERIS-YIW,86.5898,price_points,2025-08-06T21:00:00Z,2025-08-06T21:01:00Z,ERIS,exact,
2025-08-06,,YAHOO-CONTINUOUS-ZF,109.0546875,price_points,2025-08-06T21:00:00Z,2025-08-06T21:01:00Z,YAHOO,proxy,continuous futures proxy
2025-08-06,,YAHOO-CONTINUOUS-ZT,103.95703125,price_points,2025-08-06T21:00:00Z,2025-08-06T21:01:00Z,YAHOO,proxy,continuous futures proxy
2025-08-07,,ERIS-YIT,91.60800000000005,price_points,2025-08-07T21:00:00Z,2025-08-07T21:01:00Z,ERIS,exact,
2025-08-07,,ERIS-YIW,86.4648,price_points,2025-08-07T21:00:00Z,2025-08-07T21:01:00Z,ERIS,exact,
2025-08-07,,YAHOO-CONTINUOUS-ZF,108.921875,price_points,2025-08-07T21:00:00Z,2025-08-07T21:01:00Z,YAHOO,proxy,continuous futures proxy
2025-08-07,,YAHOO-CONTINUOUS-ZT,103.890625,price_points,2025-08-07T21:00:00Z,2025-08-07T21:01:00Z,YAHOO,proxy,continuous futures proxy
2025-08-08,,ERIS-YIT,91.54680000000005,price_points,2025-08-08T21:00:00Z,2025-08-08T21:01:00Z,ERIS,exact,
2025-08-08,,ERIS-YIW,86.2948,price_points,2025-08-08T21:00:00Z,2025-08-08T21:01:00Z,ERIS,exact,
2025-08-08,,YAHOO-CONTINUOUS-ZF,108.7421875,price_points,2025-08-08T21:00:00Z,2025-08-08T21:01:00Z,YAHOO,proxy,continuous futures proxy
2025-08-08,,YAHOO-CONTINUOUS-ZT,103.83984375,price_points,2025-08-08T21:00:00Z,2025-08-08T21:01:00Z,YAHOO,proxy,continuous futures proxy
2025-08-11,,ERIS-YIT,91.55060000000005,price_points,2025-08-11T21:00:00Z,2025-08-11T21:01:00Z,ERIS,exact,
2025-08-11,,ERIS-YIW,86.3098,price_points,2025-08-11T21:00:00Z,2025-08-11T21:01:00Z,ERIS,exact,
2025-08-11,,YAHOO-CONTINUOUS-ZF,108.765625,price_points,2025-08-11T21:00:00Z,2025-08-11T21:01:00Z,YAHOO,proxy,continuous futures proxy
2025-08-11,,YAHOO-CONTINUOUS-ZT,103.84375,price_points,2025-08-11T21:00:00Z,2025-08-11T21:01:00Z,YAHOO,proxy,continuous futures proxy
2025-08-12,,ERIS-YIT,91.60300000000005,price_points,2025-08-12T21:00:00Z,2025-08-12T21:01:00Z,ERIS,exact,
2025-08-12,,ERIS-YIW,86.31979999999999,price_points,2025-08-12T21:00:00Z,2025-08-12T21:01:00Z,ERIS,exact,
2025-08-12,,YAHOO-CONTINUOUS-ZF,108.78125,price_points,2025-08-12T21:00:00Z,2025-08-12T21:01:00Z,YAHOO,proxy,continuous futures proxy
2025-08-12,,YAHOO-CONTINUOUS-ZT,103.890625,price_points,2025-08-12T21:00:00Z,2025-08-12T21:01:00Z,YAHOO,proxy,continuous futures proxy
2025-08-13,,ERIS-YIT,91.68680000000005,price_points,2025-08-13T21:00:00Z,2025-08-13T21:01:00Z,ERIS,exact,
2025-08-13,,ERIS-YIW,86.53979999999999,price_points,2025-08-13T21:00:00Z,2025-08-13T21:01:00Z,ERIS,exact,
2025-08-13,,YAHOO-CONTINUOUS-ZF,109,price_points,2025-08-13T21:00:00Z,2025-08-13T21:01:00Z,YAHOO,proxy,continuous futures proxy
2025-08-13,,YAHOO-CONTINUOUS-ZT,103.96484375,price_points,2025-08-13T21:00:00Z,2025-08-13T21:01:00Z,YAHOO,proxy,continuous futures proxy
2025-08-14,,ERIS-YIT,91.57930000000005,price_points,2025-08-14T21:00:00Z,2025-08-14T21:01:00Z,ERIS,exact,
2025-08-14,,ERIS-YIW,86.30479999999999,price_points,2025-08-14T21:00:00Z,2025-08-14T21:01:00Z,ERIS,exact,
2025-08-14,,YAHOO-CONTINUOUS-ZF,108.7734375,price_points,2025-08-14T21:00:00Z,2025-08-14T21:01:00Z,YAHOO,proxy,continuous futures proxy
2025-08-14,,YAHOO-CONTINUOUS-ZT,103.8671875,price_points,2025-08-14T21:00:00Z,2025-08-14T21:01:00Z,YAHOO,proxy,continuous futures proxy
2025-08-15,,ERIS-YIT,91.52930000000005,price_points,2025-08-15T21:00:00Z,2025-08-15T21:01:00Z,ERIS,exact,
2025-08-15,,ERIS-YIW,86.18979999999999,price_points,2025-08-15T21:00:00Z,2025-08-15T21:01:00Z,ERIS,exact,
2025-08-15,,YAHOO-CONTINUOUS-ZF,108.6796875,price_points,2025-08-15T21:00:00Z,2025-08-15T21:01:00Z,YAHOO,proxy,continuous futures proxy
2025-08-15,,YAHOO-CONTINUOUS-ZT,103.8203125,price_points,2025-08-15T21:00:00Z,2025-08-15T21:01:00Z,YAHOO,proxy,continuous futures proxy
2025-08-18,,ERIS-YIT,91.49680000000005,price_points,2025-08-18T21:00:00Z,2025-08-18T21:01:00Z,ERIS,exact,
2025-08-18,,ERIS-YIW,86.14479999999999,price_points,2025-08-18T21:00:00Z,2025-08-18T21:01:00Z,ERIS,exact,
2025-08-18,,YAHOO-CONTINUOUS-ZF,108.625,price_points,2025-08-18T21:00:00Z,2025-08-18T21:01:00Z,YAHOO,proxy,continuous futures proxy
2025-08-18,,YAHOO-CONTINUOUS-ZT,103.7890625,price_points,2025-08-18T21:00:00Z,2025-08-18T21:01:00Z,YAHOO,proxy,continuous futures proxy
2025-08-19,,ERIS-YIT,91.53180000000005,price_points,2025-08-19T21:00:00Z,2025-08-19T21:01:00Z,ERIS,exact,
2025-08-19,,ERIS-YIW,86.28979999999999,price_points,2025-08-19T21:00:00Z,2025-08-19T21:01:00Z,ERIS,exact,
2025-08-19,,YAHOO-CONTINUOUS-ZF,108.75,price_points,2025-08-19T21:00:00Z,2025-08-19T21:01:00Z,YAHOO,proxy,continuous futures proxy
2025-08-19,,YAHOO-CONTINUOUS-ZT,103.8203125,price_points,2025-08-19T21:00:00Z,2025-08-19T21:01:00Z,YAHOO,proxy,continuous futures proxy
2025-08-20,,ERIS-YIT,91.55430000000004,price_points,2025-08-20T21:00:00Z,2025-08-20T21:01:00Z,ERIS,exact,
2025-08-20,,ERIS-YIW,86.3398,price_points,2025-08-20T21:00:00Z,2025-08-20T21:01:00Z,ERIS,exact,
2025-08-20,,YAHOO-CONTINUOUS-ZF,108.8125,price_points,2025-08-20T21:00:00Z,2025-08-20T21:01:00Z,YAHOO,proxy,continuous futures proxy
2025-08-20,,YAHOO-CONTINUOUS-ZT,103.83984375,price_points,2025-08-20T21:00:00Z,2025-08-20T21:01:00Z,YAHOO,proxy,continuous futures proxy
2025-08-21,,ERIS-YIT,91.46180000000004,price_points,2025-08-21T21:00:00Z,2025-08-21T21:01:00Z,ERIS,exact,
2025-08-21,,ERIS-YIW,86.1248,price_points,2025-08-21T21:00:00Z,2025-08-21T21:01:00Z,ERIS,exact,
2025-08-21,,YAHOO-CONTINUOUS-ZF,108.6015625,price_points,2025-08-21T21:00:00Z,2025-08-21T21:01:00Z,YAHOO,proxy,continuous futures proxy
2025-08-21,,YAHOO-CONTINUOUS-ZT,103.7578125,price_points,2025-08-21T21:00:00Z,2025-08-21T21:01:00Z,YAHOO,proxy,continuous futures proxy
2025-08-22,,ERIS-YIT,91.66300000000004,price_points,2025-08-22T21:00:00Z,2025-08-22T21:01:00Z,ERIS,exact,
2025-08-22,,ERIS-YIW,86.56479999999999,price_points,2025-08-22T21:00:00Z,2025-08-22T21:01:00Z,ERIS,exact,
2025-08-22,,YAHOO-CONTINUOUS-ZF,109.046875,price_points,2025-08-22T21:00:00Z,2025-08-22T21:01:00Z,YAHOO,proxy,continuous futures proxy
2025-08-22,,YAHOO-CONTINUOUS-ZT,103.94140625,price_points,2025-08-22T21:00:00Z,2025-08-22T21:01:00Z,YAHOO,proxy,continuous futures proxy
2025-08-25,,ERIS-YIT,91.58430000000004,price_points,2025-08-25T21:00:00Z,2025-08-25T21:01:00Z,ERIS,exact,
2025-08-25,,ERIS-YIW,86.45979999999999,price_points,2025-08-25T21:00:00Z,2025-08-25T21:01:00Z,ERIS,exact,
2025-08-25,,YAHOO-CONTINUOUS-ZF,108.90625,price_points,2025-08-25T21:00:00Z,2025-08-25T21:01:00Z,YAHOO,proxy,continuous futures proxy
2025-08-25,,YAHOO-CONTINUOUS-ZT,103.85546875,price_points,2025-08-25T21:00:00Z,2025-08-25T21:01:00Z,YAHOO,proxy,continuous futures proxy
2025-08-26,,ERIS-YIT,91.68800000000005,price_points,2025-08-26T21:00:00Z,2025-08-26T21:01:00Z,ERIS,exact,
2025-08-26,,ERIS-YIW,86.68979999999999,price_points,2025-08-26T21:00:00Z,2025-08-26T21:01:00Z,ERIS,exact,
2025-08-26,,YAHOO-CONTINUOUS-ZF,109.125,price_points,2025-08-26T21:00:00Z,2025-08-26T21:01:00Z,YAHOO,proxy,continuous futures proxy
2025-08-26,,YAHOO-CONTINUOUS-ZT,103.94921875,price_points,2025-08-26T21:00:00Z,2025-08-26T21:01:00Z,YAHOO,proxy,continuous futures proxy
2025-08-27,,ERIS-YIT,91.73050000000005,price_points,2025-08-27T21:00:00Z,2025-08-27T21:01:00Z,ERIS,exact,
2025-08-27,,ERIS-YIW,86.8398,price_points,2025-08-27T21:00:00Z,2025-08-27T21:01:00Z,ERIS,exact,
2025-08-27,,YAHOO-CONTINUOUS-ZF,109.2578125,price_points,2025-08-27T21:00:00Z,2025-08-27T21:01:00Z,YAHOO,proxy,continuous futures proxy
2025-08-27,,YAHOO-CONTINUOUS-ZT,103.984375,price_points,2025-08-27T21:00:00Z,2025-08-27T21:01:00Z,YAHOO,proxy,continuous futures proxy
2025-08-28,,ERIS-YIT,91.69680000000004,price_points,2025-08-28T21:00:00Z,2025-08-28T21:01:00Z,ERIS,exact,
2025-08-28,,ERIS-YIW,86.85979999999999,price_points,2025-08-28T21:00:00Z,2025-08-28T21:01:00Z,ERIS,exact,
2025-08-28,,YAHOO-CONTINUOUS-ZF,109.2890625,price_points,2025-08-28T21:00:00Z,2025-08-28T21:01:00Z,YAHOO,proxy,continuous futures proxy
2025-08-28,,YAHOO-CONTINUOUS-ZT,103.9609375,price_points,2025-08-28T21:00:00Z,2025-08-28T21:01:00Z,YAHOO,proxy,continuous futures proxy
2025-08-29,,ERIS-YIT,91.71050000000004,price_points,2025-08-29T21:00:00Z,2025-08-29T21:01:00Z,ERIS,exact,
2025-08-29,,ERIS-YIW,86.8398,price_points,2025-08-29T21:00:00Z,2025-08-29T21:01:00Z,ERIS,exact,
2025-08-29,,YAHOO-CONTINUOUS-ZF,109.296875,price_points,2025-08-29T21:00:00Z,2025-08-29T21:01:00Z,YAHOO,proxy,continuous futures proxy
2025-08-29,,YAHOO-CONTINUOUS-ZT,103.98828125,price_points,2025-08-29T21:00:00Z,2025-08-29T21:01:00Z,YAHOO,proxy,continuous futures proxy
2025-09-02,,ERIS-YIT,91.64300000000004,price_points,2025-09-02T21:00:00Z,2025-09-02T21:01:00Z,ERIS,exact,
2025-09-02,,ERIS-YIW,86.65979999999999,price_points,2025-09-02T21:00:00Z,2025-09-02T21:01:00Z,ERIS,exact,
2025-09-02,,YAHOO-CONTINUOUS-ZF,109.1015625,price_points,2025-09-02T21:00:00Z,2025-09-02T21:01:00Z,YAHOO,proxy,continuous futures proxy
2025-09-02,,YAHOO-CONTINUOUS-ZT,103.9296875,price_points,2025-09-02T21:00:00Z,2025-09-02T21:01:00Z,YAHOO,proxy,continuous futures proxy
2025-09-03,,ERIS-YIT,91.72430000000004,price_points,2025-09-03T21:00:00Z,2025-09-03T21:01:00Z,ERIS,exact,
2025-09-03,,ERIS-YIW,86.9048,price_points,2025-09-03T21:00:00Z,2025-09-03T21:01:00Z,ERIS,exact,
2025-09-03,,YAHOO-CONTINUOUS-ZF,109.3359375,price_points,2025-09-03T21:00:00Z,2025-09-03T21:01:00Z,YAHOO,proxy,continuous futures proxy
2025-09-03,,YAHOO-CONTINUOUS-ZT,104.0078125,price_points,2025-09-03T21:00:00Z,2025-09-03T21:01:00Z,YAHOO,proxy,continuous futures proxy
2025-09-04,,ERIS-YIT,91.76300000000005,price_points,2025-09-04T21:00:00Z,2025-09-04T21:01:00Z,ERIS,exact,
2025-09-04,,ERIS-YIW,87.04979999999999,price_points,2025-09-04T21:00:00Z,2025-09-04T21:01:00Z,ERIS,exact,
2025-09-04,,YAHOO-CONTINUOUS-ZF,109.4609375,price_points,2025-09-04T21:00:00Z,2025-09-04T21:01:00Z,YAHOO,proxy,continuous futures proxy
2025-09-04,,YAHOO-CONTINUOUS-ZT,104.046875,price_points,2025-09-04T21:00:00Z,2025-09-04T21:01:00Z,YAHOO,proxy,continuous futures proxy
2025-09-05,,ERIS-YIT,91.92680000000004,price_points,2025-09-05T21:00:00Z,2025-09-05T21:01:00Z,ERIS,exact,
2025-09-05,,ERIS-YIW,87.3698,price_points,2025-09-05T21:00:00Z,2025-09-05T21:01:00Z,ERIS,exact,
2025-09-05,,YAHOO-CONTINUOUS-ZF,109.7578125,price_points,2025-09-05T21:00:00Z,2025-09-05T21:01:00Z,YAHOO,proxy,continuous futures proxy
2025-09-05,,YAHOO-CONTINUOUS-ZT,104.19921875,price_points,2025-09-05T21:00:00Z,2025-09-05T21:01:00Z,YAHOO,proxy,continuous futures proxy
2025-09-08,,ERIS-YIT,91.96050000000004,price_points,2025-09-08T21:00:00Z,2025-09-08T21:01:00Z,ERIS,exact,
2025-09-08,,ERIS-YIW,87.45979999999999,price_points,2025-09-08T21:00:00Z,2025-09-08T21:01:00Z,ERIS,exact,
2025-09-08,,YAHOO-CONTINUOUS-ZF,109.8125,price_points,2025-09-08T21:00:00Z,2025-09-08T21:01:00Z,YAHOO,proxy,continuous futures proxy
2025-09-08,,YAHOO-CONTINUOUS-ZT,104.21875,price_points,2025-09-08T21:00:00Z,2025-09-08T21:01:00Z,YAHOO,proxy,continuous futures proxy
2025-09-09,,ERIS-YIT,91.86800000000005,price_points,2025-09-09T21:00:00Z,2025-09-09T21:01:00Z,ERIS,exact,
2025-09-09,,ERIS-YIW,87.3248,price_points,2025-09-09T21:00:00Z,2025-09-09T21:01:00Z,ERIS,exact,
2025-09-09,,YAHOO-CONTINUOUS-ZF,109.6640625,price_points,2025-09-09T21:00:00Z,2025-09-09T21:01:00Z,YAHOO,proxy,continuous futures proxy
2025-09-09,,YAHOO-CONTINUOUS-ZT,104.12890625,price_points,2025-09-09T21:00:00Z,2025-09-09T21:01:00Z,YAHOO,proxy,continuous futures proxy
2025-09-10,,ERIS-YIT,91.88680000000005,price_points,2025-09-10T21:00:00Z,2025-09-10T21:01:00Z,ERIS,exact,
2025-09-10,,ERIS-YIW,87.4048,price_points,2025-09-10T21:00:00Z,2025-09-10T21:01:00Z,ERIS,exact,
2025-09-10,,YAHOO-CONTINUOUS-ZF,109.7265625,price_points,2025-09-10T21:00:00Z,2025-09-10T21:01:00Z,YAHOO,proxy,continuous futures proxy
2025-09-10,,YAHOO-CONTINUOUS-ZT,104.140625,price_points,2025-09-10T21:00:00Z,2025-09-10T21:01:00Z,YAHOO,proxy,continuous futures proxy
2025-09-11,,ERIS-YIT,91.89680000000004,price_points,2025-09-11T21:00:00Z,2025-09-11T21:01:00Z,ERIS,exact,
2025-09-11,,ERIS-YIW,87.40979999999999,price_points,2025-09-11T21:00:00Z,2025-09-11T21:01:00Z,ERIS,exact,
2025-09-11,,YAHOO-CONTINUOUS-ZF,109.7265625,price_points,2025-09-11T21:00:00Z,2025-09-11T21:01:00Z,YAHOO,proxy,continuous futures proxy
2025-09-11,,YAHOO-CONTINUOUS-ZT,104.16015625,price_points,2025-09-11T21:00:00Z,2025-09-11T21:01:00Z,YAHOO,proxy,continuous futures proxy
2025-09-12,,ERIS-YIT,91.83430000000004,price_points,2025-09-12T21:00:00Z,2025-09-12T21:01:00Z,ERIS,exact,
2025-09-12,,ERIS-YIW,87.21979999999999,price_points,2025-09-12T21:00:00Z,2025-09-12T21:01:00Z,ERIS,exact,
2025-09-12,,YAHOO-CONTINUOUS-ZF,109.53125,price_points,2025-09-12T21:00:00Z,2025-09-12T21:01:00Z,YAHOO,proxy,continuous futures proxy
2025-09-12,,YAHOO-CONTINUOUS-ZT,104.1015625,price_points,2025-09-12T21:00:00Z,2025-09-12T21:01:00Z,YAHOO,proxy,continuous futures proxy
2025-09-15,,ERIS-YIT,91.85580000000004,price_points,2025-09-15T21:00:00Z,2025-09-15T21:01:00Z,ERIS,exact,
2025-09-15,,ERIS-YIW,87.3154,price_points,2025-09-15T21:00:00Z,2025-09-15T21:01:00Z,ERIS,exact,
2025-09-15,,YAHOO-CONTINUOUS-ZF,109.625,price_points,2025-09-15T21:00:00Z,2025-09-15T21:01:00Z,YAHOO,proxy,continuous futures proxy
2025-09-15,,YAHOO-CONTINUOUS-ZT,104.1328125,price_points,2025-09-15T21:00:00Z,2025-09-15T21:01:00Z,YAHOO,proxy,continuous futures proxy
2025-09-16,,ERIS-YIT,91.90140000000004,price_points,2025-09-16T21:00:00Z,2025-09-16T21:01:00Z,ERIS,exact,
2025-09-16,,ERIS-YIW,87.3795,price_points,2025-09-16T21:00:00Z,2025-09-16T21:01:00Z,ERIS,exact,
2025-09-16,,YAHOO-CONTINUOUS-ZF,109.71875,price_points,2025-09-16T21:00:00Z,2025-09-16T21:01:00Z,YAHOO,proxy,continuous futures proxy
2025-09-16,,YAHOO-CONTINUOUS-ZT,104.171875,price_points,2025-09-16T21:00:00Z,2025-09-16T21:01:00Z,YAHOO,proxy,continuous futures proxy
2025-09-17,,ERIS-YIT,91.82840000000004,price_points,2025-09-17T21:00:00Z,2025-09-17T21:01:00Z,ERIS,exact,
2025-09-17,,ERIS-YIW,87.06859999999999,price_points,2025-09-17T21:00:00Z,2025-09-17T21:01:00Z,ERIS,exact,
2025-09-17,,YAHOO-CONTINUOUS-ZF,109.4453125,price_points,2025-09-17T21:00:00Z,2025-09-17T21:01:00Z,YAHOO,proxy,continuous futures proxy
2025-09-17,,YAHOO-CONTINUOUS-ZT,104.08984375,price_points,2025-09-17T21:00:00Z,2025-09-17T21:01:00Z,YAHOO,proxy,continuous futures proxy
2025-09-18,,ERIS-YIT,91.78150000000005,price_points,2025-09-18T21:00:00Z,2025-09-18T21:01:00Z,ERIS,exact,
2025-09-18,,ERIS-YIW,86.98649999999999,price_points,2025-09-18T21:00:00Z,2025-09-18T21:01:00Z,ERIS,exact,
2025-09-18,,YAHOO-CONTINUOUS-ZF,109.390625,price_points,2025-09-18T21:00:00Z,2025-09-18T21:01:00Z,YAHOO,proxy,continuous futures proxy
2025-09-18,,YAHOO-CONTINUOUS-ZT,104.0625,price_points,2025-09-18T21:00:00Z,2025-09-18T21:01:00Z,YAHOO,proxy,continuous futures proxy
2025-09-19,,ERIS-YIT,91.74870000000004,price_points,2025-09-19T21:00:00Z,2025-09-19T21:01:00Z,ERIS,exact,
2025-09-19,,ERIS-YIW,86.8676,price_points,2025-09-19T21:00:00Z,2025-09-19T21:01:00Z,ERIS,exact,
2025-09-19,,YAHOO-CONTINUOUS-ZF,109.28125,price_points,2025-09-19T21:00:00Z,2025-09-19T21:01:00Z,YAHOO,proxy,continuous futures proxy
2025-09-19,,YAHOO-CONTINUOUS-ZT,104.0390625,price_points,2025-09-19T21:00:00Z,2025-09-19T21:01:00Z,YAHOO,proxy,continuous futures proxy
2025-09-22,,ERIS-YIT,91.70780000000005,price_points,2025-09-22T21:00:00Z,2025-09-22T21:01:00Z,ERIS,exact,
2025-09-22,,ERIS-YIW,86.8158,price_points,2025-09-22T21:00:00Z,2025-09-22T21:01:00Z,ERIS,exact,
2025-09-22,,YAHOO-CONTINUOUS-ZF,109.2578125,price_points,2025-09-22T21:00:00Z,2025-09-22T21:01:00Z,YAHOO,proxy,continuous futures proxy
2025-09-22,,YAHOO-CONTINUOUS-ZT,104.015625,price_points,2025-09-22T21:00:00Z,2025-09-22T21:01:00Z,YAHOO,proxy,continuous futures proxy
2025-09-23,,ERIS-YIT,91.72200000000005,price_points,2025-09-23T21:00:00Z,2025-09-23T21:01:00Z,ERIS,exact,
2025-09-23,,ERIS-YIW,86.90079999999999,price_points,2025-09-23T21:00:00Z,2025-09-23T21:01:00Z,ERIS,exact,
2025-09-23,,YAHOO-CONTINUOUS-ZF,109.3203125,price_points,2025-09-23T21:00:00Z,2025-09-23T21:01:00Z,YAHOO,proxy,continuous futures proxy
2025-09-23,,YAHOO-CONTINUOUS-ZT,104.02734375,price_points,2025-09-23T21:00:00Z,2025-09-23T21:01:00Z,YAHOO,proxy,continuous futures proxy
2025-09-24,,ERIS-YIT,91.67270000000005,price_points,2025-09-24T21:00:00Z,2025-09-24T21:01:00Z,ERIS,exact,
2025-09-24,,ERIS-YIW,86.7431,price_points,2025-09-24T21:00:00Z,2025-09-24T21:01:00Z,ERIS,exact,
2025-09-24,,YAHOO-CONTINUOUS-ZF,109.1484375,price_points,2025-09-24T21:00:00Z,2025-09-24T21:01:00Z,YAHOO,proxy,continuous futures proxy
2025-09-24,,YAHOO-CONTINUOUS-ZT,103.98828125,price_points,2025-09-24T21:00:00Z,2025-09-24T21:01:00Z,YAHOO,proxy,continuous futures proxy
2025-09-25,,ERIS-YIT,91.52810000000005,price_points,2025-09-25T21:00:00Z,2025-09-25T21:01:00Z,ERIS,exact,
2025-09-25,,ERIS-YIW,86.4473,price_points,2025-09-25T21:00:00Z,2025-09-25T21:01:00Z,ERIS,exact,
2025-09-25,,YAHOO-CONTINUOUS-ZF,108.9453125,price_points,2025-09-25T21:00:00Z,2025-09-25T21:01:00Z,YAHOO,proxy,continuous futures proxy
2025-09-25,,YAHOO-CONTINUOUS-ZT,103.8671875,price_points,2025-09-25T21:00:00Z,2025-09-25T21:01:00Z,YAHOO,proxy,continuous futures proxy
2025-09-26,,ERIS-YIT,91.55180000000004,price_points,2025-09-26T21:00:00Z,2025-09-26T21:01:00Z,ERIS,exact,
2025-09-26,,ERIS-YIW,86.4019,price_points,2025-09-26T21:00:00Z,2025-09-26T21:01:00Z,ERIS,exact,
2025-09-26,,YAHOO-CONTINUOUS-ZF,108.953125,price_points,2025-09-26T21:00:00Z,2025-09-26T21:01:00Z,YAHOO,proxy,continuous futures proxy
2025-09-26,,YAHOO-CONTINUOUS-ZT,103.8984375,price_points,2025-09-26T21:00:00Z,2025-09-26T21:01:00Z,YAHOO,proxy,continuous futures proxy
2025-09-29,,ERIS-YIT,91.57510000000005,price_points,2025-09-29T21:00:00Z,2025-09-29T21:01:00Z,ERIS,exact,
2025-09-29,,ERIS-YIW,86.4998,price_points,2025-09-29T21:00:00Z,2025-09-29T21:01:00Z,ERIS,exact,
2025-09-29,,YAHOO-CONTINUOUS-ZF,109.046875,price_points,2025-09-29T21:00:00Z,2025-09-29T21:01:00Z,YAHOO,proxy,continuous futures proxy
2025-09-29,,YAHOO-CONTINUOUS-ZT,103.921875,price_points,2025-09-29T21:00:00Z,2025-09-29T21:01:00Z,YAHOO,proxy,continuous futures proxy
2025-09-30,,ERIS-YIT,91.62850000000005,price_points,2025-09-30T21:00:00Z,2025-09-30T21:01:00Z,ERIS,exact,
2025-09-30,,ERIS-YIW,86.57719999999999,price_points,2025-09-30T21:00:00Z,2025-09-30T21:01:00Z,ERIS,exact,
2025-09-30,,YAHOO-CONTINUOUS-ZF,109.1640625,price_points,2025-09-30T21:00:00Z,2025-09-30T21:01:00Z,YAHOO,proxy,continuous futures proxy
2025-09-30,,YAHOO-CONTINUOUS-ZT,103.97265625,price_points,2025-09-30T21:00:00Z,2025-09-30T21:01:00Z,YAHOO,proxy,continuous futures proxy
2025-10-01,,ERIS-YIT,91.73290000000004,price_points,2025-10-01T21:00:00Z,2025-10-01T21:01:00Z,ERIS,exact,
2025-10-01,,ERIS-YIW,86.823,price_points,2025-10-01T21:00:00Z,2025-10-01T21:01:00Z,ERIS,exact,
2025-10-01,,YAHOO-CONTINUOUS-ZF,109.4375,price_points,2025-10-01T21:00:00Z,2025-10-01T21:01:00Z,YAHOO,proxy,continuous futures proxy
2025-10-01,,YAHOO-CONTINUOUS-ZT,104.30859375,price_points,2025-10-01T21:00:00Z,2025-10-01T21:01:00Z,YAHOO,proxy,continuous futures proxy
2025-10-02,,ERIS-YIT,91.72870000000005,price_points,2025-10-02T21:00:00Z,2025-10-02T21:01:00Z,ERIS,exact,
2025-10-02,,ERIS-YIW,86.8359,price_points,2025-10-02T21:00:00Z,2025-10-02T21:01:00Z,ERIS,exact,
2025-10-02,,YAHOO-CONTINUOUS-ZF,109.4453125,price_points,2025-10-02T21:00:00Z,2025-10-02T21:01:00Z,YAHOO,proxy,continuous futures proxy
2025-10-02,,YAHOO-CONTINUOUS-ZT,104.30078125,price_points,2025-10-02T21:00:00Z,2025-10-02T21:01:00Z,YAHOO,proxy,continuous futures proxy
2025-10-03,,ERIS-YIT,91.69110000000005,price_points,2025-10-03T21:00:00Z,2025-10-03T21:01:00Z,ERIS,exact,
2025-10-03,,ERIS-YIW,86.7011,price_points,2025-10-03T21:00:00Z,2025-10-03T21:01:00Z,ERIS,exact,
2025-10-03,,YAHOO-CONTINUOUS-ZF,109.2890625,price_points,2025-10-03T21:00:00Z,2025-10-03T21:01:00Z,YAHOO,proxy,continuous futures proxy
2025-10-03,,YAHOO-CONTINUOUS-ZT,104.25,price_points,2025-10-03T21:00:00Z,2025-10-03T21:01:00Z,YAHOO,proxy,continuous futures proxy
2025-10-06,,ERIS-YIT,91.64090000000004,price_points,2025-10-06T21:00:00Z,2025-10-06T21:01:00Z,ERIS,exact,
2025-10-06,,ERIS-YIW,86.52869999999999,price_points,2025-10-06T21:00:00Z,2025-10-06T21:01:00Z,ERIS,exact,
2025-10-06,,YAHOO-CONTINUOUS-ZF,109.1328125,price_points,2025-10-06T21:00:00Z,2025-10-06T21:01:00Z,YAHOO,proxy,continuous futures proxy
2025-10-06,,YAHOO-CONTINUOUS-ZT,104.203125,price_points,2025-10-06T21:00:00Z,2025-10-06T21:01:00Z,YAHOO,proxy,continuous futures proxy
2025-10-07,,ERIS-YIT,91.67410000000004,price_points,2025-10-07T21:00:00Z,2025-10-07T21:01:00Z,ERIS,exact,
2025-10-07,,ERIS-YIW,86.6621,price_points,2025-10-07T21:00:00Z,2025-10-07T21:01:00Z,ERIS,exact,
2025-10-07,,YAHOO-CONTINUOUS-ZF,109.296875,price_points,2025-10-07T21:00:00Z,2025-10-07T21:01:00Z,YAHOO,proxy,continuous futures proxy
2025-10-07,,YAHOO-CONTINUOUS-ZT,104.25390625,price_points,2025-10-07T21:00:00Z,2025-10-07T21:01:00Z,YAHOO,proxy,continuous futures proxy
2025-10-08,,ERIS-YIT,91.64560000000004,price_points,2025-10-08T21:00:00Z,2025-10-08T21:01:00Z,ERIS,exact,
2025-10-08,,ERIS-YIW,86.60669999999999,price_points,2025-10-08T21:00:00Z,2025-10-08T21:01:00Z,ERIS,exact,
2025-10-08,,YAHOO-CONTINUOUS-ZF,109.234375,price_points,2025-10-08T21:00:00Z,2025-10-08T21:01:00Z,YAHOO,proxy,continuous futures proxy
2025-10-08,,YAHOO-CONTINUOUS-ZT,104.22265625,price_points,2025-10-08T21:00:00Z,2025-10-08T21:01:00Z,YAHOO,proxy,continuous futures proxy
2025-10-09,,ERIS-YIT,91.62850000000005,price_points,2025-10-09T21:00:00Z,2025-10-09T21:01:00Z,ERIS,exact,
2025-10-09,,ERIS-YIW,86.5208,price_points,2025-10-09T21:00:00Z,2025-10-09T21:01:00Z,ERIS,exact,
2025-10-09,,YAHOO-CONTINUOUS-ZF,109.140625,price_points,2025-10-09T21:00:00Z,2025-10-09T21:01:00Z,YAHOO,proxy,continuous futures proxy
2025-10-09,,YAHOO-CONTINUOUS-ZT,104.1875,price_points,2025-10-09T21:00:00Z,2025-10-09T21:01:00Z,YAHOO,proxy,continuous futures proxy
2025-10-10,,ERIS-YIT,91.77090000000004,price_points,2025-10-10T21:00:00Z,2025-10-10T21:01:00Z,ERIS,exact,
2025-10-10,,ERIS-YIW,86.94579999999999,price_points,2025-10-10T21:00:00Z,2025-10-10T21:01:00Z,ERIS,exact,
2025-10-10,,YAHOO-CONTINUOUS-ZF,109.5546875,price_points,2025-10-10T21:00:00Z,2025-10-10T21:01:00Z,YAHOO,proxy,continuous futures proxy
2025-10-10,,YAHOO-CONTINUOUS-ZT,104.3359375,price_points,2025-10-10T21:00:00Z,2025-10-10T21:01:00Z,YAHOO,proxy,continuous futures proxy
2025-10-13,,ERIS-YIT,91.78240000000004,price_points,2025-10-13T21:00:00Z,2025-10-13T21:01:00Z,ERIS,exact,
2025-10-13,,ERIS-YIW,86.9575,price_points,2025-10-13T21:00:00Z,2025-10-13T21:01:00Z,ERIS,exact,
2025-10-13,,YAHOO-CONTINUOUS-ZF,109.6171875,price_points,2025-10-13T21:00:00Z,2025-10-13T21:01:00Z,YAHOO,proxy,continuous futures proxy
2025-10-13,,YAHOO-CONTINUOUS-ZT,104.37890625,price_points,2025-10-13T21:00:00Z,2025-10-13T21:01:00Z,YAHOO,proxy,continuous futures proxy
2025-10-14,,ERIS-YIT,91.83550000000004,price_points,2025-10-14T21:00:00Z,2025-10-14T21:01:00Z,ERIS,exact,
2025-10-14,,ERIS-YIW,87.06349999999999,price_points,2025-10-14T21:00:00Z,2025-10-14T21:01:00Z,ERIS,exact,
2025-10-14,,YAHOO-CONTINUOUS-ZF,109.75,price_points,2025-10-14T21:00:00Z,2025-10-14T21:01:00Z,YAHOO,proxy,continuous futures proxy
2025-10-14,,YAHOO-CONTINUOUS-ZT,104.421875,price_points,2025-10-14T21:00:00Z,2025-10-14T21:01:00Z,YAHOO,proxy,continuous futures proxy
2025-10-15,,ERIS-YIT,91.79770000000005,price_points,2025-10-15T21:00:00Z,2025-10-15T21:01:00Z,ERIS,exact,
2025-10-15,,ERIS-YIW,86.9764,price_points,2025-10-15T21:00:00Z,2025-10-15T21:01:00Z,ERIS,exact,
2025-10-15,,YAHOO-CONTINUOUS-ZF,109.6328125,price_points,2025-10-15T21:00:00Z,2025-10-15T21:01:00Z,YAHOO,proxy,continuous futures proxy
2025-10-15,,YAHOO-CONTINUOUS-ZT,104.3671875,price_points,2025-10-15T21:00:00Z,2025-10-15T21:01:00Z,YAHOO,proxy,continuous futures proxy
2025-10-16,,ERIS-YIT,91.93470000000005,price_points,2025-10-16T21:00:00Z,2025-10-16T21:01:00Z,ERIS,exact,
2025-10-16,,ERIS-YIW,87.32879999999999,price_points,2025-10-16T21:00:00Z,2025-10-16T21:01:00Z,ERIS,exact,
2025-10-16,,YAHOO-CONTINUOUS-ZF,109.984375,price_points,2025-10-16T21:00:00Z,2025-10-16T21:01:00Z,YAHOO,proxy,continuous futures proxy
2025-10-16,,YAHOO-CONTINUOUS-ZT,104.515625,price_points,2025-10-16T21:00:00Z,2025-10-16T21:01:00Z,YAHOO,proxy,continuous futures proxy
2025-10-17,,ERIS-YIT,91.86830000000005,price_points,2025-10-17T21:00:00Z,2025-10-17T21:01:00Z,ERIS,exact,
2025-10-17,,ERIS-YIW,87.1493,price_points,2025-10-17T21:00:00Z,2025-10-17T21:01:00Z,ERIS,exact,
2025-10-17,,YAHOO-CONTINUOUS-ZF,109.7890625,price_points,2025-10-17T21:00:00Z,2025-10-17T21:01:00Z,YAHOO,proxy,continuous futures proxy
2025-10-17,,YAHOO-CONTINUOUS-ZT,104.4375,price_points,2025-10-17T21:00:00Z,2025-10-17T21:01:00Z,YAHOO,proxy,continuous futures proxy
2025-10-20,,ERIS-YIT,91.86160000000004,price_points,2025-10-20T21:00:00Z,2025-10-20T21:01:00Z,ERIS,exact,
2025-10-20,,ERIS-YIW,87.18769999999999,price_points,2025-10-20T21:00:00Z,2025-10-20T21:01:00Z,ERIS,exact,
2025-10-20,,YAHOO-CONTINUOUS-ZF,109.8359375,price_points,2025-10-20T21:00:00Z,2025-10-20T21:01:00Z,YAHOO,proxy,continuous futures proxy
2025-10-20,,YAHOO-CONTINUOUS-ZT,104.4375,price_points,2025-10-20T21:00:00Z,2025-10-20T21:01:00Z,YAHOO,proxy,continuous futures proxy
2025-10-21,,ERIS-YIT,91.87460000000004,price_points,2025-10-21T21:00:00Z,2025-10-21T21:01:00Z,ERIS,exact,
2025-10-21,,ERIS-YIW,87.273,price_points,2025-10-21T21:00:00Z,2025-10-21T21:01:00Z,ERIS,exact,
2025-10-21,,YAHOO-CONTINUOUS-ZF,109.90625,price_points,2025-10-21T21:00:00Z,2025-10-21T21:01:00Z,YAHOO,proxy,continuous futures proxy
2025-10-21,,YAHOO-CONTINUOUS-ZT,104.453125,price_points,2025-10-21T21:00:00Z,2025-10-21T21:01:00Z,YAHOO,proxy,continuous futures proxy
2025-10-22,,ERIS-YIT,91.88470000000005,price_points,2025-10-22T21:00:00Z,2025-10-22T21:01:00Z,ERIS,exact,
2025-10-22,,ERIS-YIW,87.2649,price_points,2025-10-22T21:00:00Z,2025-10-22T21:01:00Z,ERIS,exact,
2025-10-22,,YAHOO-CONTINUOUS-ZF,109.9375,price_points,2025-10-22T21:00:00Z,2025-10-22T21:01:00Z,YAHOO,proxy,continuous futures proxy
2025-10-22,,YAHOO-CONTINUOUS-ZT,104.46875,price_points,2025-10-22T21:00:00Z,2025-10-22T21:01:00Z,YAHOO,proxy,continuous futures proxy
2025-10-23,,ERIS-YIT,91.80440000000004,price_points,2025-10-23T21:00:00Z,2025-10-23T21:01:00Z,ERIS,exact,
2025-10-23,,ERIS-YIW,87.02669999999999,price_points,2025-10-23T21:00:00Z,2025-10-23T21:01:00Z,ERIS,exact,
2025-10-23,,YAHOO-CONTINUOUS-ZF,109.734375,price_points,2025-10-23T21:00:00Z,2025-10-23T21:01:00Z,YAHOO,proxy,continuous futures proxy
2025-10-23,,YAHOO-CONTINUOUS-ZT,104.390625,price_points,2025-10-23T21:00:00Z,2025-10-23T21:01:00Z,YAHOO,proxy,continuous futures proxy
2025-10-24,,ERIS-YIT,91.79940000000005,price_points,2025-10-24T21:00:00Z,2025-10-24T21:01:00Z,ERIS,exact,
2025-10-24,,ERIS-YIW,86.9934,price_points,2025-10-24T21:00:00Z,2025-10-24T21:01:00Z,ERIS,exact,
2025-10-24,,YAHOO-CONTINUOUS-ZF,109.71875,price_points,2025-10-24T21:00:00Z,2025-10-24T21:01:00Z,YAHOO,proxy,continuous futures proxy
2025-10-24,,YAHOO-CONTINUOUS-ZT,104.3828125,price_points,2025-10-24T21:00:00Z,2025-10-24T21:01:00Z,YAHOO,proxy,continuous futures proxy
2025-10-27,,ERIS-YIT,91.76060000000004,price_points,2025-10-27T21:00:00Z,2025-10-27T21:01:00Z,ERIS,exact,
2025-10-27,,ERIS-YIW,86.9211,price_points,2025-10-27T21:00:00Z,2025-10-27T21:01:00Z,ERIS,exact,
2025-10-27,,YAHOO-CONTINUOUS-ZF,109.671875,price_points,2025-10-27T21:00:00Z,2025-10-27T21:01:00Z,YAHOO,proxy,continuous futures proxy
2025-10-27,,YAHOO-CONTINUOUS-ZT,104.34765625,price_points,2025-10-27T21:00:00Z,2025-10-27T21:01:00Z,YAHOO,proxy,continuous futures proxy
2025-10-28,,ERIS-YIT,91.75600000000004,price_points,2025-10-28T21:00:00Z,2025-10-28T21:01:00Z,ERIS,exact,
2025-10-28,,ERIS-YIW,86.94579999999999,price_points,2025-10-28T21:00:00Z,2025-10-28T21:01:00Z,ERIS,exact,
2025-10-28,,YAHOO-CONTINUOUS-ZF,109.6796875,price_points,2025-10-28T21:00:00Z,2025-10-28T21:01:00Z,YAHOO,proxy,continuous futures proxy
2025-10-28,,YAHOO-CONTINUOUS-ZT,104.34765625,price_points,2025-10-28T21:00:00Z,2025-10-28T21:01:00Z,YAHOO,proxy,continuous futures proxy
2025-10-29,,ERIS-YIT,91.58930000000005,price_points,2025-10-29T21:00:00Z,2025-10-29T21:01:00Z,ERIS,exact,
2025-10-29,,ERIS-YIW,86.5894,price_points,2025-10-29T21:00:00Z,2025-10-29T21:01:00Z,ERIS,exact,
2025-10-29,,YAHOO-CONTINUOUS-ZF,109.3046875,price_points,2025-10-29T21:00:00Z,2025-10-29T21:01:00Z,YAHOO,proxy,continuous futures proxy
2025-10-29,,YAHOO-CONTINUOUS-ZT,104.1796875,price_points,2025-10-29T21:00:00Z,2025-10-29T21:01:00Z,YAHOO,proxy,continuous futures proxy
2025-10-30,,ERIS-YIT,91.52800000000005,price_points,2025-10-30T21:00:00Z,2025-10-30T21:01:00Z,ERIS,exact,
2025-10-30,,ERIS-YIW,86.45909999999999,price_points,2025-10-30T21:00:00Z,2025-10-30T21:01:00Z,ERIS,exact,
2025-10-30,,YAHOO-CONTINUOUS-ZF,109.2109375,price_points,2025-10-30T21:00:00Z,2025-10-30T21:01:00Z,YAHOO,proxy,continuous futures proxy
2025-10-30,,YAHOO-CONTINUOUS-ZT,104.12109375,price_points,2025-10-30T21:00:00Z,2025-10-30T21:01:00Z,YAHOO,proxy,continuous futures proxy
2025-10-31,,ERIS-YIT,91.51660000000004,price_points,2025-10-31T21:00:00Z,2025-10-31T21:01:00Z,ERIS,exact,
2025-10-31,,ERIS-YIW,86.4053,price_points,2025-10-31T21:00:00Z,2025-10-31T21:01:00Z,ERIS,exact,
2025-10-31,,YAHOO-CONTINUOUS-ZF,109.2109375,price_points,2025-10-31T21:00:00Z,2025-10-31T21:01:00Z,YAHOO,proxy,continuous futures proxy
2025-10-31,,YAHOO-CONTINUOUS-ZT,104.12109375,price_points,2025-10-31T21:00:00Z,2025-10-31T21:01:00Z,YAHOO,proxy,continuous futures proxy
2025-11-03,,ERIS-YIT,91.52100000000004,price_points,2025-11-03T21:00:00Z,2025-11-03T21:01:00Z,ERIS,exact,
2025-11-03,,ERIS-YIW,86.41179999999999,price_points,2025-11-03T21:00:00Z,2025-11-03T21:01:00Z,ERIS,exact,
2025-11-03,,YAHOO-CONTINUOUS-ZF,109.21875,price_points,2025-11-03T21:00:00Z,2025-11-03T21:01:00Z,YAHOO,proxy,continuous futures proxy
2025-11-03,,YAHOO-CONTINUOUS-ZT,104.13671875,price_points,2025-11-03T21:00:00Z,2025-11-03T21:01:00Z,YAHOO,proxy,continuous futures proxy
2025-11-04,,ERIS-YIT,91.54470000000005,price_points,2025-11-04T21:00:00Z,2025-11-04T21:01:00Z,ERIS,exact,
2025-11-04,,ERIS-YIW,86.467,price_points,2025-11-04T21:00:00Z,2025-11-04T21:01:00Z,ERIS,exact,
2025-11-04,,YAHOO-CONTINUOUS-ZF,109.2734375,price_points,2025-11-04T21:00:00Z,2025-11-04T21:01:00Z,YAHOO,proxy,continuous futures proxy
2025-11-04,,YAHOO-CONTINUOUS-ZT,104.16796875,price_points,2025-11-04T21:00:00Z,2025-11-04T21:01:00Z,YAHOO,proxy,continuous futures proxy
2025-11-05,,ERIS-YIT,91.45690000000005,price_points,2025-11-05T21:00:00Z,2025-11-05T21:01:00Z,ERIS,exact,
2025-11-05,,ERIS-YIW,86.2113,price_points,2025-11-05T21:00:00Z,2025-11-05T21:01:00Z,ERIS,exact,
2025-11-05,,YAHOO-CONTINUOUS-ZF,108.9921875,price_points,2025-11-05T21:00:00Z,2025-11-05T21:01:00Z,YAHOO,proxy,continuous futures proxy
2025-11-05,,YAHOO-CONTINUOUS-ZT,104.0703125,price_points,2025-11-05T21:00:00Z,2025-11-05T21:01:00Z,YAHOO,proxy,continuous futures proxy
2025-11-06,,ERIS-YIT,91.57240000000004,price_points,2025-11-06T21:00:00Z,2025-11-06T21:01:00Z,ERIS,exact,
2025-11-06,,ERIS-YIW,86.54979999999999,price_points,2025-11-06T21:00:00Z,2025-11-06T21:01:00Z,ERIS,exact,
2025-11-06,,YAHOO-CONTINUOUS-ZF,109.3359375,price_points,2025-11-06T21:00:00Z,2025-11-06T21:01:00Z,YAHOO,proxy,continuous futures proxy
2025-11-06,,YAHOO-CONTINUOUS-ZT,104.1953125,price_points,2025-11-06T21:00:00Z,2025-11-06T21:01:00Z,YAHOO,proxy,continuous futures proxy
2025-11-07,,ERIS-YIT,91.58080000000004,price_points,2025-11-07T21:00:00Z,2025-11-07T21:01:00Z,ERIS,exact,
2025-11-07,,ERIS-YIW,86.55409999999999,price_points,2025-11-07T21:00:00Z,2025-11-07T21:01:00Z,ERIS,exact,
2025-11-07,,YAHOO-CONTINUOUS-ZF,109.3671875,price_points,2025-11-07T21:00:00Z,2025-11-07T21:01:00Z,YAHOO,proxy,continuous futures proxy
2025-11-07,,YAHOO-CONTINUOUS-ZT,104.2109375,price_points,2025-11-07T21:00:00Z,2025-11-07T21:01:00Z,YAHOO,proxy,continuous futures proxy
2025-11-10,,ERIS-YIT,91.52190000000004,price_points,2025-11-10T21:00:00Z,2025-11-10T21:01:00Z,ERIS,exact,
2025-11-10,,ERIS-YIW,86.4138,price_points,2025-11-10T21:00:00Z,2025-11-10T21:01:00Z,ERIS,exact,
2025-11-10,,YAHOO-CONTINUOUS-ZF,109.234375,price_points,2025-11-10T21:00:00Z,2025-11-10T21:01:00Z,YAHOO,proxy,continuous futures proxy
2025-11-10,,YAHOO-CONTINUOUS-ZT,104.14453125,price_points,2025-11-10T21:00:00Z,2025-11-10T21:01:00Z,YAHOO,proxy,continuous futures proxy
2025-11-11,,ERIS-YIT,91.60680000000005,price_points,2025-11-11T21:00:00Z,2025-11-11T21:01:00Z,ERIS,exact,
2025-11-11,,ERIS-YIW,86.65939999999999,price_points,2025-11-11T21:00:00Z,2025-11-11T21:01:00Z,ERIS,exact,
2025-11-11,,YAHOO-CONTINUOUS-ZF,109.4609375,price_points,2025-11-11T21:00:00Z,2025-11-11T21:01:00Z,YAHOO,proxy,continuous futures proxy
2025-11-11,,YAHOO-CONTINUOUS-ZT,104.21484375,price_points,2025-11-11T21:00:00Z,2025-11-11T21:01:00Z,YAHOO,proxy,continuous futures proxy
2025-11-12,,ERIS-YIT,91.56040000000004,price_points,2025-11-12T21:00:00Z,2025-11-12T21:01:00Z,ERIS,exact,
2025-11-12,,ERIS-YIW,86.56549999999999,price_points,2025-11-12T21:00:00Z,2025-11-12T21:01:00Z,ERIS,exact,
2025-11-12,,YAHOO-CONTINUOUS-ZF,109.40625,price_points,2025-11-12T21:00:00Z,2025-11-12T21:01:00Z,YAHOO,proxy,continuous futures proxy
2025-11-12,,YAHOO-CONTINUOUS-ZT,104.18359375,price_points,2025-11-12T21:00:00Z,2025-11-12T21:01:00Z,YAHOO,proxy,continuous futures proxy
2025-11-13,,ERIS-YIT,91.51500000000004,price_points,2025-11-13T21:00:00Z,2025-11-13T21:01:00Z,ERIS,exact,
2025-11-13,,ERIS-YIW,86.4237,price_points,2025-11-13T21:00:00Z,2025-11-13T21:01:00Z,ERIS,exact,
2025-11-13,,YAHOO-CONTINUOUS-ZF,109.2578125,price_points,2025-11-13T21:00:00Z,2025-11-13T21:01:00Z,YAHOO,proxy,continuous futures proxy
2025-11-13,,YAHOO-CONTINUOUS-ZT,104.13671875,price_points,2025-11-13T21:00:00Z,2025-11-13T21:01:00Z,YAHOO,proxy,continuous futures proxy
2025-11-14,,ERIS-YIT,91.47800000000005,price_points,2025-11-14T21:00:00Z,2025-11-14T21:01:00Z,ERIS,exact,
2025-11-14,,ERIS-YIW,86.3149,price_points,2025-11-14T21:00:00Z,2025-11-14T21:01:00Z,ERIS,exact,
2025-11-14,,YAHOO-CONTINUOUS-ZF,109.125,price_points,2025-11-14T21:00:00Z,2025-11-14T21:01:00Z,YAHOO,proxy,continuous futures proxy
2025-11-14,,YAHOO-CONTINUOUS-ZT,104.0859375,price_points,2025-11-14T21:00:00Z,2025-11-14T21:01:00Z,YAHOO,proxy,continuous futures proxy
2025-11-17,,ERIS-YIT,91.49010000000004,price_points,2025-11-17T21:00:00Z,2025-11-17T21:01:00Z,ERIS,exact,
2025-11-17,,ERIS-YIW,86.389,price_points,2025-11-17T21:00:00Z,2025-11-17T21:01:00Z,ERIS,exact,
2025-11-17,,YAHOO-CONTINUOUS-ZF,109.171875,price_points,2025-11-17T21:00:00Z,2025-11-17T21:01:00Z,YAHOO,proxy,continuous futures proxy
2025-11-17,,YAHOO-CONTINUOUS-ZT,104.09375,price_points,2025-11-17T21:00:00Z,2025-11-17T21:01:00Z,YAHOO,proxy,continuous futures proxy
2025-11-18,,ERIS-YIT,91.54520000000005,price_points,2025-11-18T21:00:00Z,2025-11-18T21:01:00Z,ERIS,exact,
2025-11-18,,ERIS-YIW,86.50909999999999,price_points,2025-11-18T21:00:00Z,2025-11-18T21:01:00Z,ERIS,exact,
2025-11-18,,YAHOO-CONTINUOUS-ZF,109.296875,price_points,2025-11-18T21:00:00Z,2025-11-18T21:01:00Z,YAHOO,proxy,continuous futures proxy
2025-11-18,,YAHOO-CONTINUOUS-ZT,104.14453125,price_points,2025-11-18T21:00:00Z,2025-11-18T21:01:00Z,YAHOO,proxy,continuous futures proxy
2025-11-19,,ERIS-YIT,91.51310000000005,price_points,2025-11-19T21:00:00Z,2025-11-19T21:01:00Z,ERIS,exact,
2025-11-19,,ERIS-YIW,86.44959999999999,price_points,2025-11-19T21:00:00Z,2025-11-19T21:01:00Z,ERIS,exact,
2025-11-19,,YAHOO-CONTINUOUS-ZF,109.2265625,price_points,2025-11-19T21:00:00Z,2025-11-19T21:01:00Z,YAHOO,proxy,continuous futures proxy
2025-11-19,,YAHOO-CONTINUOUS-ZT,104.109375,price_points,2025-11-19T21:00:00Z,2025-11-19T21:01:00Z,YAHOO,proxy,continuous futures proxy
2025-11-20,,ERIS-YIT,91.57760000000005,price_points,2025-11-20T21:00:00Z,2025-11-20T21:01:00Z,ERIS,exact,
2025-11-20,,ERIS-YIW,86.59009999999999,price_points,2025-11-20T21:00:00Z,2025-11-20T21:01:00Z,ERIS,exact,
2025-11-20,,YAHOO-CONTINUOUS-ZF,109.3828125,price_points,2025-11-20T21:00:00Z,2025-11-20T21:01:00Z,YAHOO,proxy,continuous futures proxy
2025-11-20,,YAHOO-CONTINUOUS-ZT,104.1796875,price_points,2025-11-20T21:00:00Z,2025-11-20T21:01:00Z,YAHOO,proxy,continuous futures proxy
2025-11-21,,ERIS-YIT,91.64820000000005,price_points,2025-11-21T21:00:00Z,2025-11-21T21:01:00Z,ERIS,exact,
2025-11-21,,ERIS-YIW,86.81389999999999,price_points,2025-11-21T21:00:00Z,2025-11-21T21:01:00Z,ERIS,exact,
2025-11-21,,YAHOO-CONTINUOUS-ZF,109.6171875,price_points,2025-11-21T21:00:00Z,2025-11-21T21:01:00Z,YAHOO,proxy,continuous futures proxy
2025-11-21,,YAHOO-CONTINUOUS-ZT,104.265625,price_points,2025-11-21T21:00:00Z,2025-11-21T21:01:00Z,YAHOO,proxy,continuous futures proxy
2025-11-24,,ERIS-YIT,91.65200000000004,price_points,2025-11-24T21:00:00Z,2025-11-24T21:01:00Z,ERIS,exact,
2025-11-24,,ERIS-YIW,86.8444,price_points,2025-11-24T21:00:00Z,2025-11-24T21:01:00Z,ERIS,exact,
2025-11-24,,YAHOO-CONTINUOUS-ZF,109.6640625,price_points,2025-11-24T21:00:00Z,2025-11-24T21:01:00Z,YAHOO,proxy,continuous futures proxy
2025-11-24,,YAHOO-CONTINUOUS-ZT,104.2734375,price_points,2025-11-24T21:00:00Z,2025-11-24T21:01:00Z,YAHOO,proxy,continuous futures proxy
2025-11-25,,ERIS-YIT,91.69400000000005,price_points,2025-11-25T21:00:00Z,2025-11-25T21:01:00Z,ERIS,exact,
2025-11-25,,ERIS-YIW,86.98629999999999,price_points,2025-11-25T21:00:00Z,2025-11-25T21:01:00Z,ERIS,exact,
2025-11-25,,YAHOO-CONTINUOUS-ZF,109.8359375,price_points,2025-11-25T21:00:00Z,2025-11-25T21:01:00Z,YAHOO,proxy,continuous futures proxy
2025-11-25,,YAHOO-CONTINUOUS-ZT,104.30859375,price_points,2025-11-25T21:00:00Z,2025-11-25T21:01:00Z,YAHOO,proxy,continuous futures proxy
2025-11-26,,ERIS-YIT,91.65560000000005,price_points,2025-11-26T21:00:00Z,2025-11-26T21:01:00Z,ERIS,exact,
2025-11-26,,ERIS-YIW,86.9164,price_points,2025-11-26T21:00:00Z,2025-11-26T21:01:00Z,ERIS,exact,
2025-11-26,,YAHOO-CONTINUOUS-ZF,109.78125,price_points,2025-11-26T21:00:00Z,2025-11-26T21:01:00Z,YAHOO,proxy,continuous futures proxy
2025-11-26,,YAHOO-CONTINUOUS-ZT,104.26953125,price_points,2025-11-26T21:00:00Z,2025-11-26T21:01:00Z,YAHOO,proxy,continuous futures proxy
2025-11-28,,ERIS-YIT,91.63480000000004,price_points,2025-11-28T21:00:00Z,2025-11-28T21:01:00Z,ERIS,exact,
2025-11-28,,ERIS-YIW,86.7987,price_points,2025-11-28T21:00:00Z,2025-11-28T21:01:00Z,ERIS,exact,
2025-11-28,,YAHOO-CONTINUOUS-ZF,109.671875,price_points,2025-11-28T21:00:00Z,2025-11-28T21:01:00Z,YAHOO,proxy,continuous futures proxy
2025-11-28,,YAHOO-CONTINUOUS-ZT,104.25390625,price_points,2025-11-28T21:00:00Z,2025-11-28T21:01:00Z,YAHOO,proxy,continuous futures proxy
2025-12-01,,ERIS-YIT,91.55930000000005,price_points,2025-12-01T21:00:00Z,2025-12-01T21:01:00Z,ERIS,exact,
2025-12-01,,ERIS-YIW,86.51339999999999,price_points,2025-12-01T21:00:00Z,2025-12-01T21:01:00Z,ERIS,exact,
2025-12-01,,YAHOO-CONTINUOUS-ZF,109.375,price_points,2025-12-01T21:00:00Z,2025-12-01T21:01:00Z,YAHOO,proxy,continuous futures proxy
2025-12-01,,YAHOO-CONTINUOUS-ZT,104.16796875,price_points,2025-12-01T21:00:00Z,2025-12-01T21:01:00Z,YAHOO,proxy,continuous futures proxy
2025-12-02,,ERIS-YIT,91.59630000000004,price_points,2025-12-02T21:00:00Z,2025-12-02T21:01:00Z,ERIS,exact,
2025-12-02,,ERIS-YIW,86.59179999999999,price_points,2025-12-02T21:00:00Z,2025-12-02T21:01:00Z,ERIS,exact,
2025-12-02,,YAHOO-CONTINUOUS-ZF,109.453125,price_points,2025-12-02T21:00:00Z,2025-12-02T21:01:00Z,YAHOO,proxy,continuous futures proxy
2025-12-02,,YAHOO-CONTINUOUS-ZT,104.2109375,price_points,2025-12-02T21:00:00Z,2025-12-02T21:01:00Z,YAHOO,proxy,continuous futures proxy
2025-12-03,,ERIS-YIT,91.63490000000004,price_points,2025-12-03T21:00:00Z,2025-12-03T21:01:00Z,ERIS,exact,
2025-12-03,,ERIS-YIW,86.73179999999999,price_points,2025-12-03T21:00:00Z,2025-12-03T21:01:00Z,ERIS,exact,
2025-12-03,,YAHOO-CONTINUOUS-ZF,109.59375,price_points,2025-12-03T21:00:00Z,2025-12-03T21:01:00Z,YAHOO,proxy,continuous futures proxy
2025-12-03,,YAHOO-CONTINUOUS-ZT,104.26171875,price_points,2025-12-03T21:00:00Z,2025-12-03T21:01:00Z,YAHOO,proxy,continuous futures proxy
2025-12-04,,ERIS-YIT,91.57080000000005,price_points,2025-12-04T21:00:00Z,2025-12-04T21:01:00Z,ERIS,exact,
2025-12-04,,ERIS-YIW,86.48889999999999,price_points,2025-12-04T21:00:00Z,2025-12-04T21:01:00Z,ERIS,exact,
2025-12-04,,YAHOO-CONTINUOUS-ZF,109.3515625,price_points,2025-12-04T21:00:00Z,2025-12-04T21:01:00Z,YAHOO,proxy,continuous futures proxy
2025-12-04,,YAHOO-CONTINUOUS-ZT,104.1875,price_points,2025-12-04T21:00:00Z,2025-12-04T21:01:00Z,YAHOO,proxy,continuous futures proxy
2025-12-05,,ERIS-YIT,91.51100000000004,price_points,2025-12-05T21:00:00Z,2025-12-05T21:01:00Z,ERIS,exact,
2025-12-05,,ERIS-YIW,86.31549999999999,price_points,2025-12-05T21:00:00Z,2025-12-05T21:01:00Z,ERIS,exact,
2025-12-05,,YAHOO-CONTINUOUS-ZF,109.2109375,price_points,2025-12-05T21:00:00Z,2025-12-05T21:01:00Z,YAHOO,proxy,continuous futures proxy
2025-12-05,,YAHOO-CONTINUOUS-ZT,104.13671875,price_points,2025-12-05T21:00:00Z,2025-12-05T21:01:00Z,YAHOO,proxy,continuous futures proxy
2025-12-08,,ERIS-YIT,91.46620000000004,price_points,2025-12-08T21:00:00Z,2025-12-08T21:01:00Z,ERIS,exact,
2025-12-08,,ERIS-YIW,86.1455,price_points,2025-12-08T21:00:00Z,2025-12-08T21:01:00Z,ERIS,exact,
2025-12-08,,YAHOO-CONTINUOUS-ZF,109.0546875,price_points,2025-12-08T21:00:00Z,2025-12-08T21:01:00Z,YAHOO,proxy,continuous futures proxy
2025-12-08,,YAHOO-CONTINUOUS-ZT,104.1171875,price_points,2025-12-08T21:00:00Z,2025-12-08T21:01:00Z,YAHOO,proxy,continuous futures proxy
2025-12-09,,ERIS-YIT,91.41270000000004,price_points,2025-12-09T21:00:00Z,2025-12-09T21:01:00Z,ERIS,exact,
2025-12-09,,ERIS-YIW,85.99489999999999,price_points,2025-12-09T21:00:00Z,2025-12-09T21:01:00Z,ERIS,exact,
2025-12-09,,YAHOO-CONTINUOUS-ZF,108.921875,price_points,2025-12-09T21:00:00Z,2025-12-09T21:01:00Z,YAHOO,proxy,continuous futures proxy
2025-12-09,,YAHOO-CONTINUOUS-ZT,104.05859375,price_points,2025-12-09T21:00:00Z,2025-12-09T21:01:00Z,YAHOO,proxy,continuous futures proxy
2025-12-10,,ERIS-YIT,91.46700000000004,price_points,2025-12-10T21:00:00Z,2025-12-10T21:01:00Z,ERIS,exact,
2025-12-10,,ERIS-YIW,86.05049999999999,price_points,2025-12-10T21:00:00Z,2025-12-10T21:01:00Z,ERIS,exact,
2025-12-10,,YAHOO-CONTINUOUS-ZF,109.046875,price_points,2025-12-10T21:00:00Z,2025-12-10T21:01:00Z,YAHOO,proxy,continuous futures proxy
2025-12-10,,YAHOO-CONTINUOUS-ZT,104.15625,price_points,2025-12-10T21:00:00Z,2025-12-10T21:01:00Z,YAHOO,proxy,continuous futures proxy
2025-12-11,,ERIS-YIT,91.52200000000005,price_points,2025-12-11T21:00:00Z,2025-12-11T21:01:00Z,ERIS,exact,
2025-12-11,,ERIS-YIW,86.22279999999999,price_points,2025-12-11T21:00:00Z,2025-12-11T21:01:00Z,ERIS,exact,
2025-12-11,,YAHOO-CONTINUOUS-ZF,109.2109375,price_points,2025-12-11T21:00:00Z,2025-12-11T21:01:00Z,YAHOO,proxy,continuous futures proxy
2025-12-11,,YAHOO-CONTINUOUS-ZT,104.20703125,price_points,2025-12-11T21:00:00Z,2025-12-11T21:01:00Z,YAHOO,proxy,continuous futures proxy
2025-12-12,,ERIS-YIT,91.51630000000004,price_points,2025-12-12T21:00:00Z,2025-12-12T21:01:00Z,ERIS,exact,
2025-12-12,,ERIS-YIW,86.08999999999999,price_points,2025-12-12T21:00:00Z,2025-12-12T21:01:00Z,ERIS,exact,
2025-12-12,,YAHOO-CONTINUOUS-ZF,109.09375,price_points,2025-12-12T21:00:00Z,2025-12-12T21:01:00Z,YAHOO,proxy,continuous futures proxy
2025-12-12,,YAHOO-CONTINUOUS-ZT,104.20703125,price_points,2025-12-12T21:00:00Z,2025-12-12T21:01:00Z,YAHOO,proxy,continuous futures proxy
2025-12-15,,ERIS-YIT,91.55800000000005,price_points,2025-12-15T21:00:00Z,2025-12-15T21:01:00Z,ERIS,exact,
2025-12-15,,ERIS-YIW,86.16009999999999,price_points,2025-12-15T21:00:00Z,2025-12-15T21:01:00Z,ERIS,exact,
2025-12-15,,YAHOO-CONTINUOUS-ZF,109.171875,price_points,2025-12-15T21:00:00Z,2025-12-15T21:01:00Z,YAHOO,proxy,continuous futures proxy
2025-12-15,,YAHOO-CONTINUOUS-ZT,104.24609375,price_points,2025-12-15T21:00:00Z,2025-12-15T21:01:00Z,YAHOO,proxy,continuous futures proxy
2025-12-16,,ERIS-YIT,91.58950000000004,price_points,2025-12-16T21:00:00Z,2025-12-16T21:01:00Z,ERIS,exact,
2025-12-16,,ERIS-YIW,86.31089999999999,price_points,2025-12-16T21:00:00Z,2025-12-16T21:01:00Z,ERIS,exact,
2025-12-16,,YAHOO-CONTINUOUS-ZF,109.3671875,price_points,2025-12-16T21:00:00Z,2025-12-16T21:01:00Z,YAHOO,proxy,continuous futures proxy
2025-12-16,,YAHOO-CONTINUOUS-ZT,104.296875,price_points,2025-12-16T21:00:00Z,2025-12-16T21:01:00Z,YAHOO,proxy,continuous futures proxy
2025-12-17,,ERIS-YIT,91.58950000000004,price_points,2025-12-17T21:00:00Z,2025-12-17T21:01:00Z,ERIS,exact,
2025-12-17,,ERIS-YIW,86.2815,price_points,2025-12-17T21:00:00Z,2025-12-17T21:01:00Z,ERIS,exact,
2025-12-17,,YAHOO-CONTINUOUS-ZF,109.328125,price_points,2025-12-17T21:00:00Z,2025-12-17T21:01:00Z,YAHOO,proxy,continuous futures proxy
2025-12-17,,YAHOO-CONTINUOUS-ZT,104.2890625,price_points,2025-12-17T21:00:00Z,2025-12-17T21:01:00Z,YAHOO,proxy,continuous futures proxy
2025-12-18,,ERIS-YIT,91.64940000000004,price_points,2025-12-18T21:00:00Z,2025-12-18T21:01:00Z,ERIS,exact,
2025-12-18,,ERIS-YIW,86.42429999999999,price_points,2025-12-18T21:00:00Z,2025-12-18T21:01:00Z,ERIS,exact,
2025-12-18,,YAHOO-CONTINUOUS-ZF,109.4921875,price_points,2025-12-18T21:00:00Z,2025-12-18T21:01:00Z,YAHOO,proxy,continuous futures proxy
2025-12-18,,YAHOO-CONTINUOUS-ZT,104.33984375,price_points,2025-12-18T21:00:00Z,2025-12-18T21:01:00Z,YAHOO,proxy,continuous futures proxy
2025-12-19,,ERIS-YIT,91.58550000000004,price_points,2025-12-19T21:00:00Z,2025-12-19T21:01:00Z,ERIS,exact,
2025-12-19,,ERIS-YIW,86.27479999999998,price_points,2025-12-19T21:00:00Z,2025-12-19T21:01:00Z,ERIS,exact,
2025-12-19,,YAHOO-CONTINUOUS-ZF,109.3359375,price_points,2025-12-19T21:00:00Z,2025-12-19T21:01:00Z,YAHOO,proxy,continuous futures proxy
2025-12-19,,YAHOO-CONTINUOUS-ZT,104.3125,price_points,2025-12-19T21:00:00Z,2025-12-19T21:01:00Z,YAHOO,proxy,continuous futures proxy
2025-12-22,,ERIS-YIT,91.52840000000003,price_points,2025-12-22T21:00:00Z,2025-12-22T21:01:00Z,ERIS,exact,
2025-12-22,,ERIS-YIW,86.1728,price_points,2025-12-22T21:00:00Z,2025-12-22T21:01:00Z,ERIS,exact,
2025-12-22,,YAHOO-CONTINUOUS-ZF,109.2265625,price_points,2025-12-22T21:00:00Z,2025-12-22T21:01:00Z,YAHOO,proxy,continuous futures proxy
2025-12-22,,YAHOO-CONTINUOUS-ZT,104.26953125,price_points,2025-12-22T21:00:00Z,2025-12-22T21:01:00Z,YAHOO,proxy,continuous futures proxy
2025-12-23,,ERIS-YIT,91.47310000000003,price_points,2025-12-23T21:00:00Z,2025-12-23T21:01:00Z,ERIS,exact,
2025-12-23,,ERIS-YIW,86.1013,price_points,2025-12-23T21:00:00Z,2025-12-23T21:01:00Z,ERIS,exact,
2025-12-23,,YAHOO-CONTINUOUS-ZF,109.1640625,price_points,2025-12-23T21:00:00Z,2025-12-23T21:01:00Z,YAHOO,proxy,continuous futures proxy
2025-12-23,,YAHOO-CONTINUOUS-ZT,104.1953125,price_points,2025-12-23T21:00:00Z,2025-12-23T21:01:00Z,YAHOO,proxy,continuous futures proxy
2025-12-24,,ERIS-YIT,91.50790000000003,price_points,2025-12-24T21:00:00Z,2025-12-24T21:01:00Z,ERIS,exact,
2025-12-24,,ERIS-YIW,86.1818,price_points,2025-12-24T21:00:00Z,2025-12-24T21:01:00Z,ERIS,exact,
2025-12-24,,YAHOO-CONTINUOUS-ZF,109.3046875,price_points,2025-12-24T21:00:00Z,2025-12-24T21:01:00Z,YAHOO,proxy,continuous futures proxy
2025-12-24,,YAHOO-CONTINUOUS-ZT,104.234375,price_points,2025-12-24T21:00:00Z,2025-12-24T21:01:00Z,YAHOO,proxy,continuous futures proxy
2025-12-26,,ERIS-YIT,91.56350000000003,price_points,2025-12-26T21:00:00Z,2025-12-26T21:01:00Z,ERIS,exact,
2025-12-26,,ERIS-YIW,86.26639999999999,price_points,2025-12-26T21:00:00Z,2025-12-26T21:01:00Z,ERIS,exact,
2025-12-26,,YAHOO-CONTINUOUS-ZF,109.390625,price_points,2025-12-26T21:00:00Z,2025-12-26T21:01:00Z,YAHOO,proxy,continuous futures proxy
2025-12-26,,YAHOO-CONTINUOUS-ZT,104.28515625,price_points,2025-12-26T21:00:00Z,2025-12-26T21:01:00Z,YAHOO,proxy,continuous futures proxy
2025-12-29,,ERIS-YIT,91.60650000000004,price_points,2025-12-29T21:00:00Z,2025-12-29T21:01:00Z,ERIS,exact,
2025-12-29,,ERIS-YIW,86.339,price_points,2025-12-29T21:00:00Z,2025-12-29T21:01:00Z,ERIS,exact,
2025-12-29,,YAHOO-CONTINUOUS-ZF,109.4609375,price_points,2025-12-29T21:00:00Z,2025-12-29T21:01:00Z,YAHOO,proxy,continuous futures proxy
2025-12-29,,YAHOO-CONTINUOUS-ZT,104.32421875,price_points,2025-12-29T21:00:00Z,2025-12-29T21:01:00Z,YAHOO,proxy,continuous futures proxy
2025-12-30,,ERIS-YIT,91.60380000000004,price_points,2025-12-30T21:00:00Z,2025-12-30T21:01:00Z,ERIS,exact,
2025-12-30,,ERIS-YIW,86.29409999999999,price_points,2025-12-30T21:00:00Z,2025-12-30T21:01:00Z,ERIS,exact,
2025-12-30,,YAHOO-CONTINUOUS-ZF,109.46875,price_points,2025-12-30T21:00:00Z,2025-12-30T21:01:00Z,YAHOO,proxy,continuous futures proxy
2025-12-30,,YAHOO-CONTINUOUS-ZT,104.359375,price_points,2025-12-30T21:00:00Z,2025-12-30T21:01:00Z,YAHOO,proxy,continuous futures proxy
2025-12-31,,ERIS-YIT,91.56340000000003,price_points,2025-12-31T21:00:00Z,2025-12-31T21:01:00Z,ERIS,exact,
2025-12-31,,ERIS-YIW,86.2023,price_points,2025-12-31T21:00:00Z,2025-12-31T21:01:00Z,ERIS,exact,
2025-12-31,,YAHOO-CONTINUOUS-ZF,109.34375,price_points,2025-12-31T21:00:00Z,2025-12-31T21:01:00Z,YAHOO,proxy,continuous futures proxy
2025-12-31,,YAHOO-CONTINUOUS-ZT,104.38671875,price_points,2025-12-31T21:00:00Z,2025-12-31T21:01:00Z,YAHOO,proxy,continuous futures proxy
