observation_date,series_id,instrument_id,value,value_unit,source_observation_time_utc,available_at_utc,source,classification,proxy_label
2023-01-03,,ERIS-YIT,93.33320000000002,price_points,2023-01-03T21:00:00Z,2023-01-03T21:01:00Z,ERIS,exact,
2023-01-03,,ERIS-YIW,88.2273,price_points,2023-01-03T21:00:00Z,2023-01-03T21:01:00Z,ERIS,exact,
2023-01-03,,YAHOO-CONTINUOUS-ZF,108.015625,price_points,2023-01-03T21:00:00Z,2023-01-03T21:01:00Z,YAHOO,proxy,continuous futures proxy
2023-01-03,,YAHOO-CONTINUOUS-ZT,102.5546875,price_points,2023-01-03T21:00:00Z,2023-01-03T21:01:00Z,YAHOO,proxy,continuous futures proxy
2023-01-04,,ERIS-YIT,93.35170000000002,price_points,2023-01-04T21:00:00Z,2023-01-04T21:01:00Z,ERIS,exact,
2023-01-04,,ERIS-YIW,88.4996,price_points,2023-01-04T21:00:00Z,2023-01-04T21:01:00Z,ERIS,exact,
2023-01-04,,YAHOO-CONTINUOUS-ZF,108.3125,price_points,2023-01-04T21:00:00Z,2023-01-04T21:01:00Z,YAHOO,proxy,continuous futures proxy
2023-01-04,,YAHOO-CONTINUOUS-ZT,102.6015625,price_points,2023-01-04T21:00:00Z,2023-01-04T21:01:00Z,YAHOO,proxy,continuous futures proxy
2023-01-05,,ERIS-YIT,93.22870000000002,price_points,2023-01-05T21:00:00Z,2023-01-05T21:01:00Z,ERIS,exact,
2023-01-05,,ERIS-YIW,88.3306,price_points,2023-01-05T21:00:00Z,2023-01-05T21:01:00Z,ERIS,exact,
2023-01-05,,YAHOO-CONTINUOUS-ZF,108.140625,price_points,2023-01-05T21:00:00Z,2023-01-05T21:01:00Z,YAHOO,proxy,continuous futures proxy
2023-01-05,,YAHOO-CONTINUOUS-ZT,102.47265625,price_points,2023-01-05T21:00:00Z,2023-01-05T21:01:00Z,YAHOO,proxy,continuous futures proxy
2023-01-06,,ERIS-YIT,93.55720000000002,price_points,2023-01-06T21:00:00Z,2023-01-06T21:01:00Z,ERIS,exact,
2023-01-06,,ERIS-YIW,89.2098,price_points,2023-01-06T21:00:00Z,2023-01-06T21:01:00Z,ERIS,exact,
2023-01-06,,YAHOO-CONTINUOUS-ZF,109.0234375,price_points,2023-01-06T21:00:00Z,2023-01-06T21:01:00Z,YAHOO,proxy,continuous futures proxy
2023-01-06,,YAHOO-CONTINUOUS-ZT,102.83984375,price_points,2023-01-06T21:00:00Z,2023-01-06T21:01:00Z,YAHOO,proxy,continuous futures proxy
2023-01-09,,ERIS-YIT,93.66080000000001,price_points,2023-01-09T21:00:00Z,2023-01-09T21:01:00Z,ERIS,exact,
2023-01-09,,ERIS-YIW,89.4413,price_points,2023-01-09T21:00:00Z,2023-01-09T21:01:00Z,ERIS,exact,
2023-01-09,,YAHOO-CONTINUOUS-ZF,109.296875,price_points,2023-01-09T21:00:00Z,2023-01-09T21:01:00Z,YAHOO,proxy,continuous futures proxy
2023-01-09,,YAHOO-CONTINUOUS-ZT,102.96484375,price_points,2023-01-09T21:00:00Z,2023-01-09T21:01:00Z,YAHOO,proxy,continuous futures proxy
2023-01-10,,ERIS-YIT,93.58430000000001,price_points,2023-01-10T21:00:00Z,2023-01-10T21:01:00Z,ERIS,exact,
2023-01-10,,ERIS-YIW,89.1104,price_points,2023-01-10T21:00:00Z,2023-01-10T21:01:00Z,ERIS,exact,
2023-01-10,,YAHOO-CONTINUOUS-ZF,108.953125,price_points,2023-01-10T21:00:00Z,2023-01-10T21:01:00Z,YAHOO,proxy,continuous futures proxy
2023-01-10,,YAHOO-CONTINUOUS-ZT,102.8515625,price_points,2023-01-10T21:00:00Z,2023-01-10T21:01:00Z,YAHOO,proxy,continuous futures proxy
2023-01-11,,ERIS-YIT,93.64620000000002,price_points,2023-01-11T21:00:00Z,2023-01-11T21:01:00Z,ERIS,exact,
2023-01-11,,ERIS-YIW,89.3266,price_points,2023-01-11T21:00:00Z,2023-01-11T21:01:00Z,ERIS,exact,
2023-01-11,,YAHOO-CONTINUOUS-ZF,109.2265625,price_points,2023-01-11T21:00:00Z,2023-01-11T21:01:00Z,YAHOO,proxy,continuous futures proxy
2023-01-11,,YAHOO-CONTINUOUS-ZT,102.90625,price_points,2023-01-11T21:00:00Z,2023-01-11T21:01:00Z,YAHOO,proxy,continuous futures proxy
2023-01-12,,ERIS-YIT,93.76610000000002,price_points,2023-01-12T21:00:00Z,2023-01-12T21:01:00Z,ERIS,exact,
2023-01-12,,ERIS-YIW,89.7838,price_points,2023-01-12T21:00:00Z,2023-01-12T21:01:00Z,ERIS,exact,
2023-01-12,,YAHOO-CONTINUOUS-ZF,109.78125,price_points,2023-01-12T21:00:00Z,2023-01-12T21:01:00Z,YAHOO,proxy,continuous futures proxy
2023-01-12,,YAHOO-CONTINUOUS-ZT,103.06640625,price_points,2023-01-12T21:00:00Z,2023-01-12T21:01:00Z,YAHOO,proxy,continuous futures proxy
2023-01-13,,ERIS-YIT,93.62670000000001,price_points,2023-01-13T21:00:00Z,2023-01-13T21:01:00Z,ERIS,exact,
2023-01-13,,ERIS-YIW,89.5015,price_points,2023-01-13T21:00:00Z,2023-01-13T21:01:00Z,ERIS,exact,
2023-01-13,,YAHOO-CONTINUOUS-ZF,109.4296875,price_points,2023-01-13T21:00:00Z,2023-01-13T21:01:00Z,YAHOO,proxy,continuous futures proxy
2023-01-13,,YAHOO-CONTINUOUS-ZT,102.8828125,price_points,2023-01-13T21:00:00Z,2023-01-13T21:01:00Z,YAHOO,proxy,continuous futures proxy
2023-01-17,,ERIS-YIT,93.71260000000001,price_points,2023-01-17T21:00:00Z,2023-01-17T21:01:00Z,ERIS,exact,
2023-01-17,,ERIS-YIW,89.56269999999999,price_points,2023-01-17T21:00:00Z,2023-01-17T21:01:00Z,ERIS,exact,
2023-01-17,,YAHOO-CONTINUOUS-ZF,109.4921875,price_points,2023-01-17T21:00:00Z,2023-01-17T21:01:00Z,YAHOO,proxy,continuous futures proxy
2023-01-17,,YAHOO-CONTINUOUS-ZT,102.96875,price_points,2023-01-17T21:00:00Z,2023-01-17T21:01:00Z,YAHOO,proxy,continuous futures proxy
2023-01-18,,ERIS-YIT,93.88950000000001,price_points,2023-01-18T21:00:00Z,2023-01-18T21:01:00Z,ERIS,exact,
2023-01-18,,ERIS-YIW,90.1948,price_points,2023-01-18T21:00:00Z,2023-01-18T21:01:00Z,ERIS,exact,
2023-01-18,,YAHOO-CONTINUOUS-ZF,110.28125,price_points,2023-01-18T21:00:00Z,2023-01-18T21:01:00Z,YAHOO,proxy,continuous futures proxy
2023-01-18,,YAHOO-CONTINUOUS-ZT,103.19140625,price_points,2023-01-18T21:00:00Z,2023-01-18T21:01:00Z,YAHOO,proxy,continuous futures proxy
2023-01-19,,ERIS-YIT,93.81630000000001,price_points,2023-01-19T21:00:00Z,2023-01-19T21:01:00Z,ERIS,exact,
2023-01-19,,ERIS-YIW,90.0057,price_points,2023-01-19T21:00:00Z,2023-01-19T21:01:00Z,ERIS,exact,
2023-01-19,,YAHOO-CONTINUOUS-ZF,110.0234375,price_points,2023-01-19T21:00:00Z,2023-01-19T21:01:00Z,YAHOO,proxy,continuous futures proxy
2023-01-19,,YAHOO-CONTINUOUS-ZT,103.1171875,price_points,2023-01-19T21:00:00Z,2023-01-19T21:01:00Z,YAHOO,proxy,continuous futures proxy
2023-01-20,,ERIS-YIT,93.72600000000001,price_points,2023-01-20T21:00:00Z,2023-01-20T21:01:00Z,ERIS,exact,
2023-01-20,,ERIS-YIW,89.6481,price_points,2023-01-20T21:00:00Z,2023-01-20T21:01:00Z,ERIS,exact,
2023-01-20,,YAHOO-CONTINUOUS-ZF,109.6640625,price_points,2023-01-20T21:00:00Z,2023-01-20T21:01:00Z,YAHOO,proxy,continuous futures proxy
2023-01-20,,YAHOO-CONTINUOUS-ZT,102.99609375,price_points,2023-01-20T21:00:00Z,2023-01-20T21:01:00Z,YAHOO,proxy,continuous futures proxy
2023-01-23,,ERIS-YIT,93.62380000000002,price_points,2023-01-23T21:00:00Z,2023-01-23T21:01:00Z,ERIS,exact,
2023-01-23,,ERIS-YIW,89.39529999999999,price_points,2023-01-23T21:00:00Z,2023-01-23T21:01:00Z,ERIS,exact,
2023-01-23,,YAHOO-CONTINUOUS-ZF,109.375,price_points,2023-01-23T21:00:00Z,2023-01-23T21:01:00Z,YAHOO,proxy,continuous futures proxy
2023-01-23,,YAHOO-CONTINUOUS-ZT,102.87890625,price_points,2023-01-23T21:00:00Z,2023-01-23T21:01:00Z,YAHOO,proxy,continuous futures proxy
2023-01-24,,ERIS-YIT,93.66240000000002,price_points,2023-01-24T21:00:00Z,2023-01-24T21:01:00Z,ERIS,exact,
2023-01-24,,ERIS-YIW,89.5957,price_points,2023-01-24T21:00:00Z,2023-01-24T21:01:00Z,ERIS,exact,
2023-01-24,,YAHOO-CONTINUOUS-ZF,109.5546875,price_points,2023-01-24T21:00:00Z,2023-01-24T21:01:00Z,YAHOO,proxy,continuous futures proxy
2023-01-24,,YAHOO-CONTINUOUS-ZT,102.9375,price_points,2023-01-24T21:00:00Z,2023-01-24T21:01:00Z,YAHOO,proxy,continuous futures proxy
2023-01-25,,ERIS-YIT,93.71390000000001,price_points,2023-01-25T21:00:00Z,2023-01-25T21:01:00Z,ERIS,exact,
2023-01-25,,ERIS-YIW,89.6438,price_points,2023-01-25T21:00:00Z,2023-01-25T21:01:00Z,ERIS,exact,
2023-01-25,,YAHOO-CONTINUOUS-ZF,109.6640625,price_points,2023-01-25T21:00:00Z,2023-01-25T21:01:00Z,YAHOO,proxy,continuous futures proxy
2023-01-25,,YAHOO-CONTINUOUS-ZT,102.98046875,price_points,2023-01-25T21:00:00Z,2023-01-25T21:01:00Z,YAHOO,proxy,continuous futures proxy
2023-01-26,,ERIS-YIT,93.64530000000002,price_points,2023-01-26T21:00:00Z,2023-01-26T21:01:00Z,ERIS,exact,
2023-01-26,,ERIS-YIW,89.4568,price_points,2023-01-26T21:00:00Z,2023-01-26T21:01:00Z,ERIS,exact,
2023-01-26,,YAHOO-CONTINUOUS-ZF,109.4609375,price_points,2023-01-26T21:00:00Z,2023-01-26T21:01:00Z,YAHOO,proxy,continuous futures proxy
2023-01-26,,YAHOO-CONTINUOUS-ZT,102.89453125,price_points,2023-01-26T21:00:00Z,2023-01-26T21:01:00Z,YAHOO,proxy,continuous futures proxy
2023-01-27,,ERIS-YIT,93.59630000000001,price_points,2023-01-27T21:00:00Z,2023-01-27T21:01:00Z,ERIS,exact,
2023-01-27,,ERIS-YIW,89.2781,price_points,2023-01-27T21:00:00Z,2023-01-27T21:01:00Z,ERIS,exact,
2023-01-27,,YAHOO-CONTINUOUS-ZF,109.3125,price_points,2023-01-27T21:00:00Z,2023-01-27T21:01:00Z,YAHOO,proxy,continuous futures proxy
2023-01-27,,YAHOO-CONTINUOUS-ZT,102.8359375,price_points,2023-01-27T21:00:00Z,2023-01-27T21:01:00Z,YAHOO,proxy,continuous futures proxy
2023-01-30,,ERIS-YIT,93.49700000000001,price_points,2023-01-30T21:00:00Z,2023-01-30T21:01:00Z,ERIS,exact,
2023-01-30,,ERIS-YIW,89.0142,price_points,2023-01-30T21:00:00Z,2023-01-30T21:01:00Z,ERIS,exact,
2023-01-30,,YAHOO-CONTINUOUS-ZF,109.03125,price_points,2023-01-30T21:00:00Z,2023-01-30T21:01:00Z,YAHOO,proxy,continuous futures proxy
2023-01-30,,YAHOO-CONTINUOUS-ZT,102.73046875,price_points,2023-01-30T21:00:00Z,2023-01-30T21:01:00Z,YAHOO,proxy,continuous futures proxy
2023-01-31,,ERIS-YIT,93.57980000000002,price_points,2023-01-31T21:00:00Z,2023-01-31T21:01:00Z,ERIS,exact,
2023-01-31,,ERIS-YIW,89.2587,price_points,2023-01-31T21:00:00Z,2023-01-31T21:01:00Z,ERIS,exact,
2023-01-31,,YAHOO-CONTINUOUS-ZF,109.2421875,price_points,2023-01-31T21:00:00Z,2023-01-31T21:01:00Z,YAHOO,proxy,continuous futures proxy
2023-01-31,,YAHOO-CONTINUOUS-ZT,102.82421875,price_points,2023-01-31T21:00:00Z,2023-01-31T21:01:00Z,YAHOO,proxy,continuous futures proxy
2023-02-01,,ERIS-YIT,93.72940000000001,price_points,2023-02-01T21:00:00Z,2023-02-01T21:01:00Z,ERIS,exact,
2023-02-01,,ERIS-YIW,89.8013,price_points,2023-02-01T21:00:00Z,2023-02-01T21:01:00Z,ERIS,exact,
2023-02-01,,YAHOO-CONTINUOUS-ZF,109.875,price_points,2023-02-01T21:00:00Z,2023-02-01T21:01:00Z,YAHOO,proxy,continuous futures proxy
2023-02-01,,YAHOO-CONTINUOUS-ZT,103.01171875,price_points,2023-02-01T21:00:00Z,2023-02-01T21:01:00Z,YAHOO,proxy,continuous futures proxy
2023-02-02,,ERIS-YIT,93.76500000000001,price_points,2023-02-02T21:00:00Z,2023-02-02T21:01:00Z,ERIS,exact,
2023-02-02,,ERIS-YIW,89.8249,price_points,2023-02-02T21:00:00Z,2023-02-02T21:01:00Z,ERIS,exact,
2023-02-02,,YAHOO-CONTINUOUS-ZF,109.953125,price_points,2023-02-02T21:00:00Z,2023-02-02T21:01:00Z,YAHOO,proxy,continuous futures proxy
2023-02-02,,YAHOO-CONTINUOUS-ZT,103.0546875,price_points,2023-02-02T21:00:00Z,2023-02-02T21:01:00Z,YAHOO,proxy,continuous futures proxy
2023-02-03,,ERIS-YIT,93.41640000000001,price_points,2023-02-03T21:00:00Z,2023-02-03T21:01:00Z,ERIS,exact,
2023-02-03,,ERIS-YIW,89.0205,price_points,2023-02-03T21:00:00Z,2023-02-03T21:01:00Z,ERIS,exact,
2023-02-03,,YAHOO-CONTINUOUS-ZF,109.0859375,price_points,2023-02-03T21:00:00Z,2023-02-03T21:01:00Z,YAHOO,proxy,continuous futures proxy
2023-02-03,,YAHOO-CONTINUOUS-ZT,102.66015625,price_points,2023-02-03T21:00:00Z,2023-02-03T21:01:00Z,YAHOO,proxy,continuous futures proxy
2023-02-06,,ERIS-YIT,93.16060000000002,price_points,2023-02-06T21:00:00Z,2023-02-06T21:01:00Z,ERIS,exact,
2023-02-06,,ERIS-YIW,88.43299999999999,price_points,2023-02-06T21:00:00Z,2023-02-06T21:01:00Z,ERIS,exact,
2023-02-06,,YAHOO-CONTINUOUS-ZF,108.390625,price_points,2023-02-06T21:00:00Z,2023-02-06T21:01:00Z,YAHOO,proxy,continuous futures proxy
2023-02-06,,YAHOO-CONTINUOUS-ZT,102.36328125,price_points,2023-02-06T21:00:00Z,2023-02-06T21:01:00Z,YAHOO,proxy,continuous futures proxy
2023-02-07,,ERIS-YIT,93.11070000000002,price_points,2023-02-07T21:00:00Z,2023-02-07T21:01:00Z,ERIS,exact,
2023-02-07,,ERIS-YIW,88.3261,price_points,2023-02-07T21:00:00Z,2023-02-07T21:01:00Z,ERIS,exact,
2023-02-07,,YAHOO-CONTINUOUS-ZF,108.265625,price_points,2023-02-07T21:00:00Z,2023-02-07T21:01:00Z,YAHOO,proxy,continuous futures proxy
2023-02-07,,YAHOO-CONTINUOUS-ZT,102.33203125,price_points,2023-02-07T21:00:00Z,2023-02-07T21:01:00Z,YAHOO,proxy,continuous futures proxy
2023-02-08,,ERIS-YIT,93.12880000000001,price_points,2023-02-08T21:00:00Z,2023-02-08T21:01:00Z,ERIS,exact,
2023-02-08,,ERIS-YIW,88.4156,price_points,2023-02-08T21:00:00Z,2023-02-08T21:01:00Z,ERIS,exact,
2023-02-08,,YAHOO-CONTINUOUS-ZF,108.3828125,price_points,2023-02-08T21:00:00Z,2023-02-08T21:01:00Z,YAHOO,proxy,continuous futures proxy
2023-02-08,,YAHOO-CONTINUOUS-ZT,102.3515625,price_points,2023-02-08T21:00:00Z,2023-02-08T21:01:00Z,YAHOO,proxy,continuous futures proxy
2023-02-09,,ERIS-YIT,93.02220000000001,price_points,2023-02-09T21:00:00Z,2023-02-09T21:01:00Z,ERIS,exact,
2023-02-09,,ERIS-YIW,88.1402,price_points,2023-02-09T21:00:00Z,2023-02-09T21:01:00Z,ERIS,exact,
2023-02-09,,YAHOO-CONTINUOUS-ZF,108.0703125,price_points,2023-02-09T21:00:00Z,2023-02-09T21:01:00Z,YAHOO,proxy,continuous futures proxy
2023-02-09,,YAHOO-CONTINUOUS-ZT,102.234375,price_points,2023-02-09T21:00:00Z,2023-02-09T21:01:00Z,YAHOO,proxy,continuous futures proxy
2023-02-10,,ERIS-YIT,92.98000000000002,price_points,2023-02-10T21:00:00Z,2023-02-10T21:01:00Z,ERIS,exact,
2023-02-10,,ERIS-YIW,87.978,price_points,2023-02-10T21:00:00Z,2023-02-10T21:01:00Z,ERIS,exact,
2023-02-10,,YAHOO-CONTINUOUS-ZF,107.90625,price_points,2023-02-10T21:00:00Z,2023-02-10T21:01:00Z,YAHOO,proxy,continuous futures proxy
2023-02-10,,YAHOO-CONTINUOUS-ZT,102.22265625,price_points,2023-02-10T21:00:00Z,2023-02-10T21:01:00Z,YAHOO,proxy,continuous futures proxy
2023-02-13,,ERIS-YIT,92.94330000000002,price_points,2023-02-13T21:00:00Z,2023-02-13T21:01:00Z,ERIS,exact,
2023-02-13,,ERIS-YIW,87.929,price_points,2023-02-13T21:00:00Z,2023-02-13T21:01:00Z,ERIS,exact,
2023-02-13,,YAHOO-CONTINUOUS-ZF,107.8515625,price_points,2023-02-13T21:00:00Z,2023-02-13T21:01:00Z,YAHOO,proxy,continuous futures proxy
2023-02-13,,YAHOO-CONTINUOUS-ZT,102.1796875,price_points,2023-02-13T21:00:00Z,2023-02-13T21:01:00Z,YAHOO,proxy,continuous futures proxy
2023-02-14,,ERIS-YIT,92.72300000000001,price_points,2023-02-14T21:00:00Z,2023-02-14T21:01:00Z,ERIS,exact,
2023-02-14,,ERIS-YIW,87.51389999999999,price_points,2023-02-14T21:00:00Z,2023-02-14T21:01:00Z,ERIS,exact,
2023-02-14,,YAHOO-CONTINUOUS-ZF,107.46875,price_points,2023-02-14T21:00:00Z,2023-02-14T21:01:00Z,YAHOO,proxy,continuous futures proxy
2023-02-14,,YAHOO-CONTINUOUS-ZT,101.98828125,price_points,2023-02-14T21:00:00Z,2023-02-14T21:01:00Z,YAHOO,proxy,continuous futures proxy
2023-02-15,,ERIS-YIT,92.70650000000002,price_points,2023-02-15T21:00:00Z,2023-02-15T21:01:00Z,ERIS,exact,
2023-02-15,,ERIS-YIW,87.34909999999999,price_points,2023-02-15T21:00:00Z,2023-02-15T21:01:00Z,ERIS,exact,
2023-02-15,,YAHOO-CONTINUOUS-ZF,107.3203125,price_points,2023-02-15T21:00:00Z,2023-02-15T21:01:00Z,YAHOO,proxy,continuous futures proxy
2023-02-15,,YAHOO-CONTINUOUS-ZT,101.9765625,price_points,2023-02-15T21:00:00Z,2023-02-15T21:01:00Z,YAHOO,proxy,continuous futures proxy
2023-02-16,,ERIS-YIT,92.76180000000002,price_points,2023-02-16T21:00:00Z,2023-02-16T21:01:00Z,ERIS,exact,
2023-02-16,,ERIS-YIW,87.3348,price_points,2023-02-16T21:00:00Z,2023-02-16T21:01:00Z,ERIS,exact,
2023-02-16,,YAHOO-CONTINUOUS-ZF,107.2890625,price_points,2023-02-16T21:00:00Z,2023-02-16T21:01:00Z,YAHOO,proxy,continuous futures proxy
2023-02-16,,YAHOO-CONTINUOUS-ZT,102.00390625,price_points,2023-02-16T21:00:00Z,2023-02-16T21:01:00Z,YAHOO,proxy,continuous futures proxy
2023-02-17,,ERIS-YIT,92.74710000000002,price_points,2023-02-17T21:00:00Z,2023-02-17T21:01:00Z,ERIS,exact,
2023-02-17,,ERIS-YIW,87.41029999999999,price_points,2023-02-17T21:00:00Z,2023-02-17T21:01:00Z,ERIS,exact,
2023-02-17,,YAHOO-CONTINUOUS-ZF,107.3515625,price_points,2023-02-17T21:00:00Z,2023-02-17T21:01:00Z,YAHOO,proxy,continuous futures proxy
2023-02-17,,YAHOO-CONTINUOUS-ZT,101.9921875,price_points,2023-02-17T21:00:00Z,2023-02-17T21:01:00Z,YAHOO,proxy,continuous futures proxy
2023-02-21,,ERIS-YIT,92.74710000000002,price_points,2023-02-21T21:00:00Z,2023-02-21T21:01:00Z,ERIS,exact,
2023-02-21,,ERIS-YIW,86.84179999999999,price_points,2023-02-21T21:00:00Z,2023-02-21T21:01:00Z,ERIS,exact,
2023-02-21,,YAHOO-CONTINUOUS-ZF,106.7578125,price_points,2023-02-21T21:00:00Z,2023-02-21T21:01:00Z,YAHOO,proxy,continuous futures proxy
2023-02-21,,YAHOO-CONTINUOUS-ZT,101.80078125,price_points,2023-02-21T21:00:00Z,2023-02-21T21:01:00Z,YAHOO,proxy,continuous futures proxy
2023-02-22,,ERIS-YIT,92.74340000000002,price_points,2023-02-22T21:00:00Z,2023-02-22T21:01:00Z,ERIS,exact,
2023-02-22,,ERIS-YIW,86.8837,price_points,2023-02-22T21:00:00Z,2023-02-22T21:01:00Z,ERIS,exact,
2023-02-22,,YAHOO-CONTINUOUS-ZF,106.8359375,price_points,2023-02-22T21:00:00Z,2023-02-22T21:01:00Z,YAHOO,proxy,continuous futures proxy
2023-02-22,,YAHOO-CONTINUOUS-ZT,101.80859375,price_points,2023-02-22T21:00:00Z,2023-02-22T21:01:00Z,YAHOO,proxy,continuous futures proxy
2023-02-23,,ERIS-YIT,92.76710000000001,price_points,2023-02-23T21:00:00Z,2023-02-23T21:01:00Z,ERIS,exact,
2023-02-23,,ERIS-YIW,87.0349,price_points,2023-02-23T21:00:00Z,2023-02-23T21:01:00Z,ERIS,exact,
2023-02-23,,YAHOO-CONTINUOUS-ZF,106.9453125,price_points,2023-02-23T21:00:00Z,2023-02-23T21:01:00Z,YAHOO,proxy,continuous futures proxy
2023-02-23,,YAHOO-CONTINUOUS-ZT,101.80859375,price_points,2023-02-23T21:00:00Z,2023-02-23T21:01:00Z,YAHOO,proxy,continuous futures proxy
2023-02-24,,ERIS-YIT,92.52210000000002,price_points,2023-02-24T21:00:00Z,2023-02-24T21:01:00Z,ERIS,exact,
2023-02-24,,ERIS-YIW,86.5551,price_points,2023-02-24T21:00:00Z,2023-02-24T21:01:00Z,ERIS,exact,
2023-02-24,,YAHOO-CONTINUOUS-ZF,106.5,price_points,2023-02-24T21:00:00Z,2023-02-24T21:01:00Z,YAHOO,proxy,continuous futures proxy
2023-02-24,,YAHOO-CONTINUOUS-ZT,101.64453125,price_points,2023-02-24T21:00:00Z,2023-02-24T21:01:00Z,YAHOO,proxy,continuous futures proxy
2023-02-27,,ERIS-YIT,92.53090000000002,price_points,2023-02-27T21:00:00Z,2023-02-27T21:01:00Z,ERIS,exact,
2023-02-27,,ERIS-YIW,86.7037,price_points,2023-02-27T21:00:00Z,2023-02-27T21:01:00Z,ERIS,exact,
2023-02-27,,YAHOO-CONTINUOUS-ZF,106.65625,price_points,2023-02-27T21:00:00Z,2023-02-27T21:01:00Z,YAHOO,proxy,continuous futures proxy
2023-02-27,,YAHOO-CONTINUOUS-ZT,101.671875,price_points,2023-02-27T21:00:00Z,2023-02-27T21:01:00Z,YAHOO,proxy,continuous futures proxy
2023-02-28,,ERIS-YIT,92.51590000000002,price_points,2023-02-28T21:00:00Z,2023-02-28T21:01:00Z,ERIS,exact,
2023-02-28,,ERIS-YIW,86.7033,price_points,2023-02-28T21:00:00Z,2023-02-28T21:01:00Z,ERIS,exact,
2023-02-28,,YAHOO-CONTINUOUS-ZF,106.671875,price_points,2023-02-28T21:00:00Z,2023-02-28T21:01:00Z,YAHOO,proxy,continuous futures proxy
2023-02-28,,YAHOO-CONTINUOUS-ZT,101.671875,price_points,2023-02-28T21:00:00Z,2023-02-28T21:01:00Z,YAHOO,proxy,continuous futures proxy
2023-03-01,,ERIS-YIT,92.35090000000002,price_points,2023-03-01T21:00:00Z,2023-03-01T21:01:00Z,ERIS,exact,
2023-03-01,,ERIS-YIW,86.2967,price_points,2023-03-01T21:00:00Z,2023-03-01T21:01:00Z,ERIS,exact,
2023-03-01,,YAHOO-CONTINUOUS-ZF,106.2890625,price_points,2023-03-01T21:00:00Z,2023-03-01T21:01:00Z,YAHOO,proxy,continuous futures proxy
2023-03-01,,YAHOO-CONTINUOUS-ZT,101.5078125,price_points,2023-03-01T21:00:00Z,2023-03-01T21:01:00Z,YAHOO,proxy,continuous futures proxy
2023-03-02,,ERIS-YIT,92.31710000000001,price_points,2023-03-02T21:00:00Z,2023-03-02T21:01:00Z,ERIS,exact,
2023-03-02,,ERIS-YIW,86.0264,price_points,2023-03-02T21:00:00Z,2023-03-02T21:01:00Z,ERIS,exact,
2023-03-02,,YAHOO-CONTINUOUS-ZF,106.0703125,price_points,2023-03-02T21:00:00Z,2023-03-02T21:01:00Z,YAHOO,proxy,continuous futures proxy
2023-03-02,,YAHOO-CONTINUOUS-ZT,101.5078125,price_points,2023-03-02T21:00:00Z,2023-03-02T21:01:00Z,YAHOO,proxy,continuous futures proxy
2023-03-03,,ERIS-YIT,92.40460000000002,price_points,2023-03-03T21:00:00Z,2023-03-03T21:01:00Z,ERIS,exact,
2023-03-03,,ERIS-YIW,86.333,price_points,2023-03-03T21:00:00Z,2023-03-03T21:01:00Z,ERIS,exact,
2023-03-03,,YAHOO-CONTINUOUS-ZF,106.328125,price_points,2023-03-03T21:00:00Z,2023-03-03T21:01:00Z,YAHOO,proxy,continuous futures proxy
2023-03-03,,YAHOO-CONTINUOUS-ZT,101.58984375,price_points,2023-03-03T21:00:00Z,2023-03-03T21:01:00Z,YAHOO,proxy,continuous futures proxy
2023-03-06,,ERIS-YIT,92.36840000000002,price_points,2023-03-06T21:00:00Z,2023-03-06T21:01:00Z,ERIS,exact,
2023-03-06,,ERIS-YIW,86.3115,price_points,2023-03-06T21:00:00Z,2023-03-06T21:01:00Z,ERIS,exact,
2023-03-06,,YAHOO-CONTINUOUS-ZF,106.2421875,price_points,2023-03-06T21:00:00Z,2023-03-06T21:01:00Z,YAHOO,proxy,continuous futures proxy
2023-03-06,,YAHOO-CONTINUOUS-ZT,101.51953125,price_points,2023-03-06T21:00:00Z,2023-03-06T21:01:00Z,YAHOO,proxy,continuous futures proxy
2023-03-07,,ERIS-YIT,92.11590000000001,price_points,2023-03-07T21:00:00Z,2023-03-07T21:01:00Z,ERIS,exact,
2023-03-07,,ERIS-YIW,86.1107,price_points,2023-03-07T21:00:00Z,2023-03-07T21:01:00Z,ERIS,exact,
2023-03-07,,YAHOO-CONTINUOUS-ZF,106.0234375,price_points,2023-03-07T21:00:00Z,2023-03-07T21:01:00Z,YAHOO,proxy,continuous futures proxy
2023-03-07,,YAHOO-CONTINUOUS-ZT,101.3046875,price_points,2023-03-07T21:00:00Z,2023-03-07T21:01:00Z,YAHOO,proxy,continuous futures proxy
2023-03-08,,ERIS-YIT,92.05840000000002,price_points,2023-03-08T21:00:00Z,2023-03-08T21:01:00Z,ERIS,exact,
2023-03-08,,ERIS-YIW,86.0496,price_points,2023-03-08T21:00:00Z,2023-03-08T21:01:00Z,ERIS,exact,
2023-03-08,,YAHOO-CONTINUOUS-ZF,105.890625,price_points,2023-03-08T21:00:00Z,2023-03-08T21:01:00Z,YAHOO,proxy,continuous futures proxy
2023-03-08,,YAHOO-CONTINUOUS-ZT,101.19921875,price_points,2023-03-08T21:00:00Z,2023-03-08T21:01:00Z,YAHOO,proxy,continuous futures proxy
2023-03-09,,ERIS-YIT,92.36340000000001,price_points,2023-03-09T21:00:00Z,2023-03-09T21:01:00Z,ERIS,exact,
2023-03-09,,ERIS-YIW,86.5259,price_points,2023-03-09T21:00:00Z,2023-03-09T21:01:00Z,ERIS,exact,
2023-03-09,,YAHOO-CONTINUOUS-ZF,106.453125,price_points,2023-03-09T21:00:00Z,2023-03-09T21:01:00Z,YAHOO,proxy,continuous futures proxy
2023-03-09,,YAHOO-CONTINUOUS-ZT,101.546875,price_points,2023-03-09T21:00:00Z,2023-03-09T21:01:00Z,YAHOO,proxy,continuous futures proxy
2023-03-10,,ERIS-YIT,93.09210000000002,price_points,2023-03-10T21:00:00Z,2023-03-10T21:01:00Z,ERIS,exact,
2023-03-10,,ERIS-YIW,87.7385,price_points,2023-03-10T21:00:00Z,2023-03-10T21:01:00Z,ERIS,exact,
2023-03-10,,YAHOO-CONTINUOUS-ZF,107.6171875,price_points,2023-03-10T21:00:00Z,2023-03-10T21:01:00Z,YAHOO,proxy,continuous futures proxy
2023-03-10,,YAHOO-CONTINUOUS-ZT,102.10546875,price_points,2023-03-10T21:00:00Z,2023-03-10T21:01:00Z,YAHOO,proxy,continuous futures proxy
2023-03-13,,ERIS-YIT,94.31950000000002,price_points,2023-03-13T21:00:00Z,2023-03-13T21:01:00Z,ERIS,exact,
2023-03-13,,ERIS-YIW,89.0465,price_points,2023-03-13T21:00:00Z,2023-03-13T21:01:00Z,ERIS,exact,
2023-03-13,,YAHOO-CONTINUOUS-ZF,108.9453125,price_points,2023-03-13T21:00:00Z,2023-03-13T21:01:00Z,YAHOO,proxy,continuous futures proxy
2023-03-13,,YAHOO-CONTINUOUS-ZT,103.1484375,price_points,2023-03-13T21:00:00Z,2023-03-13T21:01:00Z,YAHOO,proxy,continuous futures proxy
2023-03-14,,ERIS-YIT,93.89360000000002,price_points,2023-03-14T21:00:00Z,2023-03-14T21:01:00Z,ERIS,exact,
2023-03-14,,ERIS-YIW,88.3651,price_points,2023-03-14T21:00:00Z,2023-03-14T21:01:00Z,ERIS,exact,
2023-03-14,,YAHOO-CONTINUOUS-ZF,108.3046875,price_points,2023-03-14T21:00:00Z,2023-03-14T21:01:00Z,YAHOO,proxy,continuous futures proxy
2023-03-14,,YAHOO-CONTINUOUS-ZT,102.8515625,price_points,2023-03-14T21:00:00Z,2023-03-14T21:01:00Z,YAHOO,proxy,continuous futures proxy
2023-03-15,,ERIS-YIT,94.32300000000002,price_points,2023-03-15T21:00:00Z,2023-03-15T21:01:00Z,ERIS,exact,
2023-03-15,,ERIS-YIW,89.0177,price_points,2023-03-15T21:00:00Z,2023-03-15T21:01:00Z,ERIS,exact,
2023-03-15,,YAHOO-CONTINUOUS-ZF,109.296875,price_points,2023-03-15T21:00:00Z,2023-03-15T21:01:00Z,YAHOO,proxy,continuous futures proxy
2023-03-15,,YAHOO-CONTINUOUS-ZT,103.30078125,price_points,2023-03-15T21:00:00Z,2023-03-15T21:01:00Z,YAHOO,proxy,continuous futures proxy
2023-03-16,,ERIS-YIT,93.96700000000001,price_points,2023-03-16T21:00:00Z,2023-03-16T21:01:00Z,ERIS,exact,
2023-03-16,,ERIS-YIW,88.44839999999999,price_points,2023-03-16T21:00:00Z,2023-03-16T21:01:00Z,ERIS,exact,
2023-03-16,,YAHOO-CONTINUOUS-ZF,108.5078125,price_points,2023-03-16T21:00:00Z,2023-03-16T21:01:00Z,YAHOO,proxy,continuous futures proxy
2023-03-16,,YAHOO-CONTINUOUS-ZT,102.95703125,price_points,2023-03-16T21:00:00Z,2023-03-16T21:01:00Z,YAHOO,proxy,continuous futures proxy
2023-03-17,,ERIS-YIT,94.53150000000002,price_points,2023-03-17T21:00:00Z,2023-03-17T21:01:00Z,ERIS,exact,
2023-03-17,,ERIS-YIW,89.5856,price_points,2023-03-17T21:00:00Z,2023-03-17T21:01:00Z,ERIS,exact,
2023-03-17,,YAHOO-CONTINUOUS-ZF,109.8359375,price_points,2023-03-17T21:00:00Z,2023-03-17T21:01:00Z,YAHOO,proxy,continuous futures proxy
2023-03-17,,YAHOO-CONTINUOUS-ZT,103.56640625,price_points,2023-03-17T21:00:00Z,2023-03-17T21:01:00Z,YAHOO,proxy,continuous futures proxy
2023-03-20,,ERIS-YIT,94.35930000000002,price_points,2023-03-20T21:00:00Z,2023-03-20T21:01:00Z,ERIS,exact,
2023-03-20,,ERIS-YIW,89.1673,price_points,2023-03-20T21:00:00Z,2023-03-20T21:01:00Z,ERIS,exact,
2023-03-20,,YAHOO-CONTINUOUS-ZF,109.21875,price_points,2023-03-20T21:00:00Z,2023-03-20T21:01:00Z,YAHOO,proxy,continuous futures proxy
2023-03-20,,YAHOO-CONTINUOUS-ZT,103.4140625,price_points,2023-03-20T21:00:00Z,2023-03-20T21:01:00Z,YAHOO,proxy,continuous futures proxy
2023-03-21,,ERIS-YIT,93.81070000000001,price_points,2023-03-21T21:00:00Z,2023-03-21T21:01:00Z,ERIS,exact,
2023-03-21,,ERIS-YIW,88.4194,price_points,2023-03-21T21:00:00Z,2023-03-21T21:01:00Z,ERIS,exact,
2023-03-21,,YAHOO-CONTINUOUS-ZF,108.6328125,price_points,2023-03-21T21:00:00Z,2023-03-21T21:01:00Z,YAHOO,proxy,continuous futures proxy
2023-03-21,,YAHOO-CONTINUOUS-ZT,102.921875,price_points,2023-03-21T21:00:00Z,2023-03-21T21:01:00Z,YAHOO,proxy,continuous futures proxy
2023-03-22,,ERIS-YIT,94.14610000000002,price_points,2023-03-22T21:00:00Z,2023-03-22T21:01:00Z,ERIS,exact,
2023-03-22,,ERIS-YIW,89.1508,price_points,2023-03-22T21:00:00Z,2023-03-22T21:01:00Z,ERIS,exact,
2023-03-22,,YAHOO-CONTINUOUS-ZF,109.3359375,price_points,2023-03-22T21:00:00Z,2023-03-22T21:01:00Z,YAHOO,proxy,continuous futures proxy
2023-03-22,,YAHOO-CONTINUOUS-ZT,103.21875,price_points,2023-03-22T21:00:00Z,2023-03-22T21:01:00Z,YAHOO,proxy,continuous futures proxy
2023-03-23,,ERIS-YIT,94.52170000000002,price_points,2023-03-23T21:00:00Z,2023-03-23T21:01:00Z,ERIS,exact,
2023-03-23,,ERIS-YIW,89.8587,price_points,2023-03-23T21:00:00Z,2023-03-23T21:01:00Z,ERIS,exact,
2023-03-23,,YAHOO-CONTINUOUS-ZF,110.078125,price_points,2023-03-23T21:00:00Z,2023-03-23T21:01:00Z,YAHOO,proxy,continuous futures proxy
2023-03-23,,YAHOO-CONTINUOUS-ZT,103.5625,price_points,2023-03-23T21:00:00Z,2023-03-23T21:01:00Z,YAHOO,proxy,continuous futures proxy
2023-03-24,,ERIS-YIT,94.55730000000001,price_points,2023-03-24T21:00:00Z,2023-03-24T21:01:00Z,ERIS,exact,
2023-03-24,,ERIS-YIW,89.94109999999999,price_points,2023-03-24T21:00:00Z,2023-03-24T21:01:00Z,ERIS,exact,
2023-03-24,,YAHOO-CONTINUOUS-ZF,110.3515625,price_points,2023-03-24T21:00:00Z,2023-03-24T21:01:00Z,YAHOO,proxy,continuous futures proxy
2023-03-24,,YAHOO-CONTINUOUS-ZT,103.59375,price_points,2023-03-24T21:00:00Z,2023-03-24T21:01:00Z,YAHOO,proxy,continuous futures proxy
2023-03-27,,ERIS-YIT,94.14630000000001,price_points,2023-03-27T21:00:00Z,2023-03-27T21:01:00Z,ERIS,exact,
2023-03-27,,ERIS-YIW,89.2037,price_points,2023-03-27T21:00:00Z,2023-03-27T21:01:00Z,ERIS,exact,
2023-03-27,,YAHOO-CONTINUOUS-ZF,109.6328125,price_points,2023-03-27T21:00:00Z,2023-03-27T21:01:00Z,YAHOO,proxy,continuous futures proxy
2023-03-27,,YAHOO-CONTINUOUS-ZT,103.15234375,price_points,2023-03-27T21:00:00Z,2023-03-27T21:01:00Z,YAHOO,proxy,continuous futures proxy
2023-03-28,,ERIS-YIT,93.99750000000002,price_points,2023-03-28T21:00:00Z,2023-03-28T21:01:00Z,ERIS,exact,
2023-03-28,,ERIS-YIW,88.95,price_points,2023-03-28T21:00:00Z,2023-03-28T21:01:00Z,ERIS,exact,
2023-03-28,,YAHOO-CONTINUOUS-ZF,109.3203125,price_points,2023-03-28T21:00:00Z,2023-03-28T21:01:00Z,YAHOO,proxy,continuous futures proxy
2023-03-28,,YAHOO-CONTINUOUS-ZT,103.04296875,price_points,2023-03-28T21:00:00Z,2023-03-28T21:01:00Z,YAHOO,proxy,continuous futures proxy
2023-03-29,,ERIS-YIT,93.92760000000001,price_points,2023-03-29T21:00:00Z,2023-03-29T21:01:00Z,ERIS,exact,
2023-03-29,,ERIS-YIW,88.885,price_points,2023-03-29T21:00:00Z,2023-03-29T21:01:00Z,ERIS,exact,
2023-03-29,,YAHOO-CONTINUOUS-ZF,109.2421875,price_points,2023-03-29T21:00:00Z,2023-03-29T21:01:00Z,YAHOO,proxy,continuous futures proxy
2023-03-29,,YAHOO-CONTINUOUS-ZT,103.01953125,price_points,2023-03-29T21:00:00Z,2023-03-29T21:01:00Z,YAHOO,proxy,continuous futures proxy
2023-03-30,,ERIS-YIT,93.87570000000002,price_points,2023-03-30T21:00:00Z,2023-03-30T21:01:00Z,ERIS,exact,
2023-03-30,,ERIS-YIW,88.9323,price_points,2023-03-30T21:00:00Z,2023-03-30T21:01:00Z,ERIS,exact,
2023-03-30,,YAHOO-CONTINUOUS-ZF,109.328125,price_points,2023-03-30T21:00:00Z,2023-03-30T21:01:00Z,YAHOO,proxy,continuous futures proxy
2023-03-30,,YAHOO-CONTINUOUS-ZT,103.01171875,price_points,2023-03-30T21:00:00Z,2023-03-30T21:01:00Z,YAHOO,proxy,continuous futures proxy
2023-03-31,,ERIS-YIT,93.92980000000001,price_points,2023-03-31T21:00:00Z,2023-03-31T21:01:00Z,ERIS,exact,
2023-03-31,,ERIS-YIW,89.1381,price_points,2023-03-31T21:00:00Z,2023-03-31T21:01:00Z,ERIS,exact,
2023-03-31,,YAHOO-CONTINUOUS-ZF,109.5390625,price_points,2023-03-31T21:00:00Z,2023-03-31T21:01:00Z,YAHOO,proxy,continuous futures proxy
2023-03-31,,YAHOO-CONTINUOUS-ZT,103.0390625,price_points,2023-03-31T21:00:00Z,2023-03-31T21:01:00Z,YAHOO,proxy,continuous futures proxy
2023-04-03,,ERIS-YIT,94.03950000000002,price_points,2023-04-03T21:00:00Z,2023-04-03T21:01:00Z,ERIS,exact,
2023-04-03,,ERIS-YIW,89.4612,price_points,2023-04-03T21:00:00Z,2023-04-03T21:01:00Z,ERIS,exact,
2023-04-03,,YAHOO-CONTINUOUS-ZF,109.8984375,price_points,2023-04-03T21:00:00Z,2023-04-03T21:01:00Z,YAHOO,proxy,continuous futures proxy
2023-04-03,,YAHOO-CONTINUOUS-ZT,103.38671875,price_points,2023-04-03T21:00:00Z,2023-04-03T21:01:00Z,YAHOO,proxy,continuous futures proxy
2023-04-04,,ERIS-YIT,94.33900000000001,price_points,2023-04-04T21:00:00Z,2023-04-04T21:01:00Z,ERIS,exact,
2023-04-04,,ERIS-YIW,90.0461,price_points,2023-04-04T21:00:00Z,2023-04-04T21:01:00Z,ERIS,exact,
2023-04-04,,YAHOO-CONTINUOUS-ZF,110.546875,price_points,2023-04-04T21:00:00Z,2023-04-04T21:01:00Z,YAHOO,proxy,continuous futures proxy
2023-04-04,,YAHOO-CONTINUOUS-ZT,103.68359375,price_points,2023-04-04T21:00:00Z,2023-04-04T21:01:00Z,YAHOO,proxy,continuous futures proxy
2023-04-05,,ERIS-YIT,94.46660000000001,price_points,2023-04-05T21:00:00Z,2023-04-05T21:01:00Z,ERIS,exact,
2023-04-05,,ERIS-YIW,90.22449999999999,price_points,2023-04-05T21:00:00Z,2023-04-05T21:01:00Z,ERIS,exact,
2023-04-05,,YAHOO-CONTINUOUS-ZF,110.75,price_points,2023-04-05T21:00:00Z,2023-04-05T21:01:00Z,YAHOO,proxy,continuous futures proxy
2023-04-05,,YAHOO-CONTINUOUS-ZT,103.8203125,price_points,2023-04-05T21:00:00Z,2023-04-05T21:01:00Z,YAHOO,proxy,continuous futures proxy
2023-04-06,,ERIS-YIT,94.32910000000001,price_points,2023-04-06T21:00:00Z,2023-04-06T21:01:00Z,ERIS,exact,
2023-04-06,,ERIS-YIW,90.1122,price_points,2023-04-06T21:00:00Z,2023-04-06T21:01:00Z,ERIS,exact,
2023-04-06,,YAHOO-CONTINUOUS-ZF,110.671875,price_points,2023-04-06T21:00:00Z,2023-04-06T21:01:00Z,YAHOO,proxy,continuous futures proxy
2023-04-06,,YAHOO-CONTINUOUS-ZT,103.6953125,price_points,2023-04-06T21:00:00Z,2023-04-06T21:01:00Z,YAHOO,proxy,continuous futures proxy
2023-04-07,,ERIS-YIT,94.06720000000001,price_points,2023-04-07T21:00:00Z,2023-04-07T21:01:00Z,ERIS,exact,
2023-04-07,,ERIS-YIW,89.6009,price_points,2023-04-07T21:00:00Z,2023-04-07T21:01:00Z,ERIS,exact,
2023-04-10,,ERIS-YIT,93.97320000000002,price_points,2023-04-10T21:00:00Z,2023-04-10T21:01:00Z,ERIS,exact,
2023-04-10,,ERIS-YIW,89.3964,price_points,2023-04-10T21:00:00Z,2023-04-10T21:01:00Z,ERIS,exact,
2023-04-10,,YAHOO-CONTINUOUS-ZF,109.9375,price_points,2023-04-10T21:00:00Z,2023-04-10T21:01:00Z,YAHOO,proxy,continuous futures proxy
2023-04-10,,YAHOO-CONTINUOUS-ZT,103.328125,price_points,2023-04-10T21:00:00Z,2023-04-10T21:01:00Z,YAHOO,proxy,continuous futures proxy
2023-04-11,,ERIS-YIT,93.90590000000002,price_points,2023-04-11T21:00:00Z,2023-04-11T21:01:00Z,ERIS,exact,
2023-04-11,,ERIS-YIW,89.25919999999999,price_points,2023-04-11T21:00:00Z,2023-04-11T21:01:00Z,ERIS,exact,
2023-04-11,,YAHOO-CONTINUOUS-ZF,109.765625,price_points,2023-04-11T21:00:00Z,2023-04-11T21:01:00Z,YAHOO,proxy,continuous futures proxy
2023-04-11,,YAHOO-CONTINUOUS-ZT,103.23828125,price_points,2023-04-11T21:00:00Z,2023-04-11T21:01:00Z,YAHOO,proxy,continuous futures proxy
2023-04-12,,ERIS-YIT,94.05290000000002,price_points,2023-04-12T21:00:00Z,2023-04-12T21:01:00Z,ERIS,exact,
2023-04-12,,ERIS-YIW,89.5615,price_points,2023-04-12T21:00:00Z,2023-04-12T21:01:00Z,ERIS,exact,
2023-04-12,,YAHOO-CONTINUOUS-ZF,110.1171875,price_points,2023-04-12T21:00:00Z,2023-04-12T21:01:00Z,YAHOO,proxy,continuous futures proxy
2023-04-12,,YAHOO-CONTINUOUS-ZT,103.3984375,price_points,2023-04-12T21:00:00Z,2023-04-12T21:01:00Z,YAHOO,proxy,continuous futures proxy
2023-04-13,,ERIS-YIT,94.05020000000002,price_points,2023-04-13T21:00:00Z,2023-04-13T21:01:00Z,ERIS,exact,
2023-04-13,,ERIS-YIW,89.45609999999999,price_points,2023-04-13T21:00:00Z,2023-04-13T21:01:00Z,ERIS,exact,
2023-04-13,,YAHOO-CONTINUOUS-ZF,109.96875,price_points,2023-04-13T21:00:00Z,2023-04-13T21:01:00Z,YAHOO,proxy,continuous futures proxy
2023-04-13,,YAHOO-CONTINUOUS-ZT,103.38671875,price_points,2023-04-13T21:00:00Z,2023-04-13T21:01:00Z,YAHOO,proxy,continuous futures proxy
2023-04-14,,ERIS-YIT,93.80640000000001,price_points,2023-04-14T21:00:00Z,2023-04-14T21:01:00Z,ERIS,exact,
2023-04-14,,ERIS-YIW,88.99849999999999,price_points,2023-04-14T21:00:00Z,2023-04-14T21:01:00Z,ERIS,exact,
2023-04-14,,YAHOO-CONTINUOUS-ZF,109.46875,price_points,2023-04-14T21:00:00Z,2023-04-14T21:01:00Z,YAHOO,proxy,continuous futures proxy
2023-04-14,,YAHOO-CONTINUOUS-ZT,103.1328125,price_points,2023-04-14T21:00:00Z,2023-04-14T21:01:00Z,YAHOO,proxy,continuous futures proxy
2023-04-17,,ERIS-YIT,93.64350000000002,price_points,2023-04-17T21:00:00Z,2023-04-17T21:01:00Z,ERIS,exact,
2023-04-17,,ERIS-YIW,88.6373,price_points,2023-04-17T21:00:00Z,2023-04-17T21:01:00Z,ERIS,exact,
2023-04-17,,YAHOO-CONTINUOUS-ZF,109.1015625,price_points,2023-04-17T21:00:00Z,2023-04-17T21:01:00Z,YAHOO,proxy,continuous futures proxy
2023-04-17,,YAHOO-CONTINUOUS-ZT,102.97265625,price_points,2023-04-17T21:00:00Z,2023-04-17T21:01:00Z,YAHOO,proxy,continuous futures proxy
2023-04-18,,ERIS-YIT,93.61860000000001,price_points,2023-04-18T21:00:00Z,2023-04-18T21:01:00Z,ERIS,exact,
2023-04-18,,ERIS-YIW,88.6751,price_points,2023-04-18T21:00:00Z,2023-04-18T21:01:00Z,ERIS,exact,
2023-04-18,,YAHOO-CONTINUOUS-ZF,109.1640625,price_points,2023-04-18T21:00:00Z,2023-04-18T21:01:00Z,YAHOO,proxy,continuous futures proxy
2023-04-18,,YAHOO-CONTINUOUS-ZT,102.94921875,price_points,2023-04-18T21:00:00Z,2023-04-18T21:01:00Z,YAHOO,proxy,continuous futures proxy
2023-04-19,,ERIS-YIT,93.49600000000002,price_points,2023-04-19T21:00:00Z,2023-04-19T21:01:00Z,ERIS,exact,
2023-04-19,,ERIS-YIW,88.4717,price_points,2023-04-19T21:00:00Z,2023-04-19T21:01:00Z,ERIS,exact,
2023-04-19,,YAHOO-CONTINUOUS-ZF,108.9453125,price_points,2023-04-19T21:00:00Z,2023-04-19T21:01:00Z,YAHOO,proxy,continuous futures proxy
2023-04-19,,YAHOO-CONTINUOUS-ZT,102.80859375,price_points,2023-04-19T21:00:00Z,2023-04-19T21:01:00Z,YAHOO,proxy,continuous futures proxy
2023-04-20,,ERIS-YIT,93.67140000000002,price_points,2023-04-20T21:00:00Z,2023-04-20T21:01:00Z,ERIS,exact,
2023-04-20,,ERIS-YIW,88.8355,price_points,2023-04-20T21:00:00Z,2023-04-20T21:01:00Z,ERIS,exact,
2023-04-20,,YAHOO-CONTINUOUS-ZF,109.3125,price_points,2023-04-20T21:00:00Z,2023-04-20T21:01:00Z,YAHOO,proxy,continuous futures proxy
2023-04-20,,YAHOO-CONTINUOUS-ZT,102.9921875,price_points,2023-04-20T21:00:00Z,2023-04-20T21:01:00Z,YAHOO,proxy,continuous futures proxy
2023-04-21,,ERIS-YIT,93.65030000000002,price_points,2023-04-21T21:00:00Z,2023-04-21T21:01:00Z,ERIS,exact,
2023-04-21,,ERIS-YIW,88.7285,price_points,2023-04-21T21:00:00Z,2023-04-21T21:01:00Z,ERIS,exact,
2023-04-21,,YAHOO-CONTINUOUS-ZF,109.2265625,price_points,2023-04-21T21:00:00Z,2023-04-21T21:01:00Z,YAHOO,proxy,continuous futures proxy
2023-04-21,,YAHOO-CONTINUOUS-ZT,102.9609375,price_points,2023-04-21T21:00:00Z,2023-04-21T21:01:00Z,YAHOO,proxy,continuous futures proxy
2023-04-24,,ERIS-YIT,93.72340000000001,price_points,2023-04-24T21:00:00Z,2023-04-24T21:01:00Z,ERIS,exact,
2023-04-24,,ERIS-YIW,88.9577,price_points,2023-04-24T21:00:00Z,2023-04-24T21:01:00Z,ERIS,exact,
2023-04-24,,YAHOO-CONTINUOUS-ZF,109.484375,price_points,2023-04-24T21:00:00Z,2023-04-24T21:01:00Z,YAHOO,proxy,continuous futures proxy
2023-04-24,,YAHOO-CONTINUOUS-ZT,103.046875,price_points,2023-04-24T21:00:00Z,2023-04-24T21:01:00Z,YAHOO,proxy,continuous futures proxy
2023-04-25,,ERIS-YIT,94.10480000000001,price_points,2023-04-25T21:00:00Z,2023-04-25T21:01:00Z,ERIS,exact,
2023-04-25,,ERIS-YIW,89.6964,price_points,2023-04-25T21:00:00Z,2023-04-25T21:01:00Z,ERIS,exact,
2023-04-25,,YAHOO-CONTINUOUS-ZF,110.25,price_points,2023-04-25T21:00:00Z,2023-04-25T21:01:00Z,YAHOO,proxy,continuous futures proxy
2023-04-25,,YAHOO-CONTINUOUS-ZT,103.42578125,price_points,2023-04-25T21:00:00Z,2023-04-25T21:01:00Z,YAHOO,proxy,continuous futures proxy
2023-04-26,,ERIS-YIT,94.05900000000001,price_points,2023-04-26T21:00:00Z,2023-04-26T21:01:00Z,ERIS,exact,
2023-04-26,,ERIS-YIW,89.5439,price_points,2023-04-26T21:00:00Z,2023-04-26T21:01:00Z,ERIS,exact,
2023-04-26,,YAHOO-CONTINUOUS-ZF,110.1015625,price_points,2023-04-26T21:00:00Z,2023-04-26T21:01:00Z,YAHOO,proxy,continuous futures proxy
2023-04-26,,YAHOO-CONTINUOUS-ZT,103.359375,price_points,2023-04-26T21:00:00Z,2023-04-26T21:01:00Z,YAHOO,proxy,continuous futures proxy
2023-04-27,,ERIS-YIT,93.76760000000002,price_points,2023-04-27T21:00:00Z,2023-04-27T21:01:00Z,ERIS,exact,
2023-04-27,,ERIS-YIW,88.9645,price_points,2023-04-27T21:00:00Z,2023-04-27T21:01:00Z,ERIS,exact,
2023-04-27,,YAHOO-CONTINUOUS-ZF,109.4765625,price_points,2023-04-27T21:00:00Z,2023-04-27T21:01:00Z,YAHOO,proxy,continuous futures proxy
2023-04-27,,YAHOO-CONTINUOUS-ZT,103.03125,price_points,2023-04-27T21:00:00Z,2023-04-27T21:01:00Z,YAHOO,proxy,continuous futures proxy
2023-04-28,,ERIS-YIT,93.80870000000002,price_points,2023-04-28T21:00:00Z,2023-04-28T21:01:00Z,ERIS,exact,
2023-04-28,,ERIS-YIW,89.1734,price_points,2023-04-28T21:00:00Z,2023-04-28T21:01:00Z,ERIS,exact,
2023-04-28,,YAHOO-CONTINUOUS-ZF,109.7421875,price_points,2023-04-28T21:00:00Z,2023-04-28T21:01:00Z,YAHOO,proxy,continuous futures proxy
2023-04-28,,YAHOO-CONTINUOUS-ZT,103.08203125,price_points,2023-04-28T21:00:00Z,2023-04-28T21:01:00Z,YAHOO,proxy,continuous futures proxy
2023-05-01,,ERIS-YIT,93.67330000000001,price_points,2023-05-01T21:00:00Z,2023-05-01T21:01:00Z,ERIS,exact,
2023-05-01,,ERIS-YIW,88.7848,price_points,2023-05-01T21:00:00Z,2023-05-01T21:01:00Z,ERIS,exact,
2023-05-01,,YAHOO-CONTINUOUS-ZF,109.328125,price_points,2023-05-01T21:00:00Z,2023-05-01T21:01:00Z,YAHOO,proxy,continuous futures proxy
2023-05-01,,YAHOO-CONTINUOUS-ZT,102.94140625,price_points,2023-05-01T21:00:00Z,2023-05-01T21:01:00Z,YAHOO,proxy,continuous futures proxy
2023-05-02,,ERIS-YIT,93.97340000000001,price_points,2023-05-02T21:00:00Z,2023-05-02T21:01:00Z,ERIS,exact,
2023-05-02,,ERIS-YIW,89.4804,price_points,2023-05-02T21:00:00Z,2023-05-02T21:01:00Z,ERIS,exact,
2023-05-02,,YAHOO-CONTINUOUS-ZF,110.0859375,price_points,2023-05-02T21:00:00Z,2023-05-02T21:01:00Z,YAHOO,proxy,continuous futures proxy
2023-05-02,,YAHOO-CONTINUOUS-ZT,103.2421875,price_points,2023-05-02T21:00:00Z,2023-05-02T21:01:00Z,YAHOO,proxy,continuous futures proxy
2023-05-03,,ERIS-YIT,94.03980000000001,price_points,2023-05-03T21:00:00Z,2023-05-03T21:01:00Z,ERIS,exact,
2023-05-03,,ERIS-YIW,89.64829999999999,price_points,2023-05-03T21:00:00Z,2023-05-03T21:01:00Z,ERIS,exact,
2023-05-03,,YAHOO-CONTINUOUS-ZF,110.3359375,price_points,2023-05-03T21:00:00Z,2023-05-03T21:01:00Z,YAHOO,proxy,continuous futures proxy
2023-05-03,,YAHOO-CONTINUOUS-ZT,103.3203125,price_points,2023-05-03T21:00:00Z,2023-05-03T21:01:00Z,YAHOO,proxy,continuous futures proxy
2023-05-04,,ERIS-YIT,94.44110000000002,price_points,2023-05-04T21:00:00Z,2023-05-04T21:01:00Z,ERIS,exact,
2023-05-04,,ERIS-YIW,90.2495,price_points,2023-05-04T21:00:00Z,2023-05-04T21:01:00Z,ERIS,exact,
2023-05-04,,YAHOO-CONTINUOUS-ZF,111,price_points,2023-05-04T21:00:00Z,2023-05-04T21:01:00Z,YAHOO,proxy,continuous futures proxy
2023-05-04,,YAHOO-CONTINUOUS-ZT,103.73046875,price_points,2023-05-04T21:00:00Z,2023-05-04T21:01:00Z,YAHOO,proxy,continuous futures proxy
2023-05-05,,ERIS-YIT,94.10760000000002,price_points,2023-05-05T21:00:00Z,2023-05-05T21:01:00Z,ERIS,exact,
2023-05-05,,ERIS-YIW,89.61749999999999,price_points,2023-05-05T21:00:00Z,2023-05-05T21:01:00Z,ERIS,exact,
2023-05-05,,YAHOO-CONTINUOUS-ZF,110.3046875,price_points,2023-05-05T21:00:00Z,2023-05-05T21:01:00Z,YAHOO,proxy,continuous futures proxy
2023-05-05,,YAHOO-CONTINUOUS-ZT,103.3515625,price_points,2023-05-05T21:00:00Z,2023-05-05T21:01:00Z,YAHOO,proxy,continuous futures proxy
2023-05-08,,ERIS-YIT,93.97270000000002,price_points,2023-05-08T21:00:00Z,2023-05-08T21:01:00Z,ERIS,exact,
2023-05-08,,ERIS-YIW,89.3469,price_points,2023-05-08T21:00:00Z,2023-05-08T21:01:00Z,ERIS,exact,
2023-05-08,,YAHOO-CONTINUOUS-ZF,109.90625,price_points,2023-05-08T21:00:00Z,2023-05-08T21:01:00Z,YAHOO,proxy,continuous futures proxy
2023-05-08,,YAHOO-CONTINUOUS-ZT,103.16796875,price_points,2023-05-08T21:00:00Z,2023-05-08T21:01:00Z,YAHOO,proxy,continuous futures proxy
2023-05-09,,ERIS-YIT,93.97420000000001,price_points,2023-05-09T21:00:00Z,2023-05-09T21:01:00Z,ERIS,exact,
2023-05-09,,ERIS-YIW,89.3834,price_points,2023-05-09T21:00:00Z,2023-05-09T21:01:00Z,ERIS,exact,
2023-05-09,,YAHOO-CONTINUOUS-ZF,109.9140625,price_points,2023-05-09T21:00:00Z,2023-05-09T21:01:00Z,YAHOO,proxy,continuous futures proxy
2023-05-09,,YAHOO-CONTINUOUS-ZT,103.1484375,price_points,2023-05-09T21:00:00Z,2023-05-09T21:01:00Z,YAHOO,proxy,continuous futures proxy
2023-05-10,,ERIS-YIT,94.19460000000002,price_points,2023-05-10T21:00:00Z,2023-05-10T21:01:00Z,ERIS,exact,
2023-05-10,,ERIS-YIW,89.8484,price_points,2023-05-10T21:00:00Z,2023-05-10T21:01:00Z,ERIS,exact,
2023-05-10,,YAHOO-CONTINUOUS-ZF,110.4765625,price_points,2023-05-10T21:00:00Z,2023-05-10T21:01:00Z,YAHOO,proxy,continuous futures proxy
2023-05-10,,YAHOO-CONTINUOUS-ZT,103.375,price_points,2023-05-10T21:00:00Z,2023-05-10T21:01:00Z,YAHOO,proxy,continuous futures proxy
2023-05-11,,ERIS-YIT,94.17300000000002,price_points,2023-05-11T21:00:00Z,2023-05-11T21:01:00Z,ERIS,exact,
2023-05-11,,ERIS-YIW,89.9194,price_points,2023-05-11T21:00:00Z,2023-05-11T21:01:00Z,ERIS,exact,
2023-05-11,,YAHOO-CONTINUOUS-ZF,110.484375,price_points,2023-05-11T21:00:00Z,2023-05-11T21:01:00Z,YAHOO,proxy,continuous futures proxy
2023-05-11,,YAHOO-CONTINUOUS-ZT,103.3515625,price_points,2023-05-11T21:00:00Z,2023-05-11T21:01:00Z,YAHOO,proxy,continuous futures proxy
2023-05-12,,ERIS-YIT,94.00870000000002,price_points,2023-05-12T21:00:00Z,2023-05-12T21:01:00Z,ERIS,exact,
2023-05-12,,ERIS-YIW,89.5391,price_points,2023-05-12T21:00:00Z,2023-05-12T21:01:00Z,ERIS,exact,
2023-05-12,,YAHOO-CONTINUOUS-ZF,110.0546875,price_points,2023-05-12T21:00:00Z,2023-05-12T21:01:00Z,YAHOO,proxy,continuous futures proxy
2023-05-12,,YAHOO-CONTINUOUS-ZT,103.16015625,price_points,2023-05-12T21:00:00Z,2023-05-12T21:01:00Z,YAHOO,proxy,continuous futures proxy
2023-05-15,,ERIS-YIT,93.99550000000002,price_points,2023-05-15T21:00:00Z,2023-05-15T21:01:00Z,ERIS,exact,
2023-05-15,,ERIS-YIW,89.4897,price_points,2023-05-15T21:00:00Z,2023-05-15T21:01:00Z,ERIS,exact,
2023-05-15,,YAHOO-CONTINUOUS-ZF,110.0078125,price_points,2023-05-15T21:00:00Z,2023-05-15T21:01:00Z,YAHOO,proxy,continuous futures proxy
2023-05-15,,YAHOO-CONTINUOUS-ZT,103.16015625,price_points,2023-05-15T21:00:00Z,2023-05-15T21:01:00Z,YAHOO,proxy,continuous futures proxy
2023-05-16,,ERIS-YIT,93.88960000000002,price_points,2023-05-16T21:00:00Z,2023-05-16T21:01:00Z,ERIS,exact,
2023-05-16,,ERIS-YIW,89.27159999999999,price_points,2023-05-16T21:00:00Z,2023-05-16T21:01:00Z,ERIS,exact,
2023-05-16,,YAHOO-CONTINUOUS-ZF,109.7578125,price_points,2023-05-16T21:00:00Z,2023-05-16T21:01:00Z,YAHOO,proxy,continuous futures proxy
2023-05-16,,YAHOO-CONTINUOUS-ZT,103.01953125,price_points,2023-05-16T21:00:00Z,2023-05-16T21:01:00Z,YAHOO,proxy,continuous futures proxy
2023-05-17,,ERIS-YIT,93.76510000000002,price_points,2023-05-17T21:00:00Z,2023-05-17T21:01:00Z,ERIS,exact,
2023-05-17,,ERIS-YIW,89.0219,price_points,2023-05-17T21:00:00Z,2023-05-17T21:01:00Z,ERIS,exact,
2023-05-17,,YAHOO-CONTINUOUS-ZF,109.4296875,price_points,2023-05-17T21:00:00Z,2023-05-17T21:01:00Z,YAHOO,proxy,continuous futures proxy
2023-05-17,,YAHOO-CONTINUOUS-ZT,102.8515625,price_points,2023-05-17T21:00:00Z,2023-05-17T21:01:00Z,YAHOO,proxy,continuous futures proxy
2023-05-18,,ERIS-YIT,93.52600000000001,price_points,2023-05-18T21:00:00Z,2023-05-18T21:01:00Z,ERIS,exact,
2023-05-18,,ERIS-YIW,88.5281,price_points,2023-05-18T21:00:00Z,2023-05-18T21:01:00Z,ERIS,exact,
2023-05-18,,YAHOO-CONTINUOUS-ZF,108.9375,price_points,2023-05-18T21:00:00Z,2023-05-18T21:01:00Z,YAHOO,proxy,continuous futures proxy
2023-05-18,,YAHOO-CONTINUOUS-ZT,102.640625,price_points,2023-05-18T21:00:00Z,2023-05-18T21:01:00Z,YAHOO,proxy,continuous futures proxy
2023-05-19,,ERIS-YIT,93.50570000000002,price_points,2023-05-19T21:00:00Z,2023-05-19T21:01:00Z,ERIS,exact,
2023-05-19,,ERIS-YIW,88.348,price_points,2023-05-19T21:00:00Z,2023-05-19T21:01:00Z,ERIS,exact,
2023-05-19,,YAHOO-CONTINUOUS-ZF,108.6875,price_points,2023-05-19T21:00:00Z,2023-05-19T21:01:00Z,YAHOO,proxy,continuous futures proxy
2023-05-19,,YAHOO-CONTINUOUS-ZT,102.59375,price_points,2023-05-19T21:00:00Z,2023-05-19T21:01:00Z,YAHOO,proxy,continuous futures proxy
2023-05-22,,ERIS-YIT,93.43700000000001,price_points,2023-05-22T21:00:00Z,2023-05-22T21:01:00Z,ERIS,exact,
2023-05-22,,ERIS-YIW,88.348,price_points,2023-05-22T21:00:00Z,2023-05-22T21:01:00Z,ERIS,exact,
2023-05-22,,YAHOO-CONTINUOUS-ZF,108.609375,price_points,2023-05-22T21:00:00Z,2023-05-22T21:01:00Z,YAHOO,proxy,continuous futures proxy
2023-05-22,,YAHOO-CONTINUOUS-ZT,102.53515625,price_points,2023-05-22T21:00:00Z,2023-05-22T21:01:00Z,YAHOO,proxy,continuous futures proxy
2023-05-23,,ERIS-YIT,93.41870000000002,price_points,2023-05-23T21:00:00Z,2023-05-23T21:01:00Z,ERIS,exact,
2023-05-23,,ERIS-YIW,88.4048,price_points,2023-05-23T21:00:00Z,2023-05-23T21:01:00Z,ERIS,exact,
2023-05-23,,YAHOO-CONTINUOUS-ZF,108.6796875,price_points,2023-05-23T21:00:00Z,2023-05-23T21:01:00Z,YAHOO,proxy,continuous futures proxy
2023-05-23,,YAHOO-CONTINUOUS-ZT,102.49609375,price_points,2023-05-23T21:00:00Z,2023-05-23T21:01:00Z,YAHOO,proxy,continuous futures proxy
2023-05-24,,ERIS-YIT,93.31010000000002,price_points,2023-05-24T21:00:00Z,2023-05-24T21:01:00Z,ERIS,exact,
2023-05-24,,ERIS-YIW,88.30199999999999,price_points,2023-05-24T21:00:00Z,2023-05-24T21:01:00Z,ERIS,exact,
2023-05-24,,YAHOO-CONTINUOUS-ZF,108.53125,price_points,2023-05-24T21:00:00Z,2023-05-24T21:01:00Z,YAHOO,proxy,continuous futures proxy
2023-05-24,,YAHOO-CONTINUOUS-ZT,102.3828125,price_points,2023-05-24T21:00:00Z,2023-05-24T21:01:00Z,YAHOO,proxy,continuous futures proxy
2023-05-25,,ERIS-YIT,93.05090000000001,price_points,2023-05-25T21:00:00Z,2023-05-25T21:01:00Z,ERIS,exact,
2023-05-25,,ERIS-YIW,87.6318,price_points,2023-05-25T21:00:00Z,2023-05-25T21:01:00Z,ERIS,exact,
2023-05-25,,YAHOO-CONTINUOUS-ZF,107.84375,price_points,2023-05-25T21:00:00Z,2023-05-25T21:01:00Z,YAHOO,proxy,continuous futures proxy
2023-05-25,,YAHOO-CONTINUOUS-ZT,102.10546875,price_points,2023-05-25T21:00:00Z,2023-05-25T21:01:00Z,YAHOO,proxy,continuous futures proxy
2023-05-26,,ERIS-YIT,92.91980000000002,price_points,2023-05-26T21:00:00Z,2023-05-26T21:01:00Z,ERIS,exact,
2023-05-26,,ERIS-YIW,87.3757,price_points,2023-05-26T21:00:00Z,2023-05-26T21:01:00Z,ERIS,exact,
2023-05-26,,YAHOO-CONTINUOUS-ZF,107.5703125,price_points,2023-05-26T21:00:00Z,2023-05-26T21:01:00Z,YAHOO,proxy,continuous futures proxy
2023-05-26,,YAHOO-CONTINUOUS-ZT,101.93359375,price_points,2023-05-26T21:00:00Z,2023-05-26T21:01:00Z,YAHOO,proxy,continuous futures proxy
2023-05-30,,ERIS-YIT,93.10180000000001,price_points,2023-05-30T21:00:00Z,2023-05-30T21:01:00Z,ERIS,exact,
2023-05-30,,ERIS-YIW,88.0444,price_points,2023-05-30T21:00:00Z,2023-05-30T21:01:00Z,ERIS,exact,
2023-05-30,,YAHOO-CONTINUOUS-ZF,108.078125,price_points,2023-05-30T21:00:00Z,2023-05-30T21:01:00Z,YAHOO,proxy,continuous futures proxy
2023-05-30,,YAHOO-CONTINUOUS-ZT,102.1015625,price_points,2023-05-30T21:00:00Z,2023-05-30T21:01:00Z,YAHOO,proxy,continuous futures proxy
2023-05-31,,ERIS-YIT,93.23730000000002,price_points,2023-05-31T21:00:00Z,2023-05-31T21:01:00Z,ERIS,exact,
2023-05-31,,ERIS-YIW,88.4002,price_points,2023-05-31T21:00:00Z,2023-05-31T21:01:00Z,ERIS,exact,
2023-05-31,,YAHOO-CONTINUOUS-ZF,108.4609375,price_points,2023-05-31T21:00:00Z,2023-05-31T21:01:00Z,YAHOO,proxy,continuous futures proxy
2023-05-31,,YAHOO-CONTINUOUS-ZT,102.2734375,price_points,2023-05-31T21:00:00Z,2023-05-31T21:01:00Z,YAHOO,proxy,continuous futures proxy
2023-06-01,,ERIS-YIT,93.34490000000002,price_points,2023-06-01T21:00:00Z,2023-06-01T21:01:00Z,ERIS,exact,
2023-06-01,,ERIS-YIW,88.6094,price_points,2023-06-01T21:00:00Z,2023-06-01T21:01:00Z,ERIS,exact,
2023-06-01,,YAHOO-CONTINUOUS-ZF,108.703125,price_points,2023-06-01T21:00:00Z,2023-06-01T21:01:00Z,YAHOO,proxy,continuous futures proxy
2023-06-01,,YAHOO-CONTINUOUS-ZT,102.39453125,price_points,2023-06-01T21:00:00Z,2023-06-01T21:01:00Z,YAHOO,proxy,continuous futures proxy
2023-06-02,,ERIS-YIT,93.05390000000001,price_points,2023-06-02T21:00:00Z,2023-06-02T21:01:00Z,ERIS,exact,
2023-06-02,,ERIS-YIW,87.8986,price_points,2023-06-02T21:00:00Z,2023-06-02T21:01:00Z,ERIS,exact,
2023-06-02,,YAHOO-CONTINUOUS-ZF,108.0703125,price_points,2023-06-02T21:00:00Z,2023-06-02T21:01:00Z,YAHOO,proxy,continuous futures proxy
2023-06-02,,YAHOO-CONTINUOUS-ZT,102.1171875,price_points,2023-06-02T21:00:00Z,2023-06-02T21:01:00Z,YAHOO,proxy,continuous futures proxy
2023-06-05,,ERIS-YIT,93.05390000000001,price_points,2023-06-05T21:00:00Z,2023-06-05T21:01:00Z,ERIS,exact,
2023-06-05,,ERIS-YIW,88.0401,price_points,2023-06-05T21:00:00Z,2023-06-05T21:01:00Z,ERIS,exact,
2023-06-05,,YAHOO-CONTINUOUS-ZF,108.1328125,price_points,2023-06-05T21:00:00Z,2023-06-05T21:01:00Z,YAHOO,proxy,continuous futures proxy
2023-06-05,,YAHOO-CONTINUOUS-ZT,102.16796875,price_points,2023-06-05T21:00:00Z,2023-06-05T21:01:00Z,YAHOO,proxy,continuous futures proxy
2023-06-06,,ERIS-YIT,92.94430000000001,price_points,2023-06-06T21:00:00Z,2023-06-06T21:01:00Z,ERIS,exact,
2023-06-06,,ERIS-YIW,87.93469999999999,price_points,2023-06-06T21:00:00Z,2023-06-06T21:01:00Z,ERIS,exact,
2023-06-06,,YAHOO-CONTINUOUS-ZF,108.03125,price_points,2023-06-06T21:00:00Z,2023-06-06T21:01:00Z,YAHOO,proxy,continuous futures proxy
2023-06-06,,YAHOO-CONTINUOUS-ZT,102.08203125,price_points,2023-06-06T21:00:00Z,2023-06-06T21:01:00Z,YAHOO,proxy,continuous futures proxy
2023-06-07,,ERIS-YIT,92.8285,price_points,2023-06-07T21:00:00Z,2023-06-07T21:01:00Z,ERIS,exact,
2023-06-07,,ERIS-YIW,87.5839,price_points,2023-06-07T21:00:00Z,2023-06-07T21:01:00Z,ERIS,exact,
2023-06-07,,YAHOO-CONTINUOUS-ZF,107.765625,price_points,2023-06-07T21:00:00Z,2023-06-07T21:01:00Z,YAHOO,proxy,continuous futures proxy
2023-06-07,,YAHOO-CONTINUOUS-ZT,102.06640625,price_points,2023-06-07T21:00:00Z,2023-06-07T21:01:00Z,YAHOO,proxy,continuous futures proxy
2023-06-08,,ERIS-YIT,92.8842,price_points,2023-06-08T21:00:00Z,2023-06-08T21:01:00Z,ERIS,exact,
2023-06-08,,ERIS-YIW,87.8533,price_points,2023-06-08T21:00:00Z,2023-06-08T21:01:00Z,ERIS,exact,
2023-06-08,,YAHOO-CONTINUOUS-ZF,108.03125,price_points,2023-06-08T21:00:00Z,2023-06-08T21:01:00Z,YAHOO,proxy,continuous futures proxy
2023-06-08,,YAHOO-CONTINUOUS-ZT,102.1328125,price_points,2023-06-08T21:00:00Z,2023-06-08T21:01:00Z,YAHOO,proxy,continuous futures proxy
2023-06-09,,ERIS-YIT,92.69890000000001,price_points,2023-06-09T21:00:00Z,2023-06-09T21:01:00Z,ERIS,exact,
2023-06-09,,ERIS-YIW,87.5706,price_points,2023-06-09T21:00:00Z,2023-06-09T21:01:00Z,ERIS,exact,
2023-06-09,,YAHOO-CONTINUOUS-ZF,107.7265625,price_points,2023-06-09T21:00:00Z,2023-06-09T21:01:00Z,YAHOO,proxy,continuous futures proxy
2023-06-09,,YAHOO-CONTINUOUS-ZT,101.9765625,price_points,2023-06-09T21:00:00Z,2023-06-09T21:01:00Z,YAHOO,proxy,continuous futures proxy
2023-06-12,,ERIS-YIT,92.7275,price_points,2023-06-12T21:00:00Z,2023-06-12T21:01:00Z,ERIS,exact,
2023-06-12,,ERIS-YIW,87.6164,price_points,2023-06-12T21:00:00Z,2023-06-12T21:01:00Z,ERIS,exact,
2023-06-12,,YAHOO-CONTINUOUS-ZF,107.75,price_points,2023-06-12T21:00:00Z,2023-06-12T21:01:00Z,YAHOO,proxy,continuous futures proxy
2023-06-12,,YAHOO-CONTINUOUS-ZT,102.0546875,price_points,2023-06-12T21:00:00Z,2023-06-12T21:01:00Z,YAHOO,proxy,continuous futures proxy
2023-06-13,,ERIS-YIT,92.462,price_points,2023-06-13T21:00:00Z,2023-06-13T21:01:00Z,ERIS,exact,
2023-06-13,,ERIS-YIW,87.0897,price_points,2023-06-13T21:00:00Z,2023-06-13T21:01:00Z,ERIS,exact,
2023-06-13,,YAHOO-CONTINUOUS-ZF,107.296875,price_points,2023-06-13T21:00:00Z,2023-06-13T21:01:00Z,YAHOO,proxy,continuous futures proxy
2023-06-13,,YAHOO-CONTINUOUS-ZT,101.84375,price_points,2023-06-13T21:00:00Z,2023-06-13T21:01:00Z,YAHOO,proxy,continuous futures proxy
2023-06-14,,ERIS-YIT,92.43520000000001,price_points,2023-06-14T21:00:00Z,2023-06-14T21:01:00Z,ERIS,exact,
2023-06-14,,ERIS-YIW,87.1712,price_points,2023-06-14T21:00:00Z,2023-06-14T21:01:00Z,ERIS,exact,
2023-06-14,,YAHOO-CONTINUOUS-ZF,107.296875,price_points,2023-06-14T21:00:00Z,2023-06-14T21:01:00Z,YAHOO,proxy,continuous futures proxy
2023-06-14,,YAHOO-CONTINUOUS-ZT,101.8515625,price_points,2023-06-14T21:00:00Z,2023-06-14T21:01:00Z,YAHOO,proxy,continuous futures proxy
2023-06-15,,ERIS-YIT,92.5284,price_points,2023-06-15T21:00:00Z,2023-06-15T21:01:00Z,ERIS,exact,
2023-06-15,,ERIS-YIW,87.4829,price_points,2023-06-15T21:00:00Z,2023-06-15T21:01:00Z,ERIS,exact,
2023-06-15,,YAHOO-CONTINUOUS-ZF,107.7265625,price_points,2023-06-15T21:00:00Z,2023-06-15T21:01:00Z,YAHOO,proxy,continuous futures proxy
2023-06-15,,YAHOO-CONTINUOUS-ZT,101.98046875,price_points,2023-06-15T21:00:00Z,2023-06-15T21:01:00Z,YAHOO,proxy,continuous futures proxy
2023-06-16,,ERIS-YIT,92.3721,price_points,2023-06-16T21:00:00Z,2023-06-16T21:01:00Z,ERIS,exact,
2023-06-16,,ERIS-YIW,87.1551,price_points,2023-06-16T21:00:00Z,2023-06-16T21:01:00Z,ERIS,exact,
2023-06-16,,YAHOO-CONTINUOUS-ZF,107.390625,price_points,2023-06-16T21:00:00Z,2023-06-16T21:01:00Z,YAHOO,proxy,continuous futures proxy
2023-06-16,,YAHOO-CONTINUOUS-ZT,101.9609375,price_points,2023-06-16T21:00:00Z,2023-06-16T21:01:00Z,YAHOO,proxy,continuous futures proxy
2023-06-20,,ERIS-YIT,92.4158,price_points,2023-06-20T21:00:00Z,2023-06-20T21:01:00Z,ERIS,exact,
2023-06-20,,ERIS-YIW,87.3351,price_points,2023-06-20T21:00:00Z,2023-06-20T21:01:00Z,ERIS,exact,
2023-06-20,,YAHOO-CONTINUOUS-ZF,107.546875,price_points,2023-06-20T21:00:00Z,2023-06-20T21:01:00Z,YAHOO,proxy,continuous futures proxy
2023-06-20,,YAHOO-CONTINUOUS-ZT,102.01171875,price_points,2023-06-20T21:00:00Z,2023-06-20T21:01:00Z,YAHOO,proxy,continuous futures proxy
2023-06-21,,ERIS-YIT,92.42080000000001,price_points,2023-06-21T21:00:00Z,2023-06-21T21:01:00Z,ERIS,exact,
2023-06-21,,ERIS-YIW,87.3451,price_points,2023-06-21T21:00:00Z,2023-06-21T21:01:00Z,ERIS,exact,
2023-06-21,,YAHOO-CONTINUOUS-ZF,107.59375,price_points,2023-06-21T21:00:00Z,2023-06-21T21:01:00Z,YAHOO,proxy,continuous futures proxy
2023-06-21,,YAHOO-CONTINUOUS-ZT,102.015625,price_points,2023-06-21T21:00:00Z,2023-06-21T21:01:00Z,YAHOO,proxy,continuous futures proxy
2023-06-22,,ERIS-YIT,92.2146,price_points,2023-06-22T21:00:00Z,2023-06-22T21:01:00Z,ERIS,exact,
2023-06-22,,ERIS-YIW,86.9301,price_points,2023-06-22T21:00:00Z,2023-06-22T21:01:00Z,ERIS,exact,
2023-06-22,,YAHOO-CONTINUOUS-ZF,107.2265625,price_points,2023-06-22T21:00:00Z,2023-06-22T21:01:00Z,YAHOO,proxy,continuous futures proxy
2023-06-22,,YAHOO-CONTINUOUS-ZT,101.8359375,price_points,2023-06-22T21:00:00Z,2023-06-22T21:01:00Z,YAHOO,proxy,continuous futures proxy
2023-06-23,,ERIS-YIT,92.3383,price_points,2023-06-23T21:00:00Z,2023-06-23T21:01:00Z,ERIS,exact,
2023-06-23,,ERIS-YIW,87.1701,price_points,2023-06-23T21:00:00Z,2023-06-23T21:01:00Z,ERIS,exact,
2023-06-23,,YAHOO-CONTINUOUS-ZF,107.4375,price_points,2023-06-23T21:00:00Z,2023-06-23T21:01:00Z,YAHOO,proxy,continuous futures proxy
2023-06-23,,YAHOO-CONTINUOUS-ZT,101.92578125,price_points,2023-06-23T21:00:00Z,2023-06-23T21:01:00Z,YAHOO,proxy,continuous futures proxy
2023-06-26,,ERIS-YIT,92.3683,price_points,2023-06-26T21:00:00Z,2023-06-26T21:01:00Z,ERIS,exact,
2023-06-26,,ERIS-YIW,87.2951,price_points,2023-06-26T21:00:00Z,2023-06-26T21:01:00Z,ERIS,exact,
2023-06-26,,YAHOO-CONTINUOUS-ZF,107.5859375,price_points,2023-06-26T21:00:00Z,2023-06-26T21:01:00Z,YAHOO,proxy,continuous futures proxy
2023-06-26,,YAHOO-CONTINUOUS-ZT,101.94921875,price_points,2023-06-26T21:00:00Z,2023-06-26T21:01:00Z,YAHOO,proxy,continuous futures proxy
2023-06-27,,ERIS-YIT,92.1833,price_points,2023-06-27T21:00:00Z,2023-06-27T21:01:00Z,ERIS,exact,
2023-06-27,,ERIS-YIW,86.9751,price_points,2023-06-27T21:00:00Z,2023-06-27T21:01:00Z,ERIS,exact,
2023-06-27,,YAHOO-CONTINUOUS-ZF,107.265625,price_points,2023-06-27T21:00:00Z,2023-06-27T21:01:00Z,YAHOO,proxy,continuous futures proxy
2023-06-27,,YAHOO-CONTINUOUS-ZT,101.81640625,price_points,2023-06-27T21:00:00Z,2023-06-27T21:01:00Z,YAHOO,proxy,continuous futures proxy
2023-06-28,,ERIS-YIT,92.2883,price_points,2023-06-28T21:00:00Z,2023-06-28T21:01:00Z,ERIS,exact,
2023-06-28,,ERIS-YIW,87.2501,price_points,2023-06-28T21:00:00Z,2023-06-28T21:01:00Z,ERIS,exact,
2023-06-28,,YAHOO-CONTINUOUS-ZF,107.5859375,price_points,2023-06-28T21:00:00Z,2023-06-28T21:01:00Z,YAHOO,proxy,continuous futures proxy
2023-06-28,,YAHOO-CONTINUOUS-ZT,101.93359375,price_points,2023-06-28T21:00:00Z,2023-06-28T21:01:00Z,YAHOO,proxy,continuous futures proxy
2023-06-29,,ERIS-YIT,91.95830000000001,price_points,2023-06-29T21:00:00Z,2023-06-29T21:01:00Z,ERIS,exact,
2023-06-29,,ERIS-YIW,86.4701,price_points,2023-06-29T21:00:00Z,2023-06-29T21:01:00Z,ERIS,exact,
2023-06-29,,YAHOO-CONTINUOUS-ZF,106.8359375,price_points,2023-06-29T21:00:00Z,2023-06-29T21:01:00Z,YAHOO,proxy,continuous futures proxy
2023-06-29,,YAHOO-CONTINUOUS-ZT,101.65625,price_points,2023-06-29T21:00:00Z,2023-06-29T21:01:00Z,YAHOO,proxy,continuous futures proxy
2023-06-30,,ERIS-YIT,91.94080000000001,price_points,2023-06-30T21:00:00Z,2023-06-30T21:01:00Z,ERIS,exact,
2023-06-30,,ERIS-YIW,86.4901,price_points,2023-06-30T21:00:00Z,2023-06-30T21:01:00Z,ERIS,exact,
2023-06-30,,YAHOO-CONTINUOUS-ZF,106.9296875,price_points,2023-06-30T21:00:00Z,2023-06-30T21:01:00Z,YAHOO,proxy,continuous futures proxy
2023-06-30,,YAHOO-CONTINUOUS-ZT,101.6484375,price_points,2023-06-30T21:00:00Z,2023-06-30T21:01:00Z,YAHOO,proxy,continuous futures proxy
2023-07-03,,ERIS-YIT,91.83080000000001,price_points,2023-07-03T21:00:00Z,2023-07-03T21:01:00Z,ERIS,exact,
2023-07-03,,ERIS-YIW,86.2251,price_points,2023-07-03T21:00:00Z,2023-07-03T21:01:00Z,ERIS,exact,
2023-07-03,,YAHOO-CONTINUOUS-ZF,106.84375,price_points,2023-07-03T21:00:00Z,2023-07-03T21:01:00Z,YAHOO,proxy,continuous futures proxy
2023-07-03,,YAHOO-CONTINUOUS-ZT,101.56640625,price_points,2023-07-03T21:00:00Z,2023-07-03T21:01:00Z,YAHOO,proxy,continuous futures proxy
2023-07-05,,ERIS-YIT,91.7883,price_points,2023-07-05T21:00:00Z,2023-07-05T21:01:00Z,ERIS,exact,
2023-07-05,,ERIS-YIW,85.9051,price_points,2023-07-05T21:00:00Z,2023-07-05T21:01:00Z,ERIS,exact,
2023-07-05,,YAHOO-CONTINUOUS-ZF,106.578125,price_points,2023-07-05T21:00:00Z,2023-07-05T21:01:00Z,YAHOO,proxy,continuous futures proxy
2023-07-05,,YAHOO-CONTINUOUS-ZT,101.52734375,price_points,2023-07-05T21:00:00Z,2023-07-05T21:01:00Z,YAHOO,proxy,continuous futures proxy
2023-07-06,,ERIS-YIT,91.6521,price_points,2023-07-06T21:00:00Z,2023-07-06T21:01:00Z,ERIS,exact,
2023-07-06,,ERIS-YIW,85.3751,price_points,2023-07-06T21:00:00Z,2023-07-06T21:01:00Z,ERIS,exact,
2023-07-06,,YAHOO-CONTINUOUS-ZF,106.1171875,price_points,2023-07-06T21:00:00Z,2023-07-06T21:01:00Z,YAHOO,proxy,continuous futures proxy
2023-07-06,,YAHOO-CONTINUOUS-ZT,101.40625,price_points,2023-07-06T21:00:00Z,2023-07-06T21:01:00Z,YAHOO,proxy,continuous futures proxy
2023-07-07,,ERIS-YIT,91.75710000000001,price_points,2023-07-07T21:00:00Z,2023-07-07T21:01:00Z,ERIS,exact,
2023-07-07,,ERIS-YIW,85.46509999999999,price_points,2023-07-07T21:00:00Z,2023-07-07T21:01:00Z,ERIS,exact,
2023-07-07,,YAHOO-CONTINUOUS-ZF,106.28125,price_points,2023-07-07T21:00:00Z,2023-07-07T21:01:00Z,YAHOO,proxy,continuous futures proxy
2023-07-07,,YAHOO-CONTINUOUS-ZT,101.5390625,price_points,2023-07-07T21:00:00Z,2023-07-07T21:01:00Z,YAHOO,proxy,continuous futures proxy
2023-07-10,,ERIS-YIT,91.91210000000001,price_points,2023-07-10T21:00:00Z,2023-07-10T21:01:00Z,ERIS,exact,
2023-07-10,,ERIS-YIW,85.8851,price_points,2023-07-10T21:00:00Z,2023-07-10T21:01:00Z,ERIS,exact,
2023-07-10,,YAHOO-CONTINUOUS-ZF,106.671875,price_points,2023-07-10T21:00:00Z,2023-07-10T21:01:00Z,YAHOO,proxy,continuous futures proxy
2023-07-10,,YAHOO-CONTINUOUS-ZT,101.66796875,price_points,2023-07-10T21:00:00Z,2023-07-10T21:01:00Z,YAHOO,proxy,continuous futures proxy
2023-07-11,,ERIS-YIT,91.8645,price_points,2023-07-11T21:00:00Z,2023-07-11T21:01:00Z,ERIS,exact,
2023-07-11,,ERIS-YIW,85.9551,price_points,2023-07-11T21:00:00Z,2023-07-11T21:01:00Z,ERIS,exact,
2023-07-11,,YAHOO-CONTINUOUS-ZF,106.6796875,price_points,2023-07-11T21:00:00Z,2023-07-11T21:01:00Z,YAHOO,proxy,continuous futures proxy
2023-07-11,,YAHOO-CONTINUOUS-ZT,101.61328125,price_points,2023-07-11T21:00:00Z,2023-07-11T21:01:00Z,YAHOO,proxy,continuous futures proxy
2023-07-12,,ERIS-YIT,92.17960000000001,price_points,2023-07-12T21:00:00Z,2023-07-12T21:01:00Z,ERIS,exact,
2023-07-12,,ERIS-YIW,86.7051,price_points,2023-07-12T21:00:00Z,2023-07-12T21:01:00Z,ERIS,exact,
2023-07-12,,YAHOO-CONTINUOUS-ZF,107.4140625,price_points,2023-07-12T21:00:00Z,2023-07-12T21:01:00Z,YAHOO,proxy,continuous futures proxy
2023-07-12,,YAHOO-CONTINUOUS-ZT,101.91015625,price_points,2023-07-12T21:00:00Z,2023-07-12T21:01:00Z,YAHOO,proxy,continuous futures proxy
2023-07-13,,ERIS-YIT,92.4821,price_points,2023-07-13T21:00:00Z,2023-07-13T21:01:00Z,ERIS,exact,
2023-07-13,,ERIS-YIW,87.3051,price_points,2023-07-13T21:00:00Z,2023-07-13T21:01:00Z,ERIS,exact,
2023-07-13,,YAHOO-CONTINUOUS-ZF,108.015625,price_points,2023-07-13T21:00:00Z,2023-07-13T21:01:00Z,YAHOO,proxy,continuous futures proxy
2023-07-13,,YAHOO-CONTINUOUS-ZT,102.171875,price_points,2023-07-13T21:00:00Z,2023-07-13T21:01:00Z,YAHOO,proxy,continuous futures proxy
2023-07-14,,ERIS-YIT,92.20210000000002,price_points,2023-07-14T21:00:00Z,2023-07-14T21:01:00Z,ERIS,exact,
2023-07-14,,ERIS-YIW,86.84009999999999,price_points,2023-07-14T21:00:00Z,2023-07-14T21:01:00Z,ERIS,exact,
2023-07-14,,YAHOO-CONTINUOUS-ZF,107.5703125,price_points,2023-07-14T21:00:00Z,2023-07-14T21:01:00Z,YAHOO,proxy,continuous futures proxy
2023-07-14,,YAHOO-CONTINUOUS-ZT,101.90234375,price_points,2023-07-14T21:00:00Z,2023-07-14T21:01:00Z,YAHOO,proxy,continuous futures proxy
2023-07-17,,ERIS-YIT,92.24080000000001,price_points,2023-07-17T21:00:00Z,2023-07-17T21:01:00Z,ERIS,exact,
2023-07-17,,ERIS-YIW,86.9951,price_points,2023-07-17T21:00:00Z,2023-07-17T21:01:00Z,ERIS,exact,
2023-07-17,,YAHOO-CONTINUOUS-ZF,107.6875,price_points,2023-07-17T21:00:00Z,2023-07-17T21:01:00Z,YAHOO,proxy,continuous futures proxy
2023-07-17,,YAHOO-CONTINUOUS-ZT,101.93359375,price_points,2023-07-17T21:00:00Z,2023-07-17T21:01:00Z,YAHOO,proxy,continuous futures proxy
2023-07-18,,ERIS-YIT,92.20830000000001,price_points,2023-07-18T21:00:00Z,2023-07-18T21:01:00Z,ERIS,exact,
2023-07-18,,ERIS-YIW,87.0201,price_points,2023-07-18T21:00:00Z,2023-07-18T21:01:00Z,ERIS,exact,
2023-07-18,,YAHOO-CONTINUOUS-ZF,107.6875,price_points,2023-07-18T21:00:00Z,2023-07-18T21:01:00Z,YAHOO,proxy,continuous futures proxy
2023-07-18,,YAHOO-CONTINUOUS-ZT,101.88671875,price_points,2023-07-18T21:00:00Z,2023-07-18T21:01:00Z,YAHOO,proxy,continuous futures proxy
2023-07-19,,ERIS-YIT,92.20580000000001,price_points,2023-07-19T21:00:00Z,2023-07-19T21:01:00Z,ERIS,exact,
2023-07-19,,ERIS-YIW,87.1251,price_points,2023-07-19T21:00:00Z,2023-07-19T21:01:00Z,ERIS,exact,
2023-07-19,,YAHOO-CONTINUOUS-ZF,107.796875,price_points,2023-07-19T21:00:00Z,2023-07-19T21:01:00Z,YAHOO,proxy,continuous futures proxy
2023-07-19,,YAHOO-CONTINUOUS-ZT,101.88671875,price_points,2023-07-19T21:00:00Z,2023-07-19T21:01:00Z,YAHOO,proxy,continuous futures proxy
2023-07-20,,ERIS-YIT,92.0245,price_points,2023-07-20T21:00:00Z,2023-07-20T21:01:00Z,ERIS,exact,
2023-07-20,,ERIS-YIW,86.5201,price_points,2023-07-20T21:00:00Z,2023-07-20T21:01:00Z,ERIS,exact,
2023-07-20,,YAHOO-CONTINUOUS-ZF,107.234375,price_points,2023-07-20T21:00:00Z,2023-07-20T21:01:00Z,YAHOO,proxy,continuous futures proxy
2023-07-20,,YAHOO-CONTINUOUS-ZT,101.7265625,price_points,2023-07-20T21:00:00Z,2023-07-20T21:01:00Z,YAHOO,proxy,continuous futures proxy
2023-07-21,,ERIS-YIT,91.99700000000001,price_points,2023-07-21T21:00:00Z,2023-07-21T21:01:00Z,ERIS,exact,
2023-07-21,,ERIS-YIW,86.5151,price_points,2023-07-21T21:00:00Z,2023-07-21T21:01:00Z,ERIS,exact,
2023-07-21,,YAHOO-CONTINUOUS-ZF,107.2578125,price_points,2023-07-21T21:00:00Z,2023-07-21T21:01:00Z,YAHOO,proxy,continuous futures proxy
2023-07-21,,YAHOO-CONTINUOUS-ZT,101.71484375,price_points,2023-07-21T21:00:00Z,2023-07-21T21:01:00Z,YAHOO,proxy,continuous futures proxy
2023-07-24,,ERIS-YIT,91.90450000000001,price_points,2023-07-24T21:00:00Z,2023-07-24T21:01:00Z,ERIS,exact,
2023-07-24,,ERIS-YIW,86.34009999999999,price_points,2023-07-24T21:00:00Z,2023-07-24T21:01:00Z,ERIS,exact,
2023-07-24,,YAHOO-CONTINUOUS-ZF,107.09375,price_points,2023-07-24T21:00:00Z,2023-07-24T21:01:00Z,YAHOO,proxy,continuous futures proxy
2023-07-24,,YAHOO-CONTINUOUS-ZT,101.6328125,price_points,2023-07-24T21:00:00Z,2023-07-24T21:01:00Z,YAHOO,proxy,continuous futures proxy
2023-07-25,,ERIS-YIT,91.81460000000001,price_points,2023-07-25T21:00:00Z,2023-07-25T21:01:00Z,ERIS,exact,
2023-07-25,,ERIS-YIW,86.0451,price_points,2023-07-25T21:00:00Z,2023-07-25T21:01:00Z,ERIS,exact,
2023-07-25,,YAHOO-CONTINUOUS-ZF,106.8203125,price_points,2023-07-25T21:00:00Z,2023-07-25T21:01:00Z,YAHOO,proxy,continuous futures proxy
2023-07-25,,YAHOO-CONTINUOUS-ZT,101.52734375,price_points,2023-07-25T21:00:00Z,2023-07-25T21:01:00Z,YAHOO,proxy,continuous futures proxy
2023-07-26,,ERIS-YIT,91.94460000000001,price_points,2023-07-26T21:00:00Z,2023-07-26T21:01:00Z,ERIS,exact,
2023-07-26,,ERIS-YIW,86.4501,price_points,2023-07-26T21:00:00Z,2023-07-26T21:01:00Z,ERIS,exact,
2023-07-26,,YAHOO-CONTINUOUS-ZF,107.2265625,price_points,2023-07-26T21:00:00Z,2023-07-26T21:01:00Z,YAHOO,proxy,continuous futures proxy
2023-07-26,,YAHOO-CONTINUOUS-ZT,101.64453125,price_points,2023-07-26T21:00:00Z,2023-07-26T21:01:00Z,YAHOO,proxy,continuous futures proxy
2023-07-27,,ERIS-YIT,91.69950000000001,price_points,2023-07-27T21:00:00Z,2023-07-27T21:01:00Z,ERIS,exact,
2023-07-27,,ERIS-YIW,85.7201,price_points,2023-07-27T21:00:00Z,2023-07-27T21:01:00Z,ERIS,exact,
2023-07-27,,YAHOO-CONTINUOUS-ZF,106.53125,price_points,2023-07-27T21:00:00Z,2023-07-27T21:01:00Z,YAHOO,proxy,continuous futures proxy
2023-07-27,,YAHOO-CONTINUOUS-ZT,101.41796875,price_points,2023-07-27T21:00:00Z,2023-07-27T21:01:00Z,YAHOO,proxy,continuous futures proxy
2023-07-28,,ERIS-YIT,91.7758,price_points,2023-07-28T21:00:00Z,2023-07-28T21:01:00Z,ERIS,exact,
2023-07-28,,ERIS-YIW,85.9501,price_points,2023-07-28T21:00:00Z,2023-07-28T21:01:00Z,ERIS,exact,
2023-07-28,,YAHOO-CONTINUOUS-ZF,106.7578125,price_points,2023-07-28T21:00:00Z,2023-07-28T21:01:00Z,YAHOO,proxy,continuous futures proxy
2023-07-28,,YAHOO-CONTINUOUS-ZT,101.484375,price_points,2023-07-28T21:00:00Z,2023-07-28T21:01:00Z,YAHOO,proxy,continuous futures proxy
2023-07-31,,ERIS-YIT,91.82700000000001,price_points,2023-07-31T21:00:00Z,2023-07-31T21:01:00Z,ERIS,exact,
2023-07-31,,ERIS-YIW,86.0451,price_points,2023-07-31T21:00:00Z,2023-07-31T21:01:00Z,ERIS,exact,
2023-07-31,,YAHOO-CONTINUOUS-ZF,106.8203125,price_points,2023-07-31T21:00:00Z,2023-07-31T21:01:00Z,YAHOO,proxy,continuous futures proxy
2023-07-31,,YAHOO-CONTINUOUS-ZT,101.515625,price_points,2023-07-31T21:00:00Z,2023-07-31T21:01:00Z,YAHOO,proxy,continuous futures proxy
2023-08-01,,ERIS-YIT,91.7595,price_points,2023-08-01T21:00:00Z,2023-08-01T21:01:00Z,ERIS,exact,
2023-08-01,,ERIS-YIW,85.7451,price_points,2023-08-01T21:00:00Z,2023-08-01T21:01:00Z,ERIS,exact,
2023-08-01,,YAHOO-CONTINUOUS-ZF,106.53125,price_points,2023-08-01T21:00:00Z,2023-08-01T21:01:00Z,YAHOO,proxy,continuous futures proxy
2023-08-01,,YAHOO-CONTINUOUS-ZT,101.44140625,price_points,2023-08-01T21:00:00Z,2023-08-01T21:01:00Z,YAHOO,proxy,continuous futures proxy
2023-08-02,,ERIS-YIT,91.85580000000002,price_points,2023-08-02T21:00:00Z,2023-08-02T21:01:00Z,ERIS,exact,
2023-08-02,,ERIS-YIW,85.8251,price_points,2023-08-02T21:00:00Z,2023-08-02T21:01:00Z,ERIS,exact,
2023-08-02,,YAHOO-CONTINUOUS-ZF,106.578125,price_points,2023-08-02T21:00:00Z,2023-08-02T21:01:00Z,YAHOO,proxy,continuous futures proxy
2023-08-02,,YAHOO-CONTINUOUS-ZT,101.49609375,price_points,2023-08-02T21:00:00Z,2023-08-02T21:01:00Z,YAHOO,proxy,continuous futures proxy
2023-08-03,,ERIS-YIT,91.81700000000001,price_points,2023-08-03T21:00:00Z,2023-08-03T21:01:00Z,ERIS,exact,
2023-08-03,,ERIS-YIW,85.4951,price_points,2023-08-03T21:00:00Z,2023-08-03T21:01:00Z,ERIS,exact,
2023-08-03,,YAHOO-CONTINUOUS-ZF,106.3671875,price_points,2023-08-03T21:00:00Z,2023-08-03T21:01:00Z,YAHOO,proxy,continuous futures proxy
2023-08-03,,YAHOO-CONTINUOUS-ZT,101.48828125,price_points,2023-08-03T21:00:00Z,2023-08-03T21:01:00Z,YAHOO,proxy,continuous futures proxy
2023-08-04,,ERIS-YIT,91.99950000000001,price_points,2023-08-04T21:00:00Z,2023-08-04T21:01:00Z,ERIS,exact,
2023-08-04,,ERIS-YIW,86.0801,price_points,2023-08-04T21:00:00Z,2023-08-04T21:01:00Z,ERIS,exact,
2023-08-04,,YAHOO-CONTINUOUS-ZF,106.8984375,price_points,2023-08-04T21:00:00Z,2023-08-04T21:01:00Z,YAHOO,proxy,continuous futures proxy
2023-08-04,,YAHOO-CONTINUOUS-ZT,101.6640625,price_points,2023-08-04T21:00:00Z,2023-08-04T21:01:00Z,YAHOO,proxy,continuous futures proxy
2023-08-07,,ERIS-YIT,92.0583,price_points,2023-08-07T21:00:00Z,2023-08-07T21:01:00Z,ERIS,exact,
2023-08-07,,ERIS-YIW,86.1701,price_points,2023-08-07T21:00:00Z,2023-08-07T21:01:00Z,ERIS,exact,
2023-08-07,,YAHOO-CONTINUOUS-ZF,106.96875,price_points,2023-08-07T21:00:00Z,2023-08-07T21:01:00Z,YAHOO,proxy,continuous futures proxy
2023-08-07,,YAHOO-CONTINUOUS-ZT,101.71484375,price_points,2023-08-07T21:00:00Z,2023-08-07T21:01:00Z,YAHOO,proxy,continuous futures proxy
2023-08-08,,ERIS-YIT,92.0695,price_points,2023-08-08T21:00:00Z,2023-08-08T21:01:00Z,ERIS,exact,
2023-08-08,,ERIS-YIW,86.34009999999999,price_points,2023-08-08T21:00:00Z,2023-08-08T21:01:00Z,ERIS,exact,
2023-08-08,,YAHOO-CONTINUOUS-ZF,107.109375,price_points,2023-08-08T21:00:00Z,2023-08-08T21:01:00Z,YAHOO,proxy,continuous futures proxy
2023-08-08,,YAHOO-CONTINUOUS-ZT,101.71875,price_points,2023-08-08T21:00:00Z,2023-08-08T21:01:00Z,YAHOO,proxy,continuous futures proxy
2023-08-09,,ERIS-YIT,92.00200000000001,price_points,2023-08-09T21:00:00Z,2023-08-09T21:01:00Z,ERIS,exact,
2023-08-09,,ERIS-YIW,86.2451,price_points,2023-08-09T21:00:00Z,2023-08-09T21:01:00Z,ERIS,exact,
2023-08-09,,YAHOO-CONTINUOUS-ZF,107.0234375,price_points,2023-08-09T21:00:00Z,2023-08-09T21:01:00Z,YAHOO,proxy,continuous futures proxy
2023-08-09,,YAHOO-CONTINUOUS-ZT,101.6484375,price_points,2023-08-09T21:00:00Z,2023-08-09T21:01:00Z,YAHOO,proxy,continuous futures proxy
2023-08-10,,ERIS-YIT,91.947,price_points,2023-08-10T21:00:00Z,2023-08-10T21:01:00Z,ERIS,exact,
2023-08-10,,ERIS-YIW,85.9251,price_points,2023-08-10T21:00:00Z,2023-08-10T21:01:00Z,ERIS,exact,
2023-08-10,,YAHOO-CONTINUOUS-ZF,106.7265625,price_points,2023-08-10T21:00:00Z,2023-08-10T21:01:00Z,YAHOO,proxy,continuous futures proxy
2023-08-10,,YAHOO-CONTINUOUS-ZT,101.609375,price_points,2023-08-10T21:00:00Z,2023-08-10T21:01:00Z,YAHOO,proxy,continuous futures proxy
2023-08-11,,ERIS-YIT,91.7908,price_points,2023-08-11T21:00:00Z,2023-08-11T21:01:00Z,ERIS,exact,
2023-08-11,,ERIS-YIW,85.4501,price_points,2023-08-11T21:00:00Z,2023-08-11T21:01:00Z,ERIS,exact,
2023-08-11,,YAHOO-CONTINUOUS-ZF,106.2890625,price_points,2023-08-11T21:00:00Z,2023-08-11T21:01:00Z,YAHOO,proxy,continuous futures proxy
2023-08-11,,YAHOO-CONTINUOUS-ZT,101.4765625,price_points,2023-08-11T21:00:00Z,2023-08-11T21:01:00Z,YAHOO,proxy,continuous futures proxy
2023-08-14,,ERIS-YIT,91.6633,price_points,2023-08-14T21:00:00Z,2023-08-14T21:01:00Z,ERIS,exact,
2023-08-14,,ERIS-YIW,85.2601,price_points,2023-08-14T21:00:00Z,2023-08-14T21:01:00Z,ERIS,exact,
2023-08-14,,YAHOO-CONTINUOUS-ZF,106.0703125,price_points,2023-08-14T21:00:00Z,2023-08-14T21:01:00Z,YAHOO,proxy,continuous futures proxy
2023-08-14,,YAHOO-CONTINUOUS-ZT,101.3359375,price_points,2023-08-14T21:00:00Z,2023-08-14T21:01:00Z,YAHOO,proxy,continuous futures proxy
2023-08-15,,ERIS-YIT,91.66950000000001,price_points,2023-08-15T21:00:00Z,2023-08-15T21:01:00Z,ERIS,exact,
2023-08-15,,ERIS-YIW,85.1101,price_points,2023-08-15T21:00:00Z,2023-08-15T21:01:00Z,ERIS,exact,
2023-08-15,,YAHOO-CONTINUOUS-ZF,105.9765625,price_points,2023-08-15T21:00:00Z,2023-08-15T21:01:00Z,YAHOO,proxy,continuous futures proxy
2023-08-15,,YAHOO-CONTINUOUS-ZT,101.35546875,price_points,2023-08-15T21:00:00Z,2023-08-15T21:01:00Z,YAHOO,proxy,continuous futures proxy
2023-08-16,,ERIS-YIT,91.61580000000001,price_points,2023-08-16T21:00:00Z,2023-08-16T21:01:00Z,ERIS,exact,
2023-08-16,,ERIS-YIW,84.9701,price_points,2023-08-16T21:00:00Z,2023-08-16T21:01:00Z,ERIS,exact,
2023-08-16,,YAHOO-CONTINUOUS-ZF,105.8515625,price_points,2023-08-16T21:00:00Z,2023-08-16T21:01:00Z,YAHOO,proxy,continuous futures proxy
2023-08-16,,YAHOO-CONTINUOUS-ZT,101.30859375,price_points,2023-08-16T21:00:00Z,2023-08-16T21:01:00Z,YAHOO,proxy,continuous futures proxy
2023-08-17,,ERIS-YIT,91.62580000000001,price_points,2023-08-17T21:00:00Z,2023-08-17T21:01:00Z,ERIS,exact,
2023-08-17,,ERIS-YIW,84.7801,price_points,2023-08-17T21:00:00Z,2023-08-17T21:01:00Z,ERIS,exact,
2023-08-17,,YAHOO-CONTINUOUS-ZF,105.7578125,price_points,2023-08-17T21:00:00Z,2023-08-17T21:01:00Z,YAHOO,proxy,continuous futures proxy
2023-08-17,,YAHOO-CONTINUOUS-ZT,101.3515625,price_points,2023-08-17T21:00:00Z,2023-08-17T21:01:00Z,YAHOO,proxy,continuous futures proxy
2023-08-18,,ERIS-YIT,91.6808,price_points,2023-08-18T21:00:00Z,2023-08-18T21:01:00Z,ERIS,exact,
2023-08-18,,ERIS-YIW,85.0201,price_points,2023-08-18T21:00:00Z,2023-08-18T21:01:00Z,ERIS,exact,
2023-08-18,,YAHOO-CONTINUOUS-ZF,105.953125,price_points,2023-08-18T21:00:00Z,2023-08-18T21:01:00Z,YAHOO,proxy,continuous futures proxy
2023-08-18,,YAHOO-CONTINUOUS-ZT,101.38671875,price_points,2023-08-18T21:00:00Z,2023-08-18T21:01:00Z,YAHOO,proxy,continuous futures proxy
2023-08-21,,ERIS-YIT,91.572,price_points,2023-08-21T21:00:00Z,2023-08-21T21:01:00Z,ERIS,exact,
2023-08-21,,ERIS-YIW,84.6601,price_points,2023-08-21T21:00:00Z,2023-08-21T21:01:00Z,ERIS,exact,
2023-08-21,,YAHOO-CONTINUOUS-ZF,105.6171875,price_points,2023-08-21T21:00:00Z,2023-08-21T21:01:00Z,YAHOO,proxy,continuous futures proxy
2023-08-21,,YAHOO-CONTINUOUS-ZT,101.29296875,price_points,2023-08-21T21:00:00Z,2023-08-21T21:01:00Z,YAHOO,proxy,continuous futures proxy
2023-08-22,,ERIS-YIT,91.4958,price_points,2023-08-22T21:00:00Z,2023-08-22T21:01:00Z,ERIS,exact,
2023-08-22,,ERIS-YIW,84.5851,price_points,2023-08-22T21:00:00Z,2023-08-22T21:01:00Z,ERIS,exact,
2023-08-22,,YAHOO-CONTINUOUS-ZF,105.5234375,price_points,2023-08-22T21:00:00Z,2023-08-22T21:01:00Z,YAHOO,proxy,continuous futures proxy
2023-08-22,,YAHOO-CONTINUOUS-ZT,101.20703125,price_points,2023-08-22T21:00:00Z,2023-08-22T21:01:00Z,YAHOO,proxy,continuous futures proxy
2023-08-23,,ERIS-YIT,91.662,price_points,2023-08-23T21:00:00Z,2023-08-23T21:01:00Z,ERIS,exact,
2023-08-23,,ERIS-YIW,85.1201,price_points,2023-08-23T21:00:00Z,2023-08-23T21:01:00Z,ERIS,exact,
2023-08-23,,YAHOO-CONTINUOUS-ZF,106,price_points,2023-08-23T21:00:00Z,2023-08-23T21:01:00Z,YAHOO,proxy,continuous futures proxy
2023-08-23,,YAHOO-CONTINUOUS-ZT,101.3828125,price_points,2023-08-23T21:00:00Z,2023-08-23T21:01:00Z,YAHOO,proxy,continuous futures proxy
2023-08-24,,ERIS-YIT,91.53330000000001,price_points,2023-08-24T21:00:00Z,2023-08-24T21:01:00Z,ERIS,exact,
2023-08-24,,ERIS-YIW,84.9101,price_points,2023-08-24T21:00:00Z,2023-08-24T21:01:00Z,ERIS,exact,
2023-08-24,,YAHOO-CONTINUOUS-ZF,105.78125,price_points,2023-08-24T21:00:00Z,2023-08-24T21:01:00Z,YAHOO,proxy,continuous futures proxy
2023-08-24,,YAHOO-CONTINUOUS-ZT,101.24609375,price_points,2023-08-24T21:00:00Z,2023-08-24T21:01:00Z,YAHOO,proxy,continuous futures proxy
2023-08-25,,ERIS-YIT,91.45450000000001,price_points,2023-08-25T21:00:00Z,2023-08-25T21:01:00Z,ERIS,exact,
2023-08-25,,ERIS-YIW,84.8301,price_points,2023-08-25T21:00:00Z,2023-08-25T21:01:00Z,ERIS,exact,
2023-08-25,,YAHOO-CONTINUOUS-ZF,105.65625,price_points,2023-08-25T21:00:00Z,2023-08-25T21:01:00Z,YAHOO,proxy,continuous futures proxy
2023-08-25,,YAHOO-CONTINUOUS-ZT,101.1796875,price_points,2023-08-25T21:00:00Z,2023-08-25T21:01:00Z,YAHOO,proxy,continuous futures proxy
2023-08-28,,ERIS-YIT,91.4633,price_points,2023-08-28T21:00:00Z,2023-08-28T21:01:00Z,ERIS,exact,
2023-08-28,,ERIS-YIW,84.9501,price_points,2023-08-28T21:00:00Z,2023-08-28T21:01:00Z,ERIS,exact,
2023-08-28,,YAHOO-CONTINUOUS-ZF,105.7578125,price_points,2023-08-28T21:00:00Z,2023-08-28T21:01:00Z,YAHOO,proxy,continuous futures proxy
2023-08-28,,YAHOO-CONTINUOUS-ZT,101.1953125,price_points,2023-08-28T21:00:00Z,2023-08-28T21:01:00Z,YAHOO,proxy,continuous futures proxy
2023-08-29,,ERIS-YIT,91.6808,price_points,2023-08-29T21:00:00Z,2023-08-29T21:01:00Z,ERIS,exact,
2023-08-29,,ERIS-YIW,85.4601,price_points,2023-08-29T21:00:00Z,2023-08-29T21:01:00Z,ERIS,exact,
2023-08-29,,YAHOO-CONTINUOUS-ZF,106.25,price_points,2023-08-29T21:00:00Z,2023-08-29T21:01:00Z,YAHOO,proxy,continuous futures proxy
2023-08-29,,YAHOO-CONTINUOUS-ZT,101.4140625,price_points,2023-08-29T21:00:00Z,2023-08-29T21:01:00Z,YAHOO,proxy,continuous futures proxy
2023-08-30,,ERIS-YIT,91.70580000000001,price_points,2023-08-30T21:00:00Z,2023-08-30T21:01:00Z,ERIS,exact,
2023-08-30,,ERIS-YIW,85.4851,price_points,2023-08-30T21:00:00Z,2023-08-30T21:01:00Z,ERIS,exact,
2023-08-30,,YAHOO-CONTINUOUS-ZF,106.2890625,price_points,2023-08-30T21:00:00Z,2023-08-30T21:01:00Z,YAHOO,proxy,continuous futures proxy
2023-08-30,,YAHOO-CONTINUOUS-ZT,101.44140625,price_points,2023-08-30T21:00:00Z,2023-08-30T21:01:00Z,YAHOO,proxy,continuous futures proxy
2023-08-31,,ERIS-YIT,91.7458,price_points,2023-08-31T21:00:00Z,2023-08-31T21:01:00Z,ERIS,exact,
2023-08-31,,ERIS-YIW,85.6301,price_points,2023-08-31T21:00:00Z,2023-08-31T21:01:00Z,ERIS,exact,
2023-08-31,,YAHOO-CONTINUOUS-ZF,106.40625,price_points,2023-08-31T21:00:00Z,2023-08-31T21:01:00Z,YAHOO,proxy,continuous futures proxy
2023-08-31,,YAHOO-CONTINUOUS-ZT,101.51171875,price_points,2023-08-31T21:00:00Z,2023-08-31T21:01:00Z,YAHOO,proxy,continuous futures proxy
2023-09-01,,ERIS-YIT,91.73580000000001,price_points,2023-09-01T21:00:00Z,2023-09-01T21:01:00Z,ERIS,exact,
2023-09-01,,ERIS-YIW,85.4251,price_points,2023-09-01T21:00:00Z,2023-09-01T21:01:00Z,ERIS,exact,
2023-09-01,,YAHOO-CONTINUOUS-ZF,106.25,price_points,2023-09-01T21:00:00Z,2023-09-01T21:01:00Z,YAHOO,proxy,continuous futures proxy
2023-09-01,,YAHOO-CONTINUOUS-ZT,101.50390625,price_points,2023-09-01T21:00:00Z,2023-09-01T21:01:00Z,YAHOO,proxy,continuous futures proxy
2023-09-05,,ERIS-YIT,91.5383,price_points,2023-09-05T21:00:00Z,2023-09-05T21:01:00Z,ERIS,exact,
2023-09-05,,ERIS-YIW,85.0351,price_points,2023-09-05T21:00:00Z,2023-09-05T21:01:00Z,ERIS,exact,
2023-09-05,,YAHOO-CONTINUOUS-ZF,105.8671875,price_points,2023-09-05T21:00:00Z,2023-09-05T21:01:00Z,YAHOO,proxy,continuous futures proxy
2023-09-05,,YAHOO-CONTINUOUS-ZT,101.34375,price_points,2023-09-05T21:00:00Z,2023-09-05T21:01:00Z,YAHOO,proxy,continuous futures proxy
2023-09-06,,ERIS-YIT,91.4308,price_points,2023-09-06T21:00:00Z,2023-09-06T21:01:00Z,ERIS,exact,
2023-09-06,,ERIS-YIW,84.7651,price_points,2023-09-06T21:00:00Z,2023-09-06T21:01:00Z,ERIS,exact,
2023-09-06,,YAHOO-CONTINUOUS-ZF,105.6015625,price_points,2023-09-06T21:00:00Z,2023-09-06T21:01:00Z,YAHOO,proxy,continuous futures proxy
2023-09-06,,YAHOO-CONTINUOUS-ZT,101.25390625,price_points,2023-09-06T21:00:00Z,2023-09-06T21:01:00Z,YAHOO,proxy,continuous futures proxy
2023-09-07,,ERIS-YIT,91.56330000000001,price_points,2023-09-07T21:00:00Z,2023-09-07T21:01:00Z,ERIS,exact,
2023-09-07,,ERIS-YIW,84.9851,price_points,2023-09-07T21:00:00Z,2023-09-07T21:01:00Z,ERIS,exact,
2023-09-07,,YAHOO-CONTINUOUS-ZF,105.8671875,price_points,2023-09-07T21:00:00Z,2023-09-07T21:01:00Z,YAHOO,proxy,continuous futures proxy
2023-09-07,,YAHOO-CONTINUOUS-ZT,101.43359375,price_points,2023-09-07T21:00:00Z,2023-09-07T21:01:00Z,YAHOO,proxy,continuous futures proxy
2023-09-08,,ERIS-YIT,91.49450000000002,price_points,2023-09-08T21:00:00Z,2023-09-08T21:01:00Z,ERIS,exact,
2023-09-08,,ERIS-YIW,84.9101,price_points,2023-09-08T21:00:00Z,2023-09-08T21:01:00Z,ERIS,exact,
2023-09-08,,YAHOO-CONTINUOUS-ZF,105.796875,price_points,2023-09-08T21:00:00Z,2023-09-08T21:01:00Z,YAHOO,proxy,continuous futures proxy
2023-09-08,,YAHOO-CONTINUOUS-ZT,101.3984375,price_points,2023-09-08T21:00:00Z,2023-09-08T21:01:00Z,YAHOO,proxy,continuous futures proxy
2023-09-11,,ERIS-YIT,91.47330000000001,price_points,2023-09-11T21:00:00Z,2023-09-11T21:01:00Z,ERIS,exact,
2023-09-11,,ERIS-YIW,84.8251,price_points,2023-09-11T21:00:00Z,2023-09-11T21:01:00Z,ERIS,exact,
2023-09-11,,YAHOO-CONTINUOUS-ZF,105.7421875,price_points,2023-09-11T21:00:00Z,2023-09-11T21:01:00Z,YAHOO,proxy,continuous futures proxy
2023-09-11,,YAHOO-CONTINUOUS-ZT,101.40234375,price_points,2023-09-11T21:00:00Z,2023-09-11T21:01:00Z,YAHOO,proxy,continuous futures proxy
2023-09-12,,ERIS-YIT,91.44330000000001,price_points,2023-09-12T21:00:00Z,2023-09-12T21:01:00Z,ERIS,exact,
2023-09-12,,ERIS-YIW,84.8301,price_points,2023-09-12T21:00:00Z,2023-09-12T21:01:00Z,ERIS,exact,
2023-09-12,,YAHOO-CONTINUOUS-ZF,105.71875,price_points,2023-09-12T21:00:00Z,2023-09-12T21:01:00Z,YAHOO,proxy,continuous futures proxy
2023-09-12,,YAHOO-CONTINUOUS-ZT,101.39453125,price_points,2023-09-12T21:00:00Z,2023-09-12T21:01:00Z,YAHOO,proxy,continuous futures proxy
2023-09-13,,ERIS-YIT,91.4633,price_points,2023-09-13T21:00:00Z,2023-09-13T21:01:00Z,ERIS,exact,
2023-09-13,,ERIS-YIW,84.9051,price_points,2023-09-13T21:00:00Z,2023-09-13T21:01:00Z,ERIS,exact,
2023-09-13,,YAHOO-CONTINUOUS-ZF,105.828125,price_points,2023-09-13T21:00:00Z,2023-09-13T21:01:00Z,YAHOO,proxy,continuous futures proxy
2023-09-13,,YAHOO-CONTINUOUS-ZT,101.4296875,price_points,2023-09-13T21:00:00Z,2023-09-13T21:01:00Z,YAHOO,proxy,continuous futures proxy
2023-09-14,,ERIS-YIT,91.4158,price_points,2023-09-14T21:00:00Z,2023-09-14T21:01:00Z,ERIS,exact,
2023-09-14,,ERIS-YIW,84.7651,price_points,2023-09-14T21:00:00Z,2023-09-14T21:01:00Z,ERIS,exact,
2023-09-14,,YAHOO-CONTINUOUS-ZF,105.7421875,price_points,2023-09-14T21:00:00Z,2023-09-14T21:01:00Z,YAHOO,proxy,continuous futures proxy
2023-09-14,,YAHOO-CONTINUOUS-ZT,101.42578125,price_points,2023-09-14T21:00:00Z,2023-09-14T21:01:00Z,YAHOO,proxy,continuous futures proxy
2023-09-15,,ERIS-YIT,91.367,price_points,2023-09-15T21:00:00Z,2023-09-15T21:01:00Z,ERIS,exact,
2023-09-15,,ERIS-YIW,84.6451,price_points,2023-09-15T21:00:00Z,2023-09-15T21:01:00Z,ERIS,exact,
2023-09-15,,YAHOO-CONTINUOUS-ZF,105.609375,price_points,2023-09-15T21:00:00Z,2023-09-15T21:01:00Z,YAHOO,proxy,continuous futures proxy
2023-09-15,,YAHOO-CONTINUOUS-ZT,101.41015625,price_points,2023-09-15T21:00:00Z,2023-09-15T21:01:00Z,YAHOO,proxy,continuous futures proxy
2023-09-18,,ERIS-YIT,91.30610000000001,price_points,2023-09-18T21:00:00Z,2023-09-18T21:01:00Z,ERIS,exact,
2023-09-18,,ERIS-YIW,84.5943,price_points,2023-09-18T21:00:00Z,2023-09-18T21:01:00Z,ERIS,exact,
2023-09-18,,YAHOO-CONTINUOUS-ZF,105.546875,price_points,2023-09-18T21:00:00Z,2023-09-18T21:01:00Z,YAHOO,proxy,continuous futures proxy
2023-09-18,,YAHOO-CONTINUOUS-ZT,101.390625,price_points,2023-09-18T21:00:00Z,2023-09-18T21:01:00Z,YAHOO,proxy,continuous futures proxy
2023-09-19,,ERIS-YIT,91.2082,price_points,2023-09-19T21:00:00Z,2023-09-19T21:01:00Z,ERIS,exact,
2023-09-19,,ERIS-YIW,84.3069,price_points,2023-09-19T21:00:00Z,2023-09-19T21:01:00Z,ERIS,exact,
2023-09-19,,YAHOO-CONTINUOUS-ZF,105.3125,price_points,2023-09-19T21:00:00Z,2023-09-19T21:01:00Z,YAHOO,proxy,continuous futures proxy
2023-09-19,,YAHOO-CONTINUOUS-ZT,101.3125,price_points,2023-09-19T21:00:00Z,2023-09-19T21:01:00Z,YAHOO,proxy,continuous futures proxy
2023-09-20,,ERIS-YIT,91.18710000000002,price_points,2023-09-20T21:00:00Z,2023-09-20T21:01:00Z,ERIS,exact,
2023-09-20,,ERIS-YIW,84.3567,price_points,2023-09-20T21:00:00Z,2023-09-20T21:01:00Z,ERIS,exact,
2023-09-20,,YAHOO-CONTINUOUS-ZF,105.390625,price_points,2023-09-20T21:00:00Z,2023-09-20T21:01:00Z,YAHOO,proxy,continuous futures proxy
2023-09-20,,YAHOO-CONTINUOUS-ZT,101.3125,price_points,2023-09-20T21:00:00Z,2023-09-20T21:01:00Z,YAHOO,proxy,continuous futures proxy
2023-09-21,,ERIS-YIT,91.12270000000001,price_points,2023-09-21T21:00:00Z,2023-09-21T21:01:00Z,ERIS,exact,
2023-09-21,,ERIS-YIW,83.9173,price_points,2023-09-21T21:00:00Z,2023-09-21T21:01:00Z,ERIS,exact,
2023-09-21,,YAHOO-CONTINUOUS-ZF,104.90625,price_points,2023-09-21T21:00:00Z,2023-09-21T21:01:00Z,YAHOO,proxy,continuous futures proxy
2023-09-21,,YAHOO-CONTINUOUS-ZT,101.2578125,price_points,2023-09-21T21:00:00Z,2023-09-21T21:01:00Z,YAHOO,proxy,continuous futures proxy
2023-09-22,,ERIS-YIT,91.17070000000001,price_points,2023-09-22T21:00:00Z,2023-09-22T21:01:00Z,ERIS,exact,
2023-09-22,,ERIS-YIW,84.0955,price_points,2023-09-22T21:00:00Z,2023-09-22T21:01:00Z,ERIS,exact,
2023-09-22,,YAHOO-CONTINUOUS-ZF,105.1171875,price_points,2023-09-22T21:00:00Z,2023-09-22T21:01:00Z,YAHOO,proxy,continuous futures proxy
2023-09-22,,YAHOO-CONTINUOUS-ZT,101.30078125,price_points,2023-09-22T21:00:00Z,2023-09-22T21:01:00Z,YAHOO,proxy,continuous futures proxy
2023-09-25,,ERIS-YIT,91.16520000000001,price_points,2023-09-25T21:00:00Z,2023-09-25T21:01:00Z,ERIS,exact,
2023-09-25,,ERIS-YIW,83.8987,price_points,2023-09-25T21:00:00Z,2023-09-25T21:01:00Z,ERIS,exact,
2023-09-25,,YAHOO-CONTINUOUS-ZF,105.0859375,price_points,2023-09-25T21:00:00Z,2023-09-25T21:01:00Z,YAHOO,proxy,continuous futures proxy
2023-09-25,,YAHOO-CONTINUOUS-ZT,101.37890625,price_points,2023-09-25T21:00:00Z,2023-09-25T21:01:00Z,YAHOO,proxy,continuous futures proxy
2023-09-26,,ERIS-YIT,91.17530000000001,price_points,2023-09-26T21:00:00Z,2023-09-26T21:01:00Z,ERIS,exact,
2023-09-26,,ERIS-YIW,83.8894,price_points,2023-09-26T21:00:00Z,2023-09-26T21:01:00Z,ERIS,exact,
2023-09-26,,YAHOO-CONTINUOUS-ZF,104.96875,price_points,2023-09-26T21:00:00Z,2023-09-26T21:01:00Z,YAHOO,proxy,continuous futures proxy
2023-09-26,,YAHOO-CONTINUOUS-ZT,101.453125,price_points,2023-09-26T21:00:00Z,2023-09-26T21:01:00Z,YAHOO,proxy,continuous futures proxy
2023-09-27,,ERIS-YIT,91.07910000000001,price_points,2023-09-27T21:00:00Z,2023-09-27T21:01:00Z,ERIS,exact,
2023-09-27,,ERIS-YIW,83.5668,price_points,2023-09-27T21:00:00Z,2023-09-27T21:01:00Z,ERIS,exact,
2023-09-27,,YAHOO-CONTINUOUS-ZF,104.7109375,price_points,2023-09-27T21:00:00Z,2023-09-27T21:01:00Z,YAHOO,proxy,continuous futures proxy
2023-09-27,,YAHOO-CONTINUOUS-ZT,101.375,price_points,2023-09-27T21:00:00Z,2023-09-27T21:01:00Z,YAHOO,proxy,continuous futures proxy
2023-09-28,,ERIS-YIT,91.203,price_points,2023-09-28T21:00:00Z,2023-09-28T21:01:00Z,ERIS,exact,
2023-09-28,,ERIS-YIW,83.7963,price_points,2023-09-28T21:00:00Z,2023-09-28T21:01:00Z,ERIS,exact,
2023-09-28,,YAHOO-CONTINUOUS-ZF,104.9921875,price_points,2023-09-28T21:00:00Z,2023-09-28T21:01:00Z,YAHOO,proxy,continuous futures proxy
2023-09-28,,YAHOO-CONTINUOUS-ZT,101.4453125,price_points,2023-09-28T21:00:00Z,2023-09-28T21:01:00Z,YAHOO,proxy,continuous futures proxy
2023-09-29,,ERIS-YIT,91.2365,price_points,2023-09-29T21:00:00Z,2023-09-29T21:01:00Z,ERIS,exact,
2023-09-29,,ERIS-YIW,83.9516,price_points,2023-09-29T21:00:00Z,2023-09-29T21:01:00Z,ERIS,exact,
2023-09-29,,YAHOO-CONTINUOUS-ZF,105.15625,price_points,2023-09-29T21:00:00Z,2023-09-29T21:01:00Z,YAHOO,proxy,continuous futures proxy
2023-09-29,,YAHOO-CONTINUOUS-ZT,101.484375,price_points,2023-09-29T21:00:00Z,2023-09-29T21:01:00Z,YAHOO,proxy,continuous futures proxy
2023-10-02,,ERIS-YIT,91.1106,price_points,2023-10-02T21:00:00Z,2023-10-02T21:01:00Z,ERIS,exact,
2023-10-02,,ERIS-YIW,83.4897,price_points,2023-10-02T21:00:00Z,2023-10-02T21:01:00Z,ERIS,exact,
2023-10-02,,YAHOO-CONTINUOUS-ZF,104.9140625,price_points,2023-10-02T21:00:00Z,2023-10-02T21:01:00Z,YAHOO,proxy,continuous futures proxy
2023-10-02,,YAHOO-CONTINUOUS-ZT,101.22265625,price_points,2023-10-02T21:00:00Z,2023-10-02T21:01:00Z,YAHOO,proxy,continuous futures proxy
2023-10-03,,ERIS-YIT,91.07010000000001,price_points,2023-10-03T21:00:00Z,2023-10-03T21:01:00Z,ERIS,exact,
2023-10-03,,ERIS-YIW,83.1229,price_points,2023-10-03T21:00:00Z,2023-10-03T21:01:00Z,ERIS,exact,
2023-10-03,,YAHOO-CONTINUOUS-ZF,104.5625,price_points,2023-10-03T21:00:00Z,2023-10-03T21:01:00Z,YAHOO,proxy,continuous futures proxy
2023-10-03,,YAHOO-CONTINUOUS-ZT,101.15234375,price_points,2023-10-03T21:00:00Z,2023-10-03T21:01:00Z,YAHOO,proxy,continuous futures proxy
2023-10-04,,ERIS-YIT,91.23760000000001,price_points,2023-10-04T21:00:00Z,2023-10-04T21:01:00Z,ERIS,exact,
2023-10-04,,ERIS-YIW,83.4662,price_points,2023-10-04T21:00:00Z,2023-10-04T21:01:00Z,ERIS,exact,
2023-10-04,,YAHOO-CONTINUOUS-ZF,104.9140625,price_points,2023-10-04T21:00:00Z,2023-10-04T21:01:00Z,YAHOO,proxy,continuous futures proxy
2023-10-04,,YAHOO-CONTINUOUS-ZT,101.34375,price_points,2023-10-04T21:00:00Z,2023-10-04T21:01:00Z,YAHOO,proxy,continuous futures proxy
2023-10-05,,ERIS-YIT,91.29240000000001,price_points,2023-10-05T21:00:00Z,2023-10-05T21:01:00Z,ERIS,exact,
2023-10-05,,ERIS-YIW,83.6259,price_points,2023-10-05T21:00:00Z,2023-10-05T21:01:00Z,ERIS,exact,
2023-10-05,,YAHOO-CONTINUOUS-ZF,105.0703125,price_points,2023-10-05T21:00:00Z,2023-10-05T21:01:00Z,YAHOO,proxy,continuous futures proxy
2023-10-05,,YAHOO-CONTINUOUS-ZT,101.390625,price_points,2023-10-05T21:00:00Z,2023-10-05T21:01:00Z,YAHOO,proxy,continuous futures proxy
2023-10-06,,ERIS-YIT,91.18820000000001,price_points,2023-10-06T21:00:00Z,2023-10-06T21:01:00Z,ERIS,exact,
2023-10-06,,ERIS-YIW,83.3519,price_points,2023-10-06T21:00:00Z,2023-10-06T21:01:00Z,ERIS,exact,
2023-10-06,,YAHOO-CONTINUOUS-ZF,104.7890625,price_points,2023-10-06T21:00:00Z,2023-10-06T21:01:00Z,YAHOO,proxy,continuous futures proxy
2023-10-06,,YAHOO-CONTINUOUS-ZT,101.27734375,price_points,2023-10-06T21:00:00Z,2023-10-06T21:01:00Z,YAHOO,proxy,continuous futures proxy
2023-10-09,,ERIS-YIT,91.20280000000001,price_points,2023-10-09T21:00:00Z,2023-10-09T21:01:00Z,ERIS,exact,
2023-10-09,,ERIS-YIW,83.3667,price_points,2023-10-09T21:00:00Z,2023-10-09T21:01:00Z,ERIS,exact,
2023-10-09,,YAHOO-CONTINUOUS-ZF,105.4921875,price_points,2023-10-09T21:00:00Z,2023-10-09T21:01:00Z,YAHOO,proxy,continuous futures proxy
2023-10-09,,YAHOO-CONTINUOUS-ZT,101.54296875,price_points,2023-10-09T21:00:00Z,2023-10-09T21:01:00Z,YAHOO,proxy,continuous futures proxy
2023-10-10,,ERIS-YIT,91.37370000000001,price_points,2023-10-10T21:00:00Z,2023-10-10T21:01:00Z,ERIS,exact,
2023-10-10,,ERIS-YIW,83.8772,price_points,2023-10-10T21:00:00Z,2023-10-10T21:01:00Z,ERIS,exact,
2023-10-10,,YAHOO-CONTINUOUS-ZF,105.3359375,price_points,2023-10-10T21:00:00Z,2023-10-10T21:01:00Z,YAHOO,proxy,continuous futures proxy
2023-10-10,,YAHOO-CONTINUOUS-ZT,101.46875,price_points,2023-10-10T21:00:00Z,2023-10-10T21:01:00Z,YAHOO,proxy,continuous futures proxy
2023-10-11,,ERIS-YIT,91.334,price_points,2023-10-11T21:00:00Z,2023-10-11T21:01:00Z,ERIS,exact,
2023-10-11,,ERIS-YIW,83.9428,price_points,2023-10-11T21:00:00Z,2023-10-11T21:01:00Z,ERIS,exact,
2023-10-11,,YAHOO-CONTINUOUS-ZF,105.3515625,price_points,2023-10-11T21:00:00Z,2023-10-11T21:01:00Z,YAHOO,proxy,continuous futures proxy
2023-10-11,,YAHOO-CONTINUOUS-ZT,101.421875,price_points,2023-10-11T21:00:00Z,2023-10-11T21:01:00Z,YAHOO,proxy,continuous futures proxy
2023-10-12,,ERIS-YIT,91.21790000000001,price_points,2023-10-12T21:00:00Z,2023-10-12T21:01:00Z,ERIS,exact,
2023-10-12,,ERIS-YIW,83.53659999999999,price_points,2023-10-12T21:00:00Z,2023-10-12T21:01:00Z,ERIS,exact,
2023-10-12,,YAHOO-CONTINUOUS-ZF,104.953125,price_points,2023-10-12T21:00:00Z,2023-10-12T21:01:00Z,YAHOO,proxy,continuous futures proxy
2023-10-12,,YAHOO-CONTINUOUS-ZT,101.30078125,price_points,2023-10-12T21:00:00Z,2023-10-12T21:01:00Z,YAHOO,proxy,continuous futures proxy
2023-10-13,,ERIS-YIT,91.24640000000001,price_points,2023-10-13T21:00:00Z,2023-10-13T21:01:00Z,ERIS,exact,
2023-10-13,,ERIS-YIW,83.76,price_points,2023-10-13T21:00:00Z,2023-10-13T21:01:00Z,ERIS,exact,
2023-10-13,,YAHOO-CONTINUOUS-ZF,105.171875,price_points,2023-10-13T21:00:00Z,2023-10-13T21:01:00Z,YAHOO,proxy,continuous futures proxy
2023-10-13,,YAHOO-CONTINUOUS-ZT,101.33203125,price_points,2023-10-13T21:00:00Z,2023-10-13T21:01:00Z,YAHOO,proxy,continuous futures proxy
2023-10-16,,ERIS-YIT,91.18100000000001,price_points,2023-10-16T21:00:00Z,2023-10-16T21:01:00Z,ERIS,exact,
2023-10-16,,ERIS-YIW,83.4901,price_points,2023-10-16T21:00:00Z,2023-10-16T21:01:00Z,ERIS,exact,
2023-10-16,,YAHOO-CONTINUOUS-ZF,104.8828125,price_points,2023-10-16T21:00:00Z,2023-10-16T21:01:00Z,YAHOO,proxy,continuous futures proxy
2023-10-16,,YAHOO-CONTINUOUS-ZT,101.24609375,price_points,2023-10-16T21:00:00Z,2023-10-16T21:01:00Z,YAHOO,proxy,continuous futures proxy
2023-10-17,,ERIS-YIT,90.98630000000001,price_points,2023-10-17T21:00:00Z,2023-10-17T21:01:00Z,ERIS,exact,
2023-10-17,,ERIS-YIW,82.8293,price_points,2023-10-17T21:00:00Z,2023-10-17T21:01:00Z,ERIS,exact,
2023-10-17,,YAHOO-CONTINUOUS-ZF,104.2265625,price_points,2023-10-17T21:00:00Z,2023-10-17T21:01:00Z,YAHOO,proxy,continuous futures proxy
2023-10-17,,YAHOO-CONTINUOUS-ZT,101.0234375,price_points,2023-10-17T21:00:00Z,2023-10-17T21:01:00Z,YAHOO,proxy,continuous futures proxy
2023-10-18,,ERIS-YIT,90.9667,price_points,2023-10-18T21:00:00Z,2023-10-18T21:01:00Z,ERIS,exact,
2023-10-18,,ERIS-YIW,82.6177,price_points,2023-10-18T21:00:00Z,2023-10-18T21:01:00Z,ERIS,exact,
2023-10-18,,YAHOO-CONTINUOUS-ZF,104.0234375,price_points,2023-10-18T21:00:00Z,2023-10-18T21:01:00Z,YAHOO,proxy,continuous futures proxy
2023-10-18,,YAHOO-CONTINUOUS-ZT,101.015625,price_points,2023-10-18T21:00:00Z,2023-10-18T21:01:00Z,YAHOO,proxy,continuous futures proxy
2023-10-19,,ERIS-YIT,91.04320000000001,price_points,2023-10-19T21:00:00Z,2023-10-19T21:01:00Z,ERIS,exact,
2023-10-19,,ERIS-YIW,82.4849,price_points,2023-10-19T21:00:00Z,2023-10-19T21:01:00Z,ERIS,exact,
2023-10-19,,YAHOO-CONTINUOUS-ZF,103.921875,price_points,2023-10-19T21:00:00Z,2023-10-19T21:01:00Z,YAHOO,proxy,continuous futures proxy
2023-10-19,,YAHOO-CONTINUOUS-ZT,101.10546875,price_points,2023-10-19T21:00:00Z,2023-10-19T21:01:00Z,YAHOO,proxy,continuous futures proxy
2023-10-20,,ERIS-YIT,91.19260000000001,price_points,2023-10-20T21:00:00Z,2023-10-20T21:01:00Z,ERIS,exact,
2023-10-20,,ERIS-YIW,82.9251,price_points,2023-10-20T21:00:00Z,2023-10-20T21:01:00Z,ERIS,exact,
2023-10-20,,YAHOO-CONTINUOUS-ZF,104.3515625,price_points,2023-10-20T21:00:00Z,2023-10-20T21:01:00Z,YAHOO,proxy,continuous futures proxy
2023-10-20,,YAHOO-CONTINUOUS-ZT,101.265625,price_points,2023-10-20T21:00:00Z,2023-10-20T21:01:00Z,YAHOO,proxy,continuous futures proxy
2023-10-23,,ERIS-YIT,91.24060000000001,price_points,2023-10-23T21:00:00Z,2023-10-23T21:01:00Z,ERIS,exact,
2023-10-23,,ERIS-YIW,83.2253,price_points,2023-10-23T21:00:00Z,2023-10-23T21:01:00Z,ERIS,exact,
2023-10-23,,YAHOO-CONTINUOUS-ZF,104.6171875,price_points,2023-10-23T21:00:00Z,2023-10-23T21:01:00Z,YAHOO,proxy,continuous futures proxy
2023-10-23,,YAHOO-CONTINUOUS-ZT,101.3125,price_points,2023-10-23T21:00:00Z,2023-10-23T21:01:00Z,YAHOO,proxy,continuous futures proxy
2023-10-24,,ERIS-YIT,91.17120000000001,price_points,2023-10-24T21:00:00Z,2023-10-24T21:01:00Z,ERIS,exact,
2023-10-24,,ERIS-YIW,83.1011,price_points,2023-10-24T21:00:00Z,2023-10-24T21:01:00Z,ERIS,exact,
2023-10-24,,YAHOO-CONTINUOUS-ZF,104.46875,price_points,2023-10-24T21:00:00Z,2023-10-24T21:01:00Z,YAHOO,proxy,continuous futures proxy
2023-10-24,,YAHOO-CONTINUOUS-ZT,101.2265625,price_points,2023-10-24T21:00:00Z,2023-10-24T21:01:00Z,YAHOO,proxy,continuous futures proxy
2023-10-25,,ERIS-YIT,91.09880000000001,price_points,2023-10-25T21:00:00Z,2023-10-25T21:01:00Z,ERIS,exact,
2023-10-25,,ERIS-YIW,82.7161,price_points,2023-10-25T21:00:00Z,2023-10-25T21:01:00Z,ERIS,exact,
2023-10-25,,YAHOO-CONTINUOUS-ZF,104.1171875,price_points,2023-10-25T21:00:00Z,2023-10-25T21:01:00Z,YAHOO,proxy,continuous futures proxy
2023-10-25,,YAHOO-CONTINUOUS-ZT,101.140625,price_points,2023-10-25T21:00:00Z,2023-10-25T21:01:00Z,YAHOO,proxy,continuous futures proxy
2023-10-26,,ERIS-YIT,91.2317,price_points,2023-10-26T21:00:00Z,2023-10-26T21:01:00Z,ERIS,exact,
2023-10-26,,ERIS-YIW,83.201,price_points,2023-10-26T21:00:00Z,2023-10-26T21:01:00Z,ERIS,exact,
2023-10-26,,YAHOO-CONTINUOUS-ZF,104.5703125,price_points,2023-10-26T21:00:00Z,2023-10-26T21:01:00Z,YAHOO,proxy,continuous futures proxy
2023-10-26,,YAHOO-CONTINUOUS-ZT,101.28515625,price_points,2023-10-26T21:00:00Z,2023-10-26T21:01:00Z,YAHOO,proxy,continuous futures proxy
2023-10-27,,ERIS-YIT,91.2792,price_points,2023-10-27T21:00:00Z,2023-10-27T21:01:00Z,ERIS,exact,
2023-10-27,,ERIS-YIW,83.3438,price_points,2023-10-27T21:00:00Z,2023-10-27T21:01:00Z,ERIS,exact,
2023-10-27,,YAHOO-CONTINUOUS-ZF,104.6875,price_points,2023-10-27T21:00:00Z,2023-10-27T21:01:00Z,YAHOO,proxy,continuous futures proxy
2023-10-27,,YAHOO-CONTINUOUS-ZT,101.33203125,price_points,2023-10-27T21:00:00Z,2023-10-27T21:01:00Z,YAHOO,proxy,continuous futures proxy
2023-10-30,,ERIS-YIT,91.24180000000001,price_points,2023-10-30T21:00:00Z,2023-10-30T21:01:00Z,ERIS,exact,
2023-10-30,,ERIS-YIW,83.2625,price_points,2023-10-30T21:00:00Z,2023-10-30T21:01:00Z,ERIS,exact,
2023-10-30,,YAHOO-CONTINUOUS-ZF,104.5546875,price_points,2023-10-30T21:00:00Z,2023-10-30T21:01:00Z,YAHOO,proxy,continuous futures proxy
2023-10-30,,YAHOO-CONTINUOUS-ZT,101.27734375,price_points,2023-10-30T21:00:00Z,2023-10-30T21:01:00Z,YAHOO,proxy,continuous futures proxy
2023-10-31,,ERIS-YIT,91.17250000000001,price_points,2023-10-31T21:00:00Z,2023-10-31T21:01:00Z,ERIS,exact,
2023-10-31,,ERIS-YIW,83.1832,price_points,2023-10-31T21:00:00Z,2023-10-31T21:01:00Z,ERIS,exact,
2023-10-31,,YAHOO-CONTINUOUS-ZF,104.4765625,price_points,2023-10-31T21:00:00Z,2023-10-31T21:01:00Z,YAHOO,proxy,continuous futures proxy
2023-10-31,,YAHOO-CONTINUOUS-ZT,101.2109375,price_points,2023-10-31T21:00:00Z,2023-10-31T21:01:00Z,YAHOO,proxy,continuous futures proxy
2023-11-01,,ERIS-YIT,91.35010000000001,price_points,2023-11-01T21:00:00Z,2023-11-01T21:01:00Z,ERIS,exact,
2023-11-01,,ERIS-YIW,83.6471,price_points,2023-11-01T21:00:00Z,2023-11-01T21:01:00Z,ERIS,exact,
2023-11-01,,YAHOO-CONTINUOUS-ZF,104.953125,price_points,2023-11-01T21:00:00Z,2023-11-01T21:01:00Z,YAHOO,proxy,continuous futures proxy
2023-11-01,,YAHOO-CONTINUOUS-ZT,101.40625,price_points,2023-11-01T21:00:00Z,2023-11-01T21:01:00Z,YAHOO,proxy,continuous futures proxy
2023-11-02,,ERIS-YIT,91.35360000000001,price_points,2023-11-02T21:00:00Z,2023-11-02T21:01:00Z,ERIS,exact,
2023-11-02,,ERIS-YIW,83.8724,price_points,2023-11-02T21:00:00Z,2023-11-02T21:01:00Z,ERIS,exact,
2023-11-02,,YAHOO-CONTINUOUS-ZF,105.1796875,price_points,2023-11-02T21:00:00Z,2023-11-02T21:01:00Z,YAHOO,proxy,continuous futures proxy
2023-11-02,,YAHOO-CONTINUOUS-ZT,101.390625,price_points,2023-11-02T21:00:00Z,2023-11-02T21:01:00Z,YAHOO,proxy,continuous futures proxy
2023-11-03,,ERIS-YIT,91.59830000000001,price_points,2023-11-03T21:00:00Z,2023-11-03T21:01:00Z,ERIS,exact,
2023-11-03,,ERIS-YIW,84.5146,price_points,2023-11-03T21:00:00Z,2023-11-03T21:01:00Z,ERIS,exact,
2023-11-03,,YAHOO-CONTINUOUS-ZF,105.7890625,price_points,2023-11-03T21:00:00Z,2023-11-03T21:01:00Z,YAHOO,proxy,continuous futures proxy
2023-11-03,,YAHOO-CONTINUOUS-ZT,101.65625,price_points,2023-11-03T21:00:00Z,2023-11-03T21:01:00Z,YAHOO,proxy,continuous futures proxy
2023-11-06,,ERIS-YIT,91.4269,price_points,2023-11-06T21:00:00Z,2023-11-06T21:01:00Z,ERIS,exact,
2023-11-06,,ERIS-YIW,84.0279,price_points,2023-11-06T21:00:00Z,2023-11-06T21:01:00Z,ERIS,exact,
2023-11-06,,YAHOO-CONTINUOUS-ZF,105.2734375,price_points,2023-11-06T21:00:00Z,2023-11-06T21:01:00Z,YAHOO,proxy,continuous futures proxy
2023-11-06,,YAHOO-CONTINUOUS-ZT,101.44921875,price_points,2023-11-06T21:00:00Z,2023-11-06T21:01:00Z,YAHOO,proxy,continuous futures proxy
2023-11-07,,ERIS-YIT,91.4873,price_points,2023-11-07T21:00:00Z,2023-11-07T21:01:00Z,ERIS,exact,
2023-11-07,,ERIS-YIW,84.3464,price_points,2023-11-07T21:00:00Z,2023-11-07T21:01:00Z,ERIS,exact,
2023-11-07,,YAHOO-CONTINUOUS-ZF,105.5546875,price_points,2023-11-07T21:00:00Z,2023-11-07T21:01:00Z,YAHOO,proxy,continuous futures proxy
2023-11-07,,YAHOO-CONTINUOUS-ZT,101.49609375,price_points,2023-11-07T21:00:00Z,2023-11-07T21:01:00Z,YAHOO,proxy,continuous futures proxy
2023-11-08,,ERIS-YIT,91.44810000000001,price_points,2023-11-08T21:00:00Z,2023-11-08T21:01:00Z,ERIS,exact,
2023-11-08,,ERIS-YIW,84.3899,price_points,2023-11-08T21:00:00Z,2023-11-08T21:01:00Z,ERIS,exact,
2023-11-08,,YAHOO-CONTINUOUS-ZF,105.578125,price_points,2023-11-08T21:00:00Z,2023-11-08T21:01:00Z,YAHOO,proxy,continuous futures proxy
2023-11-08,,YAHOO-CONTINUOUS-ZT,101.45703125,price_points,2023-11-08T21:00:00Z,2023-11-08T21:01:00Z,YAHOO,proxy,continuous futures proxy
2023-11-09,,ERIS-YIT,91.31400000000001,price_points,2023-11-09T21:00:00Z,2023-11-09T21:01:00Z,ERIS,exact,
2023-11-09,,ERIS-YIW,83.935,price_points,2023-11-09T21:00:00Z,2023-11-09T21:01:00Z,ERIS,exact,
2023-11-09,,YAHOO-CONTINUOUS-ZF,105.1171875,price_points,2023-11-09T21:00:00Z,2023-11-09T21:01:00Z,YAHOO,proxy,continuous futures proxy
2023-11-09,,YAHOO-CONTINUOUS-ZT,101.30078125,price_points,2023-11-09T21:00:00Z,2023-11-09T21:01:00Z,YAHOO,proxy,continuous futures proxy
2023-11-10,,ERIS-YIT,91.25330000000001,price_points,2023-11-10T21:00:00Z,2023-11-10T21:01:00Z,ERIS,exact,
2023-11-10,,ERIS-YIW,83.819,price_points,2023-11-10T21:00:00Z,2023-11-10T21:01:00Z,ERIS,exact,
2023-11-10,,YAHOO-CONTINUOUS-ZF,104.984375,price_points,2023-11-10T21:00:00Z,2023-11-10T21:01:00Z,YAHOO,proxy,continuous futures proxy
2023-11-10,,YAHOO-CONTINUOUS-ZT,101.22265625,price_points,2023-11-10T21:00:00Z,2023-11-10T21:01:00Z,YAHOO,proxy,continuous futures proxy
2023-11-13,,ERIS-YIT,91.27810000000001,price_points,2023-11-13T21:00:00Z,2023-11-13T21:01:00Z,ERIS,exact,
2023-11-13,,ERIS-YIW,83.828,price_points,2023-11-13T21:00:00Z,2023-11-13T21:01:00Z,ERIS,exact,
2023-11-13,,YAHOO-CONTINUOUS-ZF,105,price_points,2023-11-13T21:00:00Z,2023-11-13T21:01:00Z,YAHOO,proxy,continuous futures proxy
2023-11-13,,YAHOO-CONTINUOUS-ZT,101.25390625,price_points,2023-11-13T21:00:00Z,2023-11-13T21:01:00Z,YAHOO,proxy,continuous futures proxy
2023-11-14,,ERIS-YIT,91.64210000000001,price_points,2023-11-14T21:00:00Z,2023-11-14T21:01:00Z,ERIS,exact,
2023-11-14,,ERIS-YIW,84.7977,price_points,2023-11-14T21:00:00Z,2023-11-14T21:01:00Z,ERIS,exact,
2023-11-14,,YAHOO-CONTINUOUS-ZF,106.015625,price_points,2023-11-14T21:00:00Z,2023-11-14T21:01:00Z,YAHOO,proxy,continuous futures proxy
2023-11-14,,YAHOO-CONTINUOUS-ZT,101.66796875,price_points,2023-11-14T21:00:00Z,2023-11-14T21:01:00Z,YAHOO,proxy,continuous futures proxy
2023-11-15,,ERIS-YIT,91.47970000000001,price_points,2023-11-15T21:00:00Z,2023-11-15T21:01:00Z,ERIS,exact,
2023-11-15,,ERIS-YIW,84.3558,price_points,2023-11-15T21:00:00Z,2023-11-15T21:01:00Z,ERIS,exact,
2023-11-15,,YAHOO-CONTINUOUS-ZF,105.5703125,price_points,2023-11-15T21:00:00Z,2023-11-15T21:01:00Z,YAHOO,proxy,continuous futures proxy
2023-11-15,,YAHOO-CONTINUOUS-ZT,101.4765625,price_points,2023-11-15T21:00:00Z,2023-11-15T21:01:00Z,YAHOO,proxy,continuous futures proxy
2023-11-16,,ERIS-YIT,91.59620000000001,price_points,2023-11-16T21:00:00Z,2023-11-16T21:01:00Z,ERIS,exact,
2023-11-16,,ERIS-YIW,84.7773,price_points,2023-11-16T21:00:00Z,2023-11-16T21:01:00Z,ERIS,exact,
2023-11-16,,YAHOO-CONTINUOUS-ZF,105.96875,price_points,2023-11-16T21:00:00Z,2023-11-16T21:01:00Z,YAHOO,proxy,continuous futures proxy
2023-11-16,,YAHOO-CONTINUOUS-ZT,101.61328125,price_points,2023-11-16T21:00:00Z,2023-11-16T21:01:00Z,YAHOO,proxy,continuous futures proxy
2023-11-17,,ERIS-YIT,91.5079,price_points,2023-11-17T21:00:00Z,2023-11-17T21:01:00Z,ERIS,exact,
2023-11-17,,ERIS-YIW,84.6437,price_points,2023-11-17T21:00:00Z,2023-11-17T21:01:00Z,ERIS,exact,
2023-11-17,,YAHOO-CONTINUOUS-ZF,105.8125,price_points,2023-11-17T21:00:00Z,2023-11-17T21:01:00Z,YAHOO,proxy,continuous futures proxy
2023-11-17,,YAHOO-CONTINUOUS-ZT,101.4921875,price_points,2023-11-17T21:00:00Z,2023-11-17T21:01:00Z,YAHOO,proxy,continuous futures proxy
2023-11-20,,ERIS-YIT,91.49390000000001,price_points,2023-11-20T21:00:00Z,2023-11-20T21:01:00Z,ERIS,exact,
2023-11-20,,ERIS-YIW,84.7198,price_points,2023-11-20T21:00:00Z,2023-11-20T21:01:00Z,ERIS,exact,
2023-11-20,,YAHOO-CONTINUOUS-ZF,105.859375,price_points,2023-11-20T21:00:00Z,2023-11-20T21:01:00Z,YAHOO,proxy,continuous futures proxy
2023-11-20,,YAHOO-CONTINUOUS-ZT,101.484375,price_points,2023-11-20T21:00:00Z,2023-11-20T21:01:00Z,YAHOO,proxy,continuous futures proxy
2023-11-21,,ERIS-YIT,91.53730000000002,price_points,2023-11-21T21:00:00Z,2023-11-21T21:01:00Z,ERIS,exact,
2023-11-21,,ERIS-YIW,84.8067,price_points,2023-11-21T21:00:00Z,2023-11-21T21:01:00Z,ERIS,exact,
2023-11-21,,YAHOO-CONTINUOUS-ZF,105.9453125,price_points,2023-11-21T21:00:00Z,2023-11-21T21:01:00Z,YAHOO,proxy,continuous futures proxy
2023-11-21,,YAHOO-CONTINUOUS-ZT,101.5390625,price_points,2023-11-21T21:00:00Z,2023-11-21T21:01:00Z,YAHOO,proxy,continuous futures proxy
2023-11-22,,ERIS-YIT,91.4787,price_points,2023-11-22T21:00:00Z,2023-11-22T21:01:00Z,ERIS,exact,
2023-11-22,,ERIS-YIW,84.6947,price_points,2023-11-22T21:00:00Z,2023-11-22T21:01:00Z,ERIS,exact,
2023-11-22,,YAHOO-CONTINUOUS-ZF,105.8359375,price_points,2023-11-22T21:00:00Z,2023-11-22T21:01:00Z,YAHOO,proxy,continuous futures proxy
2023-11-22,,YAHOO-CONTINUOUS-ZT,101.48828125,price_points,2023-11-22T21:00:00Z,2023-11-22T21:01:00Z,YAHOO,proxy,continuous futures proxy
2023-11-24,,ERIS-YIT,91.4098,price_points,2023-11-24T21:00:00Z,2023-11-24T21:01:00Z,ERIS,exact,
2023-11-24,,ERIS-YIW,84.4507,price_points,2023-11-24T21:00:00Z,2023-11-24T21:01:00Z,ERIS,exact,
2023-11-24,,YAHOO-CONTINUOUS-ZF,105.59375,price_points,2023-11-24T21:00:00Z,2023-11-24T21:01:00Z,YAHOO,proxy,continuous futures proxy
2023-11-24,,YAHOO-CONTINUOUS-ZT,101.3984375,price_points,2023-11-24T21:00:00Z,2023-11-24T21:01:00Z,YAHOO,proxy,continuous futures proxy
2023-11-27,,ERIS-YIT,91.48440000000001,price_points,2023-11-27T21:00:00Z,2023-11-27T21:01:00Z,ERIS,exact,
2023-11-27,,ERIS-YIW,84.8253,price_points,2023-11-27T21:00:00Z,2023-11-27T21:01:00Z,ERIS,exact,
2023-11-27,,YAHOO-CONTINUOUS-ZF,105.96875,price_points,2023-11-27T21:00:00Z,2023-11-27T21:01:00Z,YAHOO,proxy,continuous futures proxy
2023-11-27,,YAHOO-CONTINUOUS-ZT,101.5546875,price_points,2023-11-27T21:00:00Z,2023-11-27T21:01:00Z,YAHOO,proxy,continuous futures proxy
2023-11-28,,ERIS-YIT,91.67330000000001,price_points,2023-11-28T21:00:00Z,2023-11-28T21:01:00Z,ERIS,exact,
2023-11-28,,ERIS-YIW,85.2871,price_points,2023-11-28T21:00:00Z,2023-11-28T21:01:00Z,ERIS,exact,
2023-11-28,,YAHOO-CONTINUOUS-ZF,106.4296875,price_points,2023-11-28T21:00:00Z,2023-11-28T21:01:00Z,YAHOO,proxy,continuous futures proxy
2023-11-28,,YAHOO-CONTINUOUS-ZT,101.75,price_points,2023-11-28T21:00:00Z,2023-11-28T21:01:00Z,YAHOO,proxy,continuous futures proxy
2023-11-29,,ERIS-YIT,91.85000000000001,price_points,2023-11-29T21:00:00Z,2023-11-29T21:01:00Z,ERIS,exact,
2023-11-29,,ERIS-YIW,85.5984,price_points,2023-11-29T21:00:00Z,2023-11-29T21:01:00Z,ERIS,exact,
2023-11-29,,YAHOO-CONTINUOUS-ZF,106.671875,price_points,2023-11-29T21:00:00Z,2023-11-29T21:01:00Z,YAHOO,proxy,continuous futures proxy
2023-11-29,,YAHOO-CONTINUOUS-ZT,101.87890625,price_points,2023-11-29T21:00:00Z,2023-11-29T21:01:00Z,YAHOO,proxy,continuous futures proxy
2023-11-30,,ERIS-YIT,91.7549,price_points,2023-11-30T21:00:00Z,2023-11-30T21:01:00Z,ERIS,exact,
2023-11-30,,ERIS-YIW,85.2743,price_points,2023-11-30T21:00:00Z,2023-11-30T21:01:00Z,ERIS,exact,
2023-11-30,,YAHOO-CONTINUOUS-ZF,106.3671875,price_points,2023-11-30T21:00:00Z,2023-11-30T21:01:00Z,YAHOO,proxy,continuous futures proxy
2023-11-30,,YAHOO-CONTINUOUS-ZT,101.79296875,price_points,2023-11-30T21:00:00Z,2023-11-30T21:01:00Z,YAHOO,proxy,continuous futures proxy
2023-12-01,,ERIS-YIT,92.0139,price_points,2023-12-01T21:00:00Z,2023-12-01T21:01:00Z,ERIS,exact,
2023-12-01,,ERIS-YIW,85.8712,price_points,2023-12-01T21:00:00Z,2023-12-01T21:01:00Z,ERIS,exact,
2023-12-01,,YAHOO-CONTINUOUS-ZF,106.96875,price_points,2023-12-01T21:00:00Z,2023-12-01T21:01:00Z,YAHOO,proxy,continuous futures proxy
2023-12-01,,YAHOO-CONTINUOUS-ZT,102.07421875,price_points,2023-12-01T21:00:00Z,2023-12-01T21:01:00Z,YAHOO,proxy,continuous futures proxy
2023-12-04,,ERIS-YIT,91.88510000000001,price_points,2023-12-04T21:00:00Z,2023-12-04T21:01:00Z,ERIS,exact,
2023-12-04,,ERIS-YIW,85.5831,price_points,2023-12-04T21:00:00Z,2023-12-04T21:01:00Z,ERIS,exact,
2023-12-04,,YAHOO-CONTINUOUS-ZF,106.625,price_points,2023-12-04T21:00:00Z,2023-12-04T21:01:00Z,YAHOO,proxy,continuous futures proxy
2023-12-04,,YAHOO-CONTINUOUS-ZT,101.9453125,price_points,2023-12-04T21:00:00Z,2023-12-04T21:01:00Z,YAHOO,proxy,continuous futures proxy
2023-12-05,,ERIS-YIT,91.992,price_points,2023-12-05T21:00:00Z,2023-12-05T21:01:00Z,ERIS,exact,
2023-12-05,,ERIS-YIW,86.0204,price_points,2023-12-05T21:00:00Z,2023-12-05T21:01:00Z,ERIS,exact,
2023-12-05,,YAHOO-CONTINUOUS-ZF,107.0234375,price_points,2023-12-05T21:00:00Z,2023-12-05T21:01:00Z,YAHOO,proxy,continuous futures proxy
2023-12-05,,YAHOO-CONTINUOUS-ZT,102.1015625,price_points,2023-12-05T21:00:00Z,2023-12-05T21:01:00Z,YAHOO,proxy,continuous futures proxy
2023-12-06,,ERIS-YIT,91.93400000000001,price_points,2023-12-06T21:00:00Z,2023-12-06T21:01:00Z,ERIS,exact,
2023-12-06,,ERIS-YIW,86.0571,price_points,2023-12-06T21:00:00Z,2023-12-06T21:01:00Z,ERIS,exact,
2023-12-06,,YAHOO-CONTINUOUS-ZF,107.0625,price_points,2023-12-06T21:00:00Z,2023-12-06T21:01:00Z,YAHOO,proxy,continuous futures proxy
2023-12-06,,YAHOO-CONTINUOUS-ZT,102.03515625,price_points,2023-12-06T21:00:00Z,2023-12-06T21:01:00Z,YAHOO,proxy,continuous futures proxy
2023-12-07,,ERIS-YIT,91.97180000000002,price_points,2023-12-07T21:00:00Z,2023-12-07T21:01:00Z,ERIS,exact,
2023-12-07,,ERIS-YIW,86.098,price_points,2023-12-07T21:00:00Z,2023-12-07T21:01:00Z,ERIS,exact,
2023-12-07,,YAHOO-CONTINUOUS-ZF,107.1328125,price_points,2023-12-07T21:00:00Z,2023-12-07T21:01:00Z,YAHOO,proxy,continuous futures proxy
2023-12-07,,YAHOO-CONTINUOUS-ZT,102.1171875,price_points,2023-12-07T21:00:00Z,2023-12-07T21:01:00Z,YAHOO,proxy,continuous futures proxy
2023-12-08,,ERIS-YIT,91.97180000000002,price_points,2023-12-08T21:00:00Z,2023-12-08T21:01:00Z,ERIS,exact,
2023-12-08,,ERIS-YIW,85.4581,price_points,2023-12-08T21:00:00Z,2023-12-08T21:01:00Z,ERIS,exact,
2023-12-08,,YAHOO-CONTINUOUS-ZF,106.5078125,price_points,2023-12-08T21:00:00Z,2023-12-08T21:01:00Z,YAHOO,proxy,continuous futures proxy
2023-12-08,,YAHOO-CONTINUOUS-ZT,101.890625,price_points,2023-12-08T21:00:00Z,2023-12-08T21:01:00Z,YAHOO,proxy,continuous futures proxy
2023-12-11,,ERIS-YIT,91.96680000000002,price_points,2023-12-11T21:00:00Z,2023-12-11T21:01:00Z,ERIS,exact,
2023-12-11,,ERIS-YIW,85.4593,price_points,2023-12-11T21:00:00Z,2023-12-11T21:01:00Z,ERIS,exact,
2023-12-11,,YAHOO-CONTINUOUS-ZF,106.5546875,price_points,2023-12-11T21:00:00Z,2023-12-11T21:01:00Z,YAHOO,proxy,continuous futures proxy
2023-12-11,,YAHOO-CONTINUOUS-ZT,101.91796875,price_points,2023-12-11T21:00:00Z,2023-12-11T21:01:00Z,YAHOO,proxy,continuous futures proxy
2023-12-12,,ERIS-YIT,91.96430000000002,price_points,2023-12-12T21:00:00Z,2023-12-12T21:01:00Z,ERIS,exact,
2023-12-12,,ERIS-YIW,85.5452,price_points,2023-12-12T21:00:00Z,2023-12-12T21:01:00Z,ERIS,exact,
2023-12-12,,YAHOO-CONTINUOUS-ZF,106.640625,price_points,2023-12-12T21:00:00Z,2023-12-12T21:01:00Z,YAHOO,proxy,continuous futures proxy
2023-12-12,,YAHOO-CONTINUOUS-ZT,101.890625,price_points,2023-12-12T21:00:00Z,2023-12-12T21:01:00Z,YAHOO,proxy,continuous futures proxy
2023-12-13,,ERIS-YIT,92.39810000000001,price_points,2023-12-13T21:00:00Z,2023-12-13T21:01:00Z,ERIS,exact,
2023-12-13,,ERIS-YIW,86.3837,price_points,2023-12-13T21:00:00Z,2023-12-13T21:01:00Z,ERIS,exact,
2023-12-13,,YAHOO-CONTINUOUS-ZF,107.609375,price_points,2023-12-13T21:00:00Z,2023-12-13T21:01:00Z,YAHOO,proxy,continuous futures proxy
2023-12-13,,YAHOO-CONTINUOUS-ZT,102.359375,price_points,2023-12-13T21:00:00Z,2023-12-13T21:01:00Z,YAHOO,proxy,continuous futures proxy
2023-12-14,,ERIS-YIT,92.55430000000003,price_points,2023-12-14T21:00:00Z,2023-12-14T21:01:00Z,ERIS,exact,
2023-12-14,,ERIS-YIW,86.8111,price_points,2023-12-14T21:00:00Z,2023-12-14T21:01:00Z,ERIS,exact,
2023-12-14,,YAHOO-CONTINUOUS-ZF,107.9609375,price_points,2023-12-14T21:00:00Z,2023-12-14T21:01:00Z,YAHOO,proxy,continuous futures proxy
2023-12-14,,YAHOO-CONTINUOUS-ZT,102.55078125,price_points,2023-12-14T21:00:00Z,2023-12-14T21:01:00Z,YAHOO,proxy,continuous futures proxy
2023-12-15,,ERIS-YIT,92.45180000000002,price_points,2023-12-15T21:00:00Z,2023-12-15T21:01:00Z,ERIS,exact,
2023-12-15,,ERIS-YIW,86.7323,price_points,2023-12-15T21:00:00Z,2023-12-15T21:01:00Z,ERIS,exact,
2023-12-15,,YAHOO-CONTINUOUS-ZF,107.8359375,price_points,2023-12-15T21:00:00Z,2023-12-15T21:01:00Z,YAHOO,proxy,continuous futures proxy
2023-12-15,,YAHOO-CONTINUOUS-ZT,102.390625,price_points,2023-12-15T21:00:00Z,2023-12-15T21:01:00Z,YAHOO,proxy,continuous futures proxy
2023-12-18,,ERIS-YIT,92.44680000000002,price_points,2023-12-18T21:00:00Z,2023-12-18T21:01:00Z,ERIS,exact,
2023-12-18,,ERIS-YIW,86.6422,price_points,2023-12-18T21:00:00Z,2023-12-18T21:01:00Z,ERIS,exact,
2023-12-18,,YAHOO-CONTINUOUS-ZF,107.734375,price_points,2023-12-18T21:00:00Z,2023-12-18T21:01:00Z,YAHOO,proxy,continuous futures proxy
2023-12-18,,YAHOO-CONTINUOUS-ZT,102.51171875,price_points,2023-12-18T21:00:00Z,2023-12-18T21:01:00Z,YAHOO,proxy,continuous futures proxy
2023-12-19,,ERIS-YIT,92.47870000000002,price_points,2023-12-19T21:00:00Z,2023-12-19T21:01:00Z,ERIS,exact,
2023-12-19,,ERIS-YIW,86.7376,price_points,2023-12-19T21:00:00Z,2023-12-19T21:01:00Z,ERIS,exact,
2023-12-19,,YAHOO-CONTINUOUS-ZF,107.828125,price_points,2023-12-19T21:00:00Z,2023-12-19T21:01:00Z,YAHOO,proxy,continuous futures proxy
2023-12-19,,YAHOO-CONTINUOUS-ZT,102.54296875,price_points,2023-12-19T21:00:00Z,2023-12-19T21:01:00Z,YAHOO,proxy,continuous futures proxy
2023-12-20,,ERIS-YIT,92.60910000000003,price_points,2023-12-20T21:00:00Z,2023-12-20T21:01:00Z,ERIS,exact,
2023-12-20,,ERIS-YIW,87.0128,price_points,2023-12-20T21:00:00Z,2023-12-20T21:01:00Z,ERIS,exact,
2023-12-20,,YAHOO-CONTINUOUS-ZF,108.03125,price_points,2023-12-20T21:00:00Z,2023-12-20T21:01:00Z,YAHOO,proxy,continuous futures proxy
2023-12-20,,YAHOO-CONTINUOUS-ZT,102.6875,price_points,2023-12-20T21:00:00Z,2023-12-20T21:01:00Z,YAHOO,proxy,continuous futures proxy
2023-12-21,,ERIS-YIT,92.66020000000002,price_points,2023-12-21T21:00:00Z,2023-12-21T21:01:00Z,ERIS,exact,
2023-12-21,,ERIS-YIW,87.05,price_points,2023-12-21T21:00:00Z,2023-12-21T21:01:00Z,ERIS,exact,
2023-12-21,,YAHOO-CONTINUOUS-ZF,108.125,price_points,2023-12-21T21:00:00Z,2023-12-21T21:01:00Z,YAHOO,proxy,continuous futures proxy
2023-12-21,,YAHOO-CONTINUOUS-ZT,102.7265625,price_points,2023-12-21T21:00:00Z,2023-12-21T21:01:00Z,YAHOO,proxy,continuous futures proxy
2023-12-22,,ERIS-YIT,92.67560000000002,price_points,2023-12-22T21:00:00Z,2023-12-22T21:01:00Z,ERIS,exact,
2023-12-22,,ERIS-YIW,87.022,price_points,2023-12-22T21:00:00Z,2023-12-22T21:01:00Z,ERIS,exact,
2023-12-22,,YAHOO-CONTINUOUS-ZF,108.2421875,price_points,2023-12-22T21:00:00Z,2023-12-22T21:01:00Z,YAHOO,proxy,continuous futures proxy
2023-12-22,,YAHOO-CONTINUOUS-ZT,102.7890625,price_points,2023-12-22T21:00:00Z,2023-12-22T21:01:00Z,YAHOO,proxy,continuous futures proxy
2023-12-26,,ERIS-YIT,92.65120000000002,price_points,2023-12-26T21:00:00Z,2023-12-26T21:01:00Z,ERIS,exact,
2023-12-26,,ERIS-YIW,87.0472,price_points,2023-12-26T21:00:00Z,2023-12-26T21:01:00Z,ERIS,exact,
2023-12-26,,YAHOO-CONTINUOUS-ZF,108.09375,price_points,2023-12-26T21:00:00Z,2023-12-26T21:01:00Z,YAHOO,proxy,continuous futures proxy
2023-12-26,,YAHOO-CONTINUOUS-ZT,102.81640625,price_points,2023-12-26T21:00:00Z,2023-12-26T21:01:00Z,YAHOO,proxy,continuous futures proxy
2023-12-27,,ERIS-YIT,92.74790000000002,price_points,2023-12-27T21:00:00Z,2023-12-27T21:01:00Z,ERIS,exact,
2023-12-27,,ERIS-YIW,87.3753,price_points,2023-12-27T21:00:00Z,2023-12-27T21:01:00Z,ERIS,exact,
2023-12-27,,YAHOO-CONTINUOUS-ZF,108.625,price_points,2023-12-27T21:00:00Z,2023-12-27T21:01:00Z,YAHOO,proxy,continuous futures proxy
2023-12-27,,YAHOO-CONTINUOUS-ZT,102.984375,price_points,2023-12-27T21:00:00Z,2023-12-27T21:01:00Z,YAHOO,proxy,continuous futures proxy
2023-12-28,,ERIS-YIT,92.67890000000001,price_points,2023-12-28T21:00:00Z,2023-12-28T21:01:00Z,ERIS,exact,
2023-12-28,,ERIS-YIW,87.1823,price_points,2023-12-28T21:00:00Z,2023-12-28T21:01:00Z,ERIS,exact,
2023-12-28,,YAHOO-CONTINUOUS-ZF,108.3828125,price_points,2023-12-28T21:00:00Z,2023-12-28T21:01:00Z,YAHOO,proxy,continuous futures proxy
2023-12-28,,YAHOO-CONTINUOUS-ZT,102.74609375,price_points,2023-12-28T21:00:00Z,2023-12-28T21:01:00Z,YAHOO,proxy,continuous futures proxy
2023-12-29,,ERIS-YIT,92.72730000000001,price_points,2023-12-29T21:00:00Z,2023-12-29T21:01:00Z,ERIS,exact,
2023-12-29,,ERIS-YIW,87.2725,price_points,2023-12-29T21:00:00Z,2023-12-29T21:01:00Z,ERIS,exact,
2023-12-29,,YAHOO-CONTINUOUS-ZF,108.671875,price_points,2023-12-29T21:00:00Z,2023-12-29T21:01:00Z,YAHOO,proxy,continuous futures proxy
2023-12-29,,YAHOO-CONTINUOUS-ZT,102.8046875,price_points,2023-12-29T21:00:00Z,2023-12-29T21:01:00Z,YAHOO,proxy,continuous futures proxy
