observation_date,series_id,instrument_id,value,value_unit,source_observation_time_utc,available_at_utc,source,classification,proxy_label
2024-01-02,,ERIS-YIT,92.57700000000001,price_points,2024-01-02T21:00:00Z,2024-01-02T21:01:00Z,ERIS,exact,
2024-01-02,,ERIS-YIW,86.8731,price_points,2024-01-02T21:00:00Z,2024-01-02T21:01:00Z,ERIS,exact,
2024-01-02,,YAHOO-CONTINUOUS-ZF,108.34375,price_points,2024-01-02T21:00:00Z,2024-01-02T21:01:00Z,YAHOO,proxy,continuous futures proxy
2024-01-02,,YAHOO-CONTINUOUS-ZT,102.796875,price_points,2024-01-02T21:00:00Z,2024-01-02T21:01:00Z,YAHOO,proxy,continuous futures proxy
2024-01-03,,ERIS-YIT,92.55990000000001,price_points,2024-01-03T21:00:00Z,2024-01-03T21:01:00Z,ERIS,exact,
2024-01-03,,ERIS-YIW,86.9687,price_points,2024-01-03T21:00:00Z,2024-01-03T21:01:00Z,ERIS,exact,
2024-01-03,,YAHOO-CONTINUOUS-ZF,108.46875,price_points,2024-01-03T21:00:00Z,2024-01-03T21:01:00Z,YAHOO,proxy,continuous futures proxy
2024-01-03,,YAHOO-CONTINUOUS-ZT,102.8125,price_points,2024-01-03T21:00:00Z,2024-01-03T21:01:00Z,YAHOO,proxy,continuous futures proxy
2024-01-04,,ERIS-YIT,92.41900000000003,price_points,2024-01-04T21:00:00Z,2024-01-04T21:01:00Z,ERIS,exact,
2024-01-04,,ERIS-YIW,86.544,price_points,2024-01-04T21:00:00Z,2024-01-04T21:01:00Z,ERIS,exact,
2024-01-04,,YAHOO-CONTINUOUS-ZF,108.109375,price_points,2024-01-04T21:00:00Z,2024-01-04T21:01:00Z,YAHOO,proxy,continuous futures proxy
2024-01-04,,YAHOO-CONTINUOUS-ZT,102.67578125,price_points,2024-01-04T21:00:00Z,2024-01-04T21:01:00Z,YAHOO,proxy,continuous futures proxy
2024-01-05,,ERIS-YIT,92.40710000000001,price_points,2024-01-05T21:00:00Z,2024-01-05T21:01:00Z,ERIS,exact,
2024-01-05,,ERIS-YIW,86.4073,price_points,2024-01-05T21:00:00Z,2024-01-05T21:01:00Z,ERIS,exact,
2024-01-05,,YAHOO-CONTINUOUS-ZF,107.96875,price_points,2024-01-05T21:00:00Z,2024-01-05T21:01:00Z,YAHOO,proxy,continuous futures proxy
2024-01-05,,YAHOO-CONTINUOUS-ZT,102.6484375,price_points,2024-01-05T21:00:00Z,2024-01-05T21:01:00Z,YAHOO,proxy,continuous futures proxy
2024-01-08,,ERIS-YIT,92.44940000000003,price_points,2024-01-08T21:00:00Z,2024-01-08T21:01:00Z,ERIS,exact,
2024-01-08,,ERIS-YIW,86.5053,price_points,2024-01-08T21:00:00Z,2024-01-08T21:01:00Z,ERIS,exact,
2024-01-08,,YAHOO-CONTINUOUS-ZF,108.203125,price_points,2024-01-08T21:00:00Z,2024-01-08T21:01:00Z,YAHOO,proxy,continuous futures proxy
2024-01-08,,YAHOO-CONTINUOUS-ZT,102.7421875,price_points,2024-01-08T21:00:00Z,2024-01-08T21:01:00Z,YAHOO,proxy,continuous futures proxy
2024-01-09,,ERIS-YIT,92.40590000000002,price_points,2024-01-09T21:00:00Z,2024-01-09T21:01:00Z,ERIS,exact,
2024-01-09,,ERIS-YIW,86.4252,price_points,2024-01-09T21:00:00Z,2024-01-09T21:01:00Z,ERIS,exact,
2024-01-09,,YAHOO-CONTINUOUS-ZF,108.109375,price_points,2024-01-09T21:00:00Z,2024-01-09T21:01:00Z,YAHOO,proxy,continuous futures proxy
2024-01-09,,YAHOO-CONTINUOUS-ZT,102.68359375,price_points,2024-01-09T21:00:00Z,2024-01-09T21:01:00Z,YAHOO,proxy,continuous futures proxy
2024-01-10,,ERIS-YIT,92.42300000000002,price_points,2024-01-10T21:00:00Z,2024-01-10T21:01:00Z,ERIS,exact,
2024-01-10,,ERIS-YIW,86.4296,price_points,2024-01-10T21:00:00Z,2024-01-10T21:01:00Z,ERIS,exact,
2024-01-10,,YAHOO-CONTINUOUS-ZF,108.09375,price_points,2024-01-10T21:00:00Z,2024-01-10T21:01:00Z,YAHOO,proxy,continuous futures proxy
2024-01-10,,YAHOO-CONTINUOUS-ZT,102.6875,price_points,2024-01-10T21:00:00Z,2024-01-10T21:01:00Z,YAHOO,proxy,continuous futures proxy
2024-01-11,,ERIS-YIT,92.61300000000001,price_points,2024-01-11T21:00:00Z,2024-01-11T21:01:00Z,ERIS,exact,
2024-01-11,,ERIS-YIW,86.7954,price_points,2024-01-11T21:00:00Z,2024-01-11T21:01:00Z,ERIS,exact,
2024-01-11,,YAHOO-CONTINUOUS-ZF,108.4921875,price_points,2024-01-11T21:00:00Z,2024-01-11T21:01:00Z,YAHOO,proxy,continuous futures proxy
2024-01-11,,YAHOO-CONTINUOUS-ZT,102.90234375,price_points,2024-01-11T21:00:00Z,2024-01-11T21:01:00Z,YAHOO,proxy,continuous futures proxy
2024-01-12,,ERIS-YIT,92.82070000000002,price_points,2024-01-12T21:00:00Z,2024-01-12T21:01:00Z,ERIS,exact,
2024-01-12,,ERIS-YIW,87.06,price_points,2024-01-12T21:00:00Z,2024-01-12T21:01:00Z,ERIS,exact,
2024-01-12,,YAHOO-CONTINUOUS-ZF,108.7734375,price_points,2024-01-12T21:00:00Z,2024-01-12T21:01:00Z,YAHOO,proxy,continuous futures proxy
2024-01-12,,YAHOO-CONTINUOUS-ZT,103.1171875,price_points,2024-01-12T21:00:00Z,2024-01-12T21:01:00Z,YAHOO,proxy,continuous futures proxy
2024-01-16,,ERIS-YIT,92.65150000000001,price_points,2024-01-16T21:00:00Z,2024-01-16T21:01:00Z,ERIS,exact,
2024-01-16,,ERIS-YIW,86.5897,price_points,2024-01-16T21:00:00Z,2024-01-16T21:01:00Z,ERIS,exact,
2024-01-16,,YAHOO-CONTINUOUS-ZF,108.3046875,price_points,2024-01-16T21:00:00Z,2024-01-16T21:01:00Z,YAHOO,proxy,continuous futures proxy
2024-01-16,,YAHOO-CONTINUOUS-ZT,102.9453125,price_points,2024-01-16T21:00:00Z,2024-01-16T21:01:00Z,YAHOO,proxy,continuous futures proxy
2024-01-17,,ERIS-YIT,92.40820000000002,price_points,2024-01-17T21:00:00Z,2024-01-17T21:01:00Z,ERIS,exact,
2024-01-17,,ERIS-YIW,86.1924,price_points,2024-01-17T21:00:00Z,2024-01-17T21:01:00Z,ERIS,exact,
2024-01-17,,YAHOO-CONTINUOUS-ZF,107.8984375,price_points,2024-01-17T21:00:00Z,2024-01-17T21:01:00Z,YAHOO,proxy,continuous futures proxy
2024-01-17,,YAHOO-CONTINUOUS-ZT,102.68359375,price_points,2024-01-17T21:00:00Z,2024-01-17T21:01:00Z,YAHOO,proxy,continuous futures proxy
2024-01-18,,ERIS-YIT,92.40400000000002,price_points,2024-01-18T21:00:00Z,2024-01-18T21:01:00Z,ERIS,exact,
2024-01-18,,ERIS-YIW,86.0737,price_points,2024-01-18T21:00:00Z,2024-01-18T21:01:00Z,ERIS,exact,
2024-01-18,,YAHOO-CONTINUOUS-ZF,107.8046875,price_points,2024-01-18T21:00:00Z,2024-01-18T21:01:00Z,YAHOO,proxy,continuous futures proxy
2024-01-18,,YAHOO-CONTINUOUS-ZT,102.68359375,price_points,2024-01-18T21:00:00Z,2024-01-18T21:01:00Z,YAHOO,proxy,continuous futures proxy
2024-01-19,,ERIS-YIT,92.29110000000001,price_points,2024-01-19T21:00:00Z,2024-01-19T21:01:00Z,ERIS,exact,
2024-01-19,,ERIS-YIW,85.9156,price_points,2024-01-19T21:00:00Z,2024-01-19T21:01:00Z,ERIS,exact,
2024-01-19,,YAHOO-CONTINUOUS-ZF,107.6796875,price_points,2024-01-19T21:00:00Z,2024-01-19T21:01:00Z,YAHOO,proxy,continuous futures proxy
2024-01-19,,YAHOO-CONTINUOUS-ZT,102.57421875,price_points,2024-01-19T21:00:00Z,2024-01-19T21:01:00Z,YAHOO,proxy,continuous futures proxy
2024-01-22,,ERIS-YIT,92.33370000000002,price_points,2024-01-22T21:00:00Z,2024-01-22T21:01:00Z,ERIS,exact,
2024-01-22,,ERIS-YIW,86.1256,price_points,2024-01-22T21:00:00Z,2024-01-22T21:01:00Z,ERIS,exact,
2024-01-22,,YAHOO-CONTINUOUS-ZF,107.8984375,price_points,2024-01-22T21:00:00Z,2024-01-22T21:01:00Z,YAHOO,proxy,continuous futures proxy
2024-01-22,,YAHOO-CONTINUOUS-ZT,102.6328125,price_points,2024-01-22T21:00:00Z,2024-01-22T21:01:00Z,YAHOO,proxy,continuous futures proxy
2024-01-23,,ERIS-YIT,92.32520000000002,price_points,2024-01-23T21:00:00Z,2024-01-23T21:01:00Z,ERIS,exact,
2024-01-23,,ERIS-YIW,86.0072,price_points,2024-01-23T21:00:00Z,2024-01-23T21:01:00Z,ERIS,exact,
2024-01-23,,YAHOO-CONTINUOUS-ZF,107.7578125,price_points,2024-01-23T21:00:00Z,2024-01-23T21:01:00Z,YAHOO,proxy,continuous futures proxy
2024-01-23,,YAHOO-CONTINUOUS-ZT,102.61328125,price_points,2024-01-23T21:00:00Z,2024-01-23T21:01:00Z,YAHOO,proxy,continuous futures proxy
2024-01-24,,ERIS-YIT,92.28620000000002,price_points,2024-01-24T21:00:00Z,2024-01-24T21:01:00Z,ERIS,exact,
2024-01-24,,ERIS-YIW,85.861,price_points,2024-01-24T21:00:00Z,2024-01-24T21:01:00Z,ERIS,exact,
2024-01-24,,YAHOO-CONTINUOUS-ZF,107.6015625,price_points,2024-01-24T21:00:00Z,2024-01-24T21:01:00Z,YAHOO,proxy,continuous futures proxy
2024-01-24,,YAHOO-CONTINUOUS-ZT,102.55859375,price_points,2024-01-24T21:00:00Z,2024-01-24T21:01:00Z,YAHOO,proxy,continuous futures proxy
2024-01-25,,ERIS-YIT,92.40210000000002,price_points,2024-01-25T21:00:00Z,2024-01-25T21:01:00Z,ERIS,exact,
2024-01-25,,ERIS-YIW,86.0994,price_points,2024-01-25T21:00:00Z,2024-01-25T21:01:00Z,ERIS,exact,
2024-01-25,,YAHOO-CONTINUOUS-ZF,107.84375,price_points,2024-01-25T21:00:00Z,2024-01-25T21:01:00Z,YAHOO,proxy,continuous futures proxy
2024-01-25,,YAHOO-CONTINUOUS-ZT,102.68359375,price_points,2024-01-25T21:00:00Z,2024-01-25T21:01:00Z,YAHOO,proxy,continuous futures proxy
2024-01-26,,ERIS-YIT,92.29950000000002,price_points,2024-01-26T21:00:00Z,2024-01-26T21:01:00Z,ERIS,exact,
2024-01-26,,ERIS-YIW,85.9144,price_points,2024-01-26T21:00:00Z,2024-01-26T21:01:00Z,ERIS,exact,
2024-01-26,,YAHOO-CONTINUOUS-ZF,107.6484375,price_points,2024-01-26T21:00:00Z,2024-01-26T21:01:00Z,YAHOO,proxy,continuous futures proxy
2024-01-26,,YAHOO-CONTINUOUS-ZT,102.57421875,price_points,2024-01-26T21:00:00Z,2024-01-26T21:01:00Z,YAHOO,proxy,continuous futures proxy
2024-01-29,,ERIS-YIT,92.37570000000002,price_points,2024-01-29T21:00:00Z,2024-01-29T21:01:00Z,ERIS,exact,
2024-01-29,,ERIS-YIW,86.1925,price_points,2024-01-29T21:00:00Z,2024-01-29T21:01:00Z,ERIS,exact,
2024-01-29,,YAHOO-CONTINUOUS-ZF,107.9375,price_points,2024-01-29T21:00:00Z,2024-01-29T21:01:00Z,YAHOO,proxy,continuous futures proxy
2024-01-29,,YAHOO-CONTINUOUS-ZT,102.66015625,price_points,2024-01-29T21:00:00Z,2024-01-29T21:01:00Z,YAHOO,proxy,continuous futures proxy
2024-01-30,,ERIS-YIT,92.28350000000002,price_points,2024-01-30T21:00:00Z,2024-01-30T21:01:00Z,ERIS,exact,
2024-01-30,,ERIS-YIW,86.1303,price_points,2024-01-30T21:00:00Z,2024-01-30T21:01:00Z,ERIS,exact,
2024-01-30,,YAHOO-CONTINUOUS-ZF,107.8828125,price_points,2024-01-30T21:00:00Z,2024-01-30T21:01:00Z,YAHOO,proxy,continuous futures proxy
2024-01-30,,YAHOO-CONTINUOUS-ZT,102.5859375,price_points,2024-01-30T21:00:00Z,2024-01-30T21:01:00Z,YAHOO,proxy,continuous futures proxy
2024-01-31,,ERIS-YIT,92.52840000000002,price_points,2024-01-31T21:00:00Z,2024-01-31T21:01:00Z,ERIS,exact,
2024-01-31,,ERIS-YIW,86.6448,price_points,2024-01-31T21:00:00Z,2024-01-31T21:01:00Z,ERIS,exact,
2024-01-31,,YAHOO-CONTINUOUS-ZF,108.390625,price_points,2024-01-31T21:00:00Z,2024-01-31T21:01:00Z,YAHOO,proxy,continuous futures proxy
2024-01-31,,YAHOO-CONTINUOUS-ZT,102.828125,price_points,2024-01-31T21:00:00Z,2024-01-31T21:01:00Z,YAHOO,proxy,continuous futures proxy
2024-02-01,,ERIS-YIT,92.56260000000002,price_points,2024-02-01T21:00:00Z,2024-02-01T21:01:00Z,ERIS,exact,
2024-02-01,,ERIS-YIW,86.9335,price_points,2024-02-01T21:00:00Z,2024-02-01T21:01:00Z,ERIS,exact,
2024-02-01,,YAHOO-CONTINUOUS-ZF,108.703125,price_points,2024-02-01T21:00:00Z,2024-02-01T21:01:00Z,YAHOO,proxy,continuous futures proxy
2024-02-01,,YAHOO-CONTINUOUS-ZT,102.8828125,price_points,2024-02-01T21:00:00Z,2024-02-01T21:01:00Z,YAHOO,proxy,continuous futures proxy
2024-02-02,,ERIS-YIT,92.22130000000001,price_points,2024-02-02T21:00:00Z,2024-02-02T21:01:00Z,ERIS,exact,
2024-02-02,,ERIS-YIW,86.1133,price_points,2024-02-02T21:00:00Z,2024-02-02T21:01:00Z,ERIS,exact,
2024-02-02,,YAHOO-CONTINUOUS-ZF,107.8515625,price_points,2024-02-02T21:00:00Z,2024-02-02T21:01:00Z,YAHOO,proxy,continuous futures proxy
2024-02-02,,YAHOO-CONTINUOUS-ZT,102.53515625,price_points,2024-02-02T21:00:00Z,2024-02-02T21:01:00Z,YAHOO,proxy,continuous futures proxy
2024-02-05,,ERIS-YIT,92.04390000000002,price_points,2024-02-05T21:00:00Z,2024-02-05T21:01:00Z,ERIS,exact,
2024-02-05,,ERIS-YIW,85.5906,price_points,2024-02-05T21:00:00Z,2024-02-05T21:01:00Z,ERIS,exact,
2024-02-05,,YAHOO-CONTINUOUS-ZF,107.3125,price_points,2024-02-05T21:00:00Z,2024-02-05T21:01:00Z,YAHOO,proxy,continuous futures proxy
2024-02-05,,YAHOO-CONTINUOUS-ZT,102.34765625,price_points,2024-02-05T21:00:00Z,2024-02-05T21:01:00Z,YAHOO,proxy,continuous futures proxy
2024-02-06,,ERIS-YIT,92.15790000000003,price_points,2024-02-06T21:00:00Z,2024-02-06T21:01:00Z,ERIS,exact,
2024-02-06,,ERIS-YIW,85.94069999999999,price_points,2024-02-06T21:00:00Z,2024-02-06T21:01:00Z,ERIS,exact,
2024-02-06,,YAHOO-CONTINUOUS-ZF,107.640625,price_points,2024-02-06T21:00:00Z,2024-02-06T21:01:00Z,YAHOO,proxy,continuous futures proxy
2024-02-06,,YAHOO-CONTINUOUS-ZT,102.4609375,price_points,2024-02-06T21:00:00Z,2024-02-06T21:01:00Z,YAHOO,proxy,continuous futures proxy
2024-02-07,,ERIS-YIT,92.13320000000002,price_points,2024-02-07T21:00:00Z,2024-02-07T21:01:00Z,ERIS,exact,
2024-02-07,,ERIS-YIW,85.8479,price_points,2024-02-07T21:00:00Z,2024-02-07T21:01:00Z,ERIS,exact,
2024-02-07,,YAHOO-CONTINUOUS-ZF,107.5625,price_points,2024-02-07T21:00:00Z,2024-02-07T21:01:00Z,YAHOO,proxy,continuous futures proxy
2024-02-07,,YAHOO-CONTINUOUS-ZT,102.43359375,price_points,2024-02-07T21:00:00Z,2024-02-07T21:01:00Z,YAHOO,proxy,continuous futures proxy
2024-02-08,,ERIS-YIT,92.06500000000003,price_points,2024-02-08T21:00:00Z,2024-02-08T21:01:00Z,ERIS,exact,
2024-02-08,,ERIS-YIW,85.5852,price_points,2024-02-08T21:00:00Z,2024-02-08T21:01:00Z,ERIS,exact,
2024-02-08,,YAHOO-CONTINUOUS-ZF,107.2890625,price_points,2024-02-08T21:00:00Z,2024-02-08T21:01:00Z,YAHOO,proxy,continuous futures proxy
2024-02-08,,YAHOO-CONTINUOUS-ZT,102.359375,price_points,2024-02-08T21:00:00Z,2024-02-08T21:01:00Z,YAHOO,proxy,continuous futures proxy
2024-02-09,,ERIS-YIT,91.99680000000002,price_points,2024-02-09T21:00:00Z,2024-02-09T21:01:00Z,ERIS,exact,
2024-02-09,,ERIS-YIW,85.4498,price_points,2024-02-09T21:00:00Z,2024-02-09T21:01:00Z,ERIS,exact,
2024-02-09,,YAHOO-CONTINUOUS-ZF,107.1484375,price_points,2024-02-09T21:00:00Z,2024-02-09T21:01:00Z,YAHOO,proxy,continuous futures proxy
2024-02-09,,YAHOO-CONTINUOUS-ZT,102.28515625,price_points,2024-02-09T21:00:00Z,2024-02-09T21:01:00Z,YAHOO,proxy,continuous futures proxy
2024-02-12,,ERIS-YIT,92.01200000000001,price_points,2024-02-12T21:00:00Z,2024-02-12T21:01:00Z,ERIS,exact,
2024-02-12,,ERIS-YIW,85.5412,price_points,2024-02-12T21:00:00Z,2024-02-12T21:01:00Z,ERIS,exact,
2024-02-12,,YAHOO-CONTINUOUS-ZF,107.25,price_points,2024-02-12T21:00:00Z,2024-02-12T21:01:00Z,YAHOO,proxy,continuous futures proxy
2024-02-12,,YAHOO-CONTINUOUS-ZT,102.3046875,price_points,2024-02-12T21:00:00Z,2024-02-12T21:01:00Z,YAHOO,proxy,continuous futures proxy
2024-02-13,,ERIS-YIT,91.66640000000002,price_points,2024-02-13T21:00:00Z,2024-02-13T21:01:00Z,ERIS,exact,
2024-02-13,,ERIS-YIW,84.7331,price_points,2024-02-13T21:00:00Z,2024-02-13T21:01:00Z,ERIS,exact,
2024-02-13,,YAHOO-CONTINUOUS-ZF,106.4296875,price_points,2024-02-13T21:00:00Z,2024-02-13T21:01:00Z,YAHOO,proxy,continuous futures proxy
2024-02-13,,YAHOO-CONTINUOUS-ZT,101.93359375,price_points,2024-02-13T21:00:00Z,2024-02-13T21:01:00Z,YAHOO,proxy,continuous futures proxy
2024-02-14,,ERIS-YIT,91.78130000000002,price_points,2024-02-14T21:00:00Z,2024-02-14T21:01:00Z,ERIS,exact,
2024-02-14,,ERIS-YIW,84.9996,price_points,2024-02-14T21:00:00Z,2024-02-14T21:01:00Z,ERIS,exact,
2024-02-14,,YAHOO-CONTINUOUS-ZF,106.7265625,price_points,2024-02-14T21:00:00Z,2024-02-14T21:01:00Z,YAHOO,proxy,continuous futures proxy
2024-02-14,,YAHOO-CONTINUOUS-ZT,102.0703125,price_points,2024-02-14T21:00:00Z,2024-02-14T21:01:00Z,YAHOO,proxy,continuous futures proxy
2024-02-15,,ERIS-YIT,91.79440000000002,price_points,2024-02-15T21:00:00Z,2024-02-15T21:01:00Z,ERIS,exact,
2024-02-15,,ERIS-YIW,85.0828,price_points,2024-02-15T21:00:00Z,2024-02-15T21:01:00Z,ERIS,exact,
2024-02-15,,YAHOO-CONTINUOUS-ZF,106.84375,price_points,2024-02-15T21:00:00Z,2024-02-15T21:01:00Z,YAHOO,proxy,continuous futures proxy
2024-02-15,,YAHOO-CONTINUOUS-ZT,102.10546875,price_points,2024-02-15T21:00:00Z,2024-02-15T21:01:00Z,YAHOO,proxy,continuous futures proxy
2024-02-16,,ERIS-YIT,91.66790000000002,price_points,2024-02-16T21:00:00Z,2024-02-16T21:01:00Z,ERIS,exact,
2024-02-16,,ERIS-YIW,84.7918,price_points,2024-02-16T21:00:00Z,2024-02-16T21:01:00Z,ERIS,exact,
2024-02-16,,YAHOO-CONTINUOUS-ZF,106.515625,price_points,2024-02-16T21:00:00Z,2024-02-16T21:01:00Z,YAHOO,proxy,continuous futures proxy
2024-02-16,,YAHOO-CONTINUOUS-ZT,101.95703125,price_points,2024-02-16T21:00:00Z,2024-02-16T21:01:00Z,YAHOO,proxy,continuous futures proxy
2024-02-20,,ERIS-YIT,91.72030000000002,price_points,2024-02-20T21:00:00Z,2024-02-20T21:01:00Z,ERIS,exact,
2024-02-20,,ERIS-YIW,84.939,price_points,2024-02-20T21:00:00Z,2024-02-20T21:01:00Z,ERIS,exact,
2024-02-20,,YAHOO-CONTINUOUS-ZF,106.6796875,price_points,2024-02-20T21:00:00Z,2024-02-20T21:01:00Z,YAHOO,proxy,continuous futures proxy
2024-02-20,,YAHOO-CONTINUOUS-ZT,102.0390625,price_points,2024-02-20T21:00:00Z,2024-02-20T21:01:00Z,YAHOO,proxy,continuous futures proxy
2024-02-21,,ERIS-YIT,91.65210000000002,price_points,2024-02-21T21:00:00Z,2024-02-21T21:01:00Z,ERIS,exact,
2024-02-21,,ERIS-YIW,84.939,price_points,2024-02-21T21:00:00Z,2024-02-21T21:01:00Z,ERIS,exact,
2024-02-21,,YAHOO-CONTINUOUS-ZF,106.4609375,price_points,2024-02-21T21:00:00Z,2024-02-21T21:01:00Z,YAHOO,proxy,continuous futures proxy
2024-02-21,,YAHOO-CONTINUOUS-ZT,101.9609375,price_points,2024-02-21T21:00:00Z,2024-02-21T21:01:00Z,YAHOO,proxy,continuous futures proxy
2024-02-22,,ERIS-YIT,91.55190000000002,price_points,2024-02-22T21:00:00Z,2024-02-22T21:01:00Z,ERIS,exact,
2024-02-22,,ERIS-YIW,84.804,price_points,2024-02-22T21:00:00Z,2024-02-22T21:01:00Z,ERIS,exact,
2024-02-22,,YAHOO-CONTINUOUS-ZF,106.296875,price_points,2024-02-22T21:00:00Z,2024-02-22T21:01:00Z,YAHOO,proxy,continuous futures proxy
2024-02-22,,YAHOO-CONTINUOUS-ZT,101.84765625,price_points,2024-02-22T21:00:00Z,2024-02-22T21:01:00Z,YAHOO,proxy,continuous futures proxy
2024-02-23,,ERIS-YIT,91.57510000000002,price_points,2024-02-23T21:00:00Z,2024-02-23T21:01:00Z,ERIS,exact,
2024-02-23,,ERIS-YIW,85.029,price_points,2024-02-23T21:00:00Z,2024-02-23T21:01:00Z,ERIS,exact,
2024-02-23,,YAHOO-CONTINUOUS-ZF,106.4765625,price_points,2024-02-23T21:00:00Z,2024-02-23T21:01:00Z,YAHOO,proxy,continuous futures proxy
2024-02-23,,YAHOO-CONTINUOUS-ZT,101.8828125,price_points,2024-02-23T21:00:00Z,2024-02-23T21:01:00Z,YAHOO,proxy,continuous futures proxy
2024-02-26,,ERIS-YIT,91.50040000000001,price_points,2024-02-26T21:00:00Z,2024-02-26T21:01:00Z,ERIS,exact,
2024-02-26,,ERIS-YIW,84.89399999999999,price_points,2024-02-26T21:00:00Z,2024-02-26T21:01:00Z,ERIS,exact,
2024-02-26,,YAHOO-CONTINUOUS-ZF,106.296875,price_points,2024-02-26T21:00:00Z,2024-02-26T21:01:00Z,YAHOO,proxy,continuous futures proxy
2024-02-26,,YAHOO-CONTINUOUS-ZT,101.796875,price_points,2024-02-26T21:00:00Z,2024-02-26T21:01:00Z,YAHOO,proxy,continuous futures proxy
2024-02-27,,ERIS-YIT,91.48710000000001,price_points,2024-02-27T21:00:00Z,2024-02-27T21:01:00Z,ERIS,exact,
2024-02-27,,ERIS-YIW,84.854,price_points,2024-02-27T21:00:00Z,2024-02-27T21:01:00Z,ERIS,exact,
2024-02-27,,YAHOO-CONTINUOUS-ZF,106.265625,price_points,2024-02-27T21:00:00Z,2024-02-27T21:01:00Z,YAHOO,proxy,continuous futures proxy
2024-02-27,,YAHOO-CONTINUOUS-ZT,101.77734375,price_points,2024-02-27T21:00:00Z,2024-02-27T21:01:00Z,YAHOO,proxy,continuous futures proxy
2024-02-28,,ERIS-YIT,91.58080000000002,price_points,2024-02-28T21:00:00Z,2024-02-28T21:01:00Z,ERIS,exact,
2024-02-28,,ERIS-YIW,85.039,price_points,2024-02-28T21:00:00Z,2024-02-28T21:01:00Z,ERIS,exact,
2024-02-28,,YAHOO-CONTINUOUS-ZF,106.4765625,price_points,2024-02-28T21:00:00Z,2024-02-28T21:01:00Z,YAHOO,proxy,continuous futures proxy
2024-02-28,,YAHOO-CONTINUOUS-ZT,101.8828125,price_points,2024-02-28T21:00:00Z,2024-02-28T21:01:00Z,YAHOO,proxy,continuous futures proxy
2024-02-29,,ERIS-YIT,91.56980000000001,price_points,2024-02-29T21:00:00Z,2024-02-29T21:01:00Z,ERIS,exact,
2024-02-29,,ERIS-YIW,85.04899999999999,price_points,2024-02-29T21:00:00Z,2024-02-29T21:01:00Z,ERIS,exact,
2024-02-29,,YAHOO-CONTINUOUS-ZF,106.5078125,price_points,2024-02-29T21:00:00Z,2024-02-29T21:01:00Z,YAHOO,proxy,continuous futures proxy
2024-02-29,,YAHOO-CONTINUOUS-ZT,101.9296875,price_points,2024-02-29T21:00:00Z,2024-02-29T21:01:00Z,YAHOO,proxy,continuous futures proxy
2024-03-01,,ERIS-YIT,91.71560000000002,price_points,2024-03-01T21:00:00Z,2024-03-01T21:01:00Z,ERIS,exact,
2024-03-01,,ERIS-YIW,85.439,price_points,2024-03-01T21:00:00Z,2024-03-01T21:01:00Z,ERIS,exact,
2024-03-01,,YAHOO-CONTINUOUS-ZF,106.9765625,price_points,2024-03-01T21:00:00Z,2024-03-01T21:01:00Z,YAHOO,proxy,continuous futures proxy
2024-03-01,,YAHOO-CONTINUOUS-ZT,102.1328125,price_points,2024-03-01T21:00:00Z,2024-03-01T21:01:00Z,YAHOO,proxy,continuous futures proxy
2024-03-04,,ERIS-YIT,91.60270000000001,price_points,2024-03-04T21:00:00Z,2024-03-04T21:01:00Z,ERIS,exact,
2024-03-04,,ERIS-YIW,85.229,price_points,2024-03-04T21:00:00Z,2024-03-04T21:01:00Z,ERIS,exact,
2024-03-04,,YAHOO-CONTINUOUS-ZF,106.7421875,price_points,2024-03-04T21:00:00Z,2024-03-04T21:01:00Z,YAHOO,proxy,continuous futures proxy
2024-03-04,,YAHOO-CONTINUOUS-ZT,102,price_points,2024-03-04T21:00:00Z,2024-03-04T21:01:00Z,YAHOO,proxy,continuous futures proxy
2024-03-05,,ERIS-YIT,91.68850000000002,price_points,2024-03-05T21:00:00Z,2024-03-05T21:01:00Z,ERIS,exact,
2024-03-05,,ERIS-YIW,85.559,price_points,2024-03-05T21:00:00Z,2024-03-05T21:01:00Z,ERIS,exact,
2024-03-05,,YAHOO-CONTINUOUS-ZF,107.0546875,price_points,2024-03-05T21:00:00Z,2024-03-05T21:01:00Z,YAHOO,proxy,continuous futures proxy
2024-03-05,,YAHOO-CONTINUOUS-ZT,102.10546875,price_points,2024-03-05T21:00:00Z,2024-03-05T21:01:00Z,YAHOO,proxy,continuous futures proxy
2024-03-06,,ERIS-YIT,91.68850000000002,price_points,2024-03-06T21:00:00Z,2024-03-06T21:01:00Z,ERIS,exact,
2024-03-06,,ERIS-YIW,85.619,price_points,2024-03-06T21:00:00Z,2024-03-06T21:01:00Z,ERIS,exact,
2024-03-06,,YAHOO-CONTINUOUS-ZF,107.09375,price_points,2024-03-06T21:00:00Z,2024-03-06T21:01:00Z,YAHOO,proxy,continuous futures proxy
2024-03-06,,YAHOO-CONTINUOUS-ZT,102.10546875,price_points,2024-03-06T21:00:00Z,2024-03-06T21:01:00Z,YAHOO,proxy,continuous futures proxy
2024-03-07,,ERIS-YIT,91.76970000000003,price_points,2024-03-07T21:00:00Z,2024-03-07T21:01:00Z,ERIS,exact,
2024-03-07,,ERIS-YIW,85.759,price_points,2024-03-07T21:00:00Z,2024-03-07T21:01:00Z,ERIS,exact,
2024-03-07,,YAHOO-CONTINUOUS-ZF,107.296875,price_points,2024-03-07T21:00:00Z,2024-03-07T21:01:00Z,YAHOO,proxy,continuous futures proxy
2024-03-07,,YAHOO-CONTINUOUS-ZT,102.23828125,price_points,2024-03-07T21:00:00Z,2024-03-07T21:01:00Z,YAHOO,proxy,continuous futures proxy
2024-03-08,,ERIS-YIT,91.81850000000003,price_points,2024-03-08T21:00:00Z,2024-03-08T21:01:00Z,ERIS,exact,
2024-03-08,,ERIS-YIW,85.83399999999999,price_points,2024-03-08T21:00:00Z,2024-03-08T21:01:00Z,ERIS,exact,
2024-03-08,,YAHOO-CONTINUOUS-ZF,107.3828125,price_points,2024-03-08T21:00:00Z,2024-03-08T21:01:00Z,YAHOO,proxy,continuous futures proxy
2024-03-08,,YAHOO-CONTINUOUS-ZT,102.28125,price_points,2024-03-08T21:00:00Z,2024-03-08T21:01:00Z,YAHOO,proxy,continuous futures proxy
2024-03-11,,ERIS-YIT,91.75220000000003,price_points,2024-03-11T21:00:00Z,2024-03-11T21:01:00Z,ERIS,exact,
2024-03-11,,ERIS-YIW,85.72399999999999,price_points,2024-03-11T21:00:00Z,2024-03-11T21:01:00Z,ERIS,exact,
2024-03-11,,YAHOO-CONTINUOUS-ZF,107.2734375,price_points,2024-03-11T21:00:00Z,2024-03-11T21:01:00Z,YAHOO,proxy,continuous futures proxy
2024-03-11,,YAHOO-CONTINUOUS-ZT,102.19921875,price_points,2024-03-11T21:00:00Z,2024-03-11T21:01:00Z,YAHOO,proxy,continuous futures proxy
2024-03-12,,ERIS-YIT,91.62850000000003,price_points,2024-03-12T21:00:00Z,2024-03-12T21:01:00Z,ERIS,exact,
2024-03-12,,ERIS-YIW,85.429,price_points,2024-03-12T21:00:00Z,2024-03-12T21:01:00Z,ERIS,exact,
2024-03-12,,YAHOO-CONTINUOUS-ZF,106.96875,price_points,2024-03-12T21:00:00Z,2024-03-12T21:01:00Z,YAHOO,proxy,continuous futures proxy
2024-03-12,,YAHOO-CONTINUOUS-ZT,102.08203125,price_points,2024-03-12T21:00:00Z,2024-03-12T21:01:00Z,YAHOO,proxy,continuous futures proxy
2024-03-13,,ERIS-YIT,91.57220000000002,price_points,2024-03-13T21:00:00Z,2024-03-13T21:01:00Z,ERIS,exact,
2024-03-13,,ERIS-YIW,85.314,price_points,2024-03-13T21:00:00Z,2024-03-13T21:01:00Z,ERIS,exact,
2024-03-13,,YAHOO-CONTINUOUS-ZF,106.8125,price_points,2024-03-13T21:00:00Z,2024-03-13T21:01:00Z,YAHOO,proxy,continuous futures proxy
2024-03-13,,YAHOO-CONTINUOUS-ZT,102.07421875,price_points,2024-03-13T21:00:00Z,2024-03-13T21:01:00Z,YAHOO,proxy,continuous futures proxy
2024-03-14,,ERIS-YIT,91.42350000000002,price_points,2024-03-14T21:00:00Z,2024-03-14T21:01:00Z,ERIS,exact,
2024-03-14,,ERIS-YIW,84.79899999999999,price_points,2024-03-14T21:00:00Z,2024-03-14T21:01:00Z,ERIS,exact,
2024-03-14,,YAHOO-CONTINUOUS-ZF,106.390625,price_points,2024-03-14T21:00:00Z,2024-03-14T21:01:00Z,YAHOO,proxy,continuous futures proxy
2024-03-14,,YAHOO-CONTINUOUS-ZT,102,price_points,2024-03-14T21:00:00Z,2024-03-14T21:01:00Z,YAHOO,proxy,continuous futures proxy
2024-03-15,,ERIS-YIT,91.35720000000002,price_points,2024-03-15T21:00:00Z,2024-03-15T21:01:00Z,ERIS,exact,
2024-03-15,,ERIS-YIW,84.65899999999999,price_points,2024-03-15T21:00:00Z,2024-03-15T21:01:00Z,ERIS,exact,
2024-03-15,,YAHOO-CONTINUOUS-ZF,106.3046875,price_points,2024-03-15T21:00:00Z,2024-03-15T21:01:00Z,YAHOO,proxy,continuous futures proxy
2024-03-15,,YAHOO-CONTINUOUS-ZT,101.94921875,price_points,2024-03-15T21:00:00Z,2024-03-15T21:01:00Z,YAHOO,proxy,continuous futures proxy
2024-03-18,,ERIS-YIT,91.31790000000002,price_points,2024-03-18T21:00:00Z,2024-03-18T21:01:00Z,ERIS,exact,
2024-03-18,,ERIS-YIW,84.5165,price_points,2024-03-18T21:00:00Z,2024-03-18T21:01:00Z,ERIS,exact,
2024-03-18,,YAHOO-CONTINUOUS-ZF,106.171875,price_points,2024-03-18T21:00:00Z,2024-03-18T21:01:00Z,YAHOO,proxy,continuous futures proxy
2024-03-18,,YAHOO-CONTINUOUS-ZT,101.96484375,price_points,2024-03-18T21:00:00Z,2024-03-18T21:01:00Z,YAHOO,proxy,continuous futures proxy
2024-03-19,,ERIS-YIT,91.38760000000002,price_points,2024-03-19T21:00:00Z,2024-03-19T21:01:00Z,ERIS,exact,
2024-03-19,,ERIS-YIW,84.7342,price_points,2024-03-19T21:00:00Z,2024-03-19T21:01:00Z,ERIS,exact,
2024-03-19,,YAHOO-CONTINUOUS-ZF,106.3984375,price_points,2024-03-19T21:00:00Z,2024-03-19T21:01:00Z,YAHOO,proxy,continuous futures proxy
2024-03-19,,YAHOO-CONTINUOUS-ZT,102.0703125,price_points,2024-03-19T21:00:00Z,2024-03-19T21:01:00Z,YAHOO,proxy,continuous futures proxy
2024-03-20,,ERIS-YIT,91.53800000000003,price_points,2024-03-20T21:00:00Z,2024-03-20T21:01:00Z,ERIS,exact,
2024-03-20,,ERIS-YIW,84.939,price_points,2024-03-20T21:00:00Z,2024-03-20T21:01:00Z,ERIS,exact,
2024-03-20,,YAHOO-CONTINUOUS-ZF,106.7109375,price_points,2024-03-20T21:00:00Z,2024-03-20T21:01:00Z,YAHOO,proxy,continuous futures proxy
2024-03-20,,YAHOO-CONTINUOUS-ZT,102.24609375,price_points,2024-03-20T21:00:00Z,2024-03-20T21:01:00Z,YAHOO,proxy,continuous futures proxy
2024-03-21,,ERIS-YIT,91.50090000000003,price_points,2024-03-21T21:00:00Z,2024-03-21T21:01:00Z,ERIS,exact,
2024-03-21,,ERIS-YIW,84.9039,price_points,2024-03-21T21:00:00Z,2024-03-21T21:01:00Z,ERIS,exact,
2024-03-21,,YAHOO-CONTINUOUS-ZF,106.6875,price_points,2024-03-21T21:00:00Z,2024-03-21T21:01:00Z,YAHOO,proxy,continuous futures proxy
2024-03-21,,YAHOO-CONTINUOUS-ZT,102.2109375,price_points,2024-03-21T21:00:00Z,2024-03-21T21:01:00Z,YAHOO,proxy,continuous futures proxy
2024-03-22,,ERIS-YIT,91.55970000000002,price_points,2024-03-22T21:00:00Z,2024-03-22T21:01:00Z,ERIS,exact,
2024-03-22,,ERIS-YIW,85.12769999999999,price_points,2024-03-22T21:00:00Z,2024-03-22T21:01:00Z,ERIS,exact,
2024-03-22,,YAHOO-CONTINUOUS-ZF,106.859375,price_points,2024-03-22T21:00:00Z,2024-03-22T21:01:00Z,YAHOO,proxy,continuous futures proxy
2024-03-22,,YAHOO-CONTINUOUS-ZT,102.26953125,price_points,2024-03-22T21:00:00Z,2024-03-22T21:01:00Z,YAHOO,proxy,continuous futures proxy
2024-03-25,,ERIS-YIT,91.49880000000003,price_points,2024-03-25T21:00:00Z,2024-03-25T21:01:00Z,ERIS,exact,
2024-03-25,,ERIS-YIW,84.95469999999999,price_points,2024-03-25T21:00:00Z,2024-03-25T21:01:00Z,ERIS,exact,
2024-03-25,,YAHOO-CONTINUOUS-ZF,106.75,price_points,2024-03-25T21:00:00Z,2024-03-25T21:01:00Z,YAHOO,proxy,continuous futures proxy
2024-03-25,,YAHOO-CONTINUOUS-ZT,102.21484375,price_points,2024-03-25T21:00:00Z,2024-03-25T21:01:00Z,YAHOO,proxy,continuous futures proxy
2024-03-26,,ERIS-YIT,91.48920000000003,price_points,2024-03-26T21:00:00Z,2024-03-26T21:01:00Z,ERIS,exact,
2024-03-26,,ERIS-YIW,85.0008,price_points,2024-03-26T21:00:00Z,2024-03-26T21:01:00Z,ERIS,exact,
2024-03-26,,YAHOO-CONTINUOUS-ZF,106.8984375,price_points,2024-03-26T21:00:00Z,2024-03-26T21:01:00Z,YAHOO,proxy,continuous futures proxy
2024-03-26,,YAHOO-CONTINUOUS-ZT,102.19921875,price_points,2024-03-26T21:00:00Z,2024-03-26T21:01:00Z,YAHOO,proxy,continuous futures proxy
2024-03-27,,ERIS-YIT,91.53230000000002,price_points,2024-03-27T21:00:00Z,2024-03-27T21:01:00Z,ERIS,exact,
2024-03-27,,ERIS-YIW,85.1502,price_points,2024-03-27T21:00:00Z,2024-03-27T21:01:00Z,ERIS,exact,
2024-03-27,,YAHOO-CONTINUOUS-ZF,107.046875,price_points,2024-03-27T21:00:00Z,2024-03-27T21:01:00Z,YAHOO,proxy,continuous futures proxy
2024-03-27,,YAHOO-CONTINUOUS-ZT,102.2265625,price_points,2024-03-27T21:00:00Z,2024-03-27T21:01:00Z,YAHOO,proxy,continuous futures proxy
2024-03-28,,ERIS-YIT,91.44600000000003,price_points,2024-03-28T21:00:00Z,2024-03-28T21:01:00Z,ERIS,exact,
2024-03-28,,ERIS-YIW,85.077,price_points,2024-03-28T21:00:00Z,2024-03-28T21:01:00Z,ERIS,exact,
2024-03-28,,YAHOO-CONTINUOUS-ZF,107.203125,price_points,2024-03-28T21:00:00Z,2024-03-28T21:01:00Z,YAHOO,proxy,continuous futures proxy
2024-03-28,,YAHOO-CONTINUOUS-ZT,102.125,price_points,2024-03-28T21:00:00Z,2024-03-28T21:01:00Z,YAHOO,proxy,continuous futures proxy
2024-04-01,,ERIS-YIT,91.27070000000002,price_points,2024-04-01T21:00:00Z,2024-04-01T21:01:00Z,ERIS,exact,
2024-04-01,,ERIS-YIW,84.5038,price_points,2024-04-01T21:00:00Z,2024-04-01T21:01:00Z,ERIS,exact,
2024-04-01,,YAHOO-CONTINUOUS-ZF,106.4609375,price_points,2024-04-01T21:00:00Z,2024-04-01T21:01:00Z,YAHOO,proxy,continuous futures proxy
2024-04-01,,YAHOO-CONTINUOUS-ZT,102.05078125,price_points,2024-04-01T21:00:00Z,2024-04-01T21:01:00Z,YAHOO,proxy,continuous futures proxy
2024-04-02,,ERIS-YIT,91.29840000000003,price_points,2024-04-02T21:00:00Z,2024-04-02T21:01:00Z,ERIS,exact,
2024-04-02,,ERIS-YIW,84.4476,price_points,2024-04-02T21:00:00Z,2024-04-02T21:01:00Z,ERIS,exact,
2024-04-02,,YAHOO-CONTINUOUS-ZF,106.421875,price_points,2024-04-02T21:00:00Z,2024-04-02T21:01:00Z,YAHOO,proxy,continuous futures proxy
2024-04-02,,YAHOO-CONTINUOUS-ZT,102.08203125,price_points,2024-04-02T21:00:00Z,2024-04-02T21:01:00Z,YAHOO,proxy,continuous futures proxy
2024-04-03,,ERIS-YIT,91.32980000000002,price_points,2024-04-03T21:00:00Z,2024-04-03T21:01:00Z,ERIS,exact,
2024-04-03,,ERIS-YIW,84.51939999999999,price_points,2024-04-03T21:00:00Z,2024-04-03T21:01:00Z,ERIS,exact,
2024-04-03,,YAHOO-CONTINUOUS-ZF,106.484375,price_points,2024-04-03T21:00:00Z,2024-04-03T21:01:00Z,YAHOO,proxy,continuous futures proxy
2024-04-03,,YAHOO-CONTINUOUS-ZT,102.125,price_points,2024-04-03T21:00:00Z,2024-04-03T21:01:00Z,YAHOO,proxy,continuous futures proxy
2024-04-04,,ERIS-YIT,91.39200000000002,price_points,2024-04-04T21:00:00Z,2024-04-04T21:01:00Z,ERIS,exact,
2024-04-04,,ERIS-YIW,84.6955,price_points,2024-04-04T21:00:00Z,2024-04-04T21:01:00Z,ERIS,exact,
2024-04-04,,YAHOO-CONTINUOUS-ZF,106.671875,price_points,2024-04-04T21:00:00Z,2024-04-04T21:01:00Z,YAHOO,proxy,continuous futures proxy
2024-04-04,,YAHOO-CONTINUOUS-ZT,102.1953125,price_points,2024-04-04T21:00:00Z,2024-04-04T21:01:00Z,YAHOO,proxy,continuous futures proxy
2024-04-05,,ERIS-YIT,91.23460000000003,price_points,2024-04-05T21:00:00Z,2024-04-05T21:01:00Z,ERIS,exact,
2024-04-05,,ERIS-YIW,84.3493,price_points,2024-04-05T21:00:00Z,2024-04-05T21:01:00Z,ERIS,exact,
2024-04-05,,YAHOO-CONTINUOUS-ZF,106.328125,price_points,2024-04-05T21:00:00Z,2024-04-05T21:01:00Z,YAHOO,proxy,continuous futures proxy
2024-04-05,,YAHOO-CONTINUOUS-ZT,102.015625,price_points,2024-04-05T21:00:00Z,2024-04-05T21:01:00Z,YAHOO,proxy,continuous futures proxy
2024-04-08,,ERIS-YIT,91.13050000000003,price_points,2024-04-08T21:00:00Z,2024-04-08T21:01:00Z,ERIS,exact,
2024-04-08,,ERIS-YIW,84.0543,price_points,2024-04-08T21:00:00Z,2024-04-08T21:01:00Z,ERIS,exact,
2024-04-08,,YAHOO-CONTINUOUS-ZF,106.03125,price_points,2024-04-08T21:00:00Z,2024-04-08T21:01:00Z,YAHOO,proxy,continuous futures proxy
2024-04-08,,YAHOO-CONTINUOUS-ZT,101.90234375,price_points,2024-04-08T21:00:00Z,2024-04-08T21:01:00Z,YAHOO,proxy,continuous futures proxy
2024-04-09,,ERIS-YIT,91.20040000000003,price_points,2024-04-09T21:00:00Z,2024-04-09T21:01:00Z,ERIS,exact,
2024-04-09,,ERIS-YIW,84.2906,price_points,2024-04-09T21:00:00Z,2024-04-09T21:01:00Z,ERIS,exact,
2024-04-09,,YAHOO-CONTINUOUS-ZF,106.265625,price_points,2024-04-09T21:00:00Z,2024-04-09T21:01:00Z,YAHOO,proxy,continuous futures proxy
2024-04-09,,YAHOO-CONTINUOUS-ZT,101.984375,price_points,2024-04-09T21:00:00Z,2024-04-09T21:01:00Z,YAHOO,proxy,continuous futures proxy
2024-04-10,,ERIS-YIT,90.77560000000003,price_points,2024-04-10T21:00:00Z,2024-04-10T21:01:00Z,ERIS,exact,
2024-04-10,,ERIS-YIW,83.2546,price_points,2024-04-10T21:00:00Z,2024-04-10T21:01:00Z,ERIS,exact,
2024-04-10,,YAHOO-CONTINUOUS-ZF,105.2265625,price_points,2024-04-10T21:00:00Z,2024-04-10T21:01:00Z,YAHOO,proxy,continuous futures proxy
2024-04-10,,YAHOO-CONTINUOUS-ZT,101.53125,price_points,2024-04-10T21:00:00Z,2024-04-10T21:01:00Z,YAHOO,proxy,continuous futures proxy
2024-04-11,,ERIS-YIT,90.78090000000003,price_points,2024-04-11T21:00:00Z,2024-04-11T21:01:00Z,ERIS,exact,
2024-04-11,,ERIS-YIW,83.19969999999999,price_points,2024-04-11T21:00:00Z,2024-04-11T21:01:00Z,ERIS,exact,
2024-04-11,,YAHOO-CONTINUOUS-ZF,105.203125,price_points,2024-04-11T21:00:00Z,2024-04-11T21:01:00Z,YAHOO,proxy,continuous futures proxy
2024-04-11,,YAHOO-CONTINUOUS-ZT,101.54296875,price_points,2024-04-11T21:00:00Z,2024-04-11T21:01:00Z,YAHOO,proxy,continuous futures proxy
2024-04-12,,ERIS-YIT,90.90430000000002,price_points,2024-04-12T21:00:00Z,2024-04-12T21:01:00Z,ERIS,exact,
2024-04-12,,ERIS-YIW,83.5951,price_points,2024-04-12T21:00:00Z,2024-04-12T21:01:00Z,ERIS,exact,
2024-04-12,,YAHOO-CONTINUOUS-ZF,105.5703125,price_points,2024-04-12T21:00:00Z,2024-04-12T21:01:00Z,YAHOO,proxy,continuous futures proxy
2024-04-12,,YAHOO-CONTINUOUS-ZT,101.6875,price_points,2024-04-12T21:00:00Z,2024-04-12T21:01:00Z,YAHOO,proxy,continuous futures proxy
2024-04-15,,ERIS-YIT,90.80390000000003,price_points,2024-04-15T21:00:00Z,2024-04-15T21:01:00Z,ERIS,exact,
2024-04-15,,ERIS-YIW,83.14739999999999,price_points,2024-04-15T21:00:00Z,2024-04-15T21:01:00Z,ERIS,exact,
2024-04-15,,YAHOO-CONTINUOUS-ZF,105.140625,price_points,2024-04-15T21:00:00Z,2024-04-15T21:01:00Z,YAHOO,proxy,continuous futures proxy
2024-04-15,,YAHOO-CONTINUOUS-ZT,101.5859375,price_points,2024-04-15T21:00:00Z,2024-04-15T21:01:00Z,YAHOO,proxy,continuous futures proxy
2024-04-16,,ERIS-YIT,90.76340000000002,price_points,2024-04-16T21:00:00Z,2024-04-16T21:01:00Z,ERIS,exact,
2024-04-16,,ERIS-YIW,82.99499999999999,price_points,2024-04-16T21:00:00Z,2024-04-16T21:01:00Z,ERIS,exact,
2024-04-16,,YAHOO-CONTINUOUS-ZF,104.9765625,price_points,2024-04-16T21:00:00Z,2024-04-16T21:01:00Z,YAHOO,proxy,continuous futures proxy
2024-04-16,,YAHOO-CONTINUOUS-ZT,101.53515625,price_points,2024-04-16T21:00:00Z,2024-04-16T21:01:00Z,YAHOO,proxy,continuous futures proxy
2024-04-17,,ERIS-YIT,90.82500000000003,price_points,2024-04-17T21:00:00Z,2024-04-17T21:01:00Z,ERIS,exact,
2024-04-17,,ERIS-YIW,83.2597,price_points,2024-04-17T21:00:00Z,2024-04-17T21:01:00Z,ERIS,exact,
2024-04-17,,YAHOO-CONTINUOUS-ZF,105.2421875,price_points,2024-04-17T21:00:00Z,2024-04-17T21:01:00Z,YAHOO,proxy,continuous futures proxy
2024-04-17,,YAHOO-CONTINUOUS-ZT,101.59375,price_points,2024-04-17T21:00:00Z,2024-04-17T21:01:00Z,YAHOO,proxy,continuous futures proxy
2024-04-18,,ERIS-YIT,90.71940000000002,price_points,2024-04-18T21:00:00Z,2024-04-18T21:01:00Z,ERIS,exact,
2024-04-18,,ERIS-YIW,82.96159999999999,price_points,2024-04-18T21:00:00Z,2024-04-18T21:01:00Z,ERIS,exact,
2024-04-18,,YAHOO-CONTINUOUS-ZF,104.9453125,price_points,2024-04-18T21:00:00Z,2024-04-18T21:01:00Z,YAHOO,proxy,continuous futures proxy
2024-04-18,,YAHOO-CONTINUOUS-ZT,101.48046875,price_points,2024-04-18T21:00:00Z,2024-04-18T21:01:00Z,YAHOO,proxy,continuous futures proxy
2024-04-19,,ERIS-YIT,90.75900000000003,price_points,2024-04-19T21:00:00Z,2024-04-19T21:01:00Z,ERIS,exact,
2024-04-19,,ERIS-YIW,83.06859999999999,price_points,2024-04-19T21:00:00Z,2024-04-19T21:01:00Z,ERIS,exact,
2024-04-19,,YAHOO-CONTINUOUS-ZF,105.0625,price_points,2024-04-19T21:00:00Z,2024-04-19T21:01:00Z,YAHOO,proxy,continuous futures proxy
2024-04-19,,YAHOO-CONTINUOUS-ZT,101.5234375,price_points,2024-04-19T21:00:00Z,2024-04-19T21:01:00Z,YAHOO,proxy,continuous futures proxy
2024-04-22,,ERIS-YIT,90.75440000000002,price_points,2024-04-22T21:00:00Z,2024-04-22T21:01:00Z,ERIS,exact,
2024-04-22,,ERIS-YIW,83.04169999999999,price_points,2024-04-22T21:00:00Z,2024-04-22T21:01:00Z,ERIS,exact,
2024-04-22,,YAHOO-CONTINUOUS-ZF,105.046875,price_points,2024-04-22T21:00:00Z,2024-04-22T21:01:00Z,YAHOO,proxy,continuous futures proxy
2024-04-22,,YAHOO-CONTINUOUS-ZT,101.5234375,price_points,2024-04-22T21:00:00Z,2024-04-22T21:01:00Z,YAHOO,proxy,continuous futures proxy
2024-04-23,,ERIS-YIT,90.83320000000002,price_points,2024-04-23T21:00:00Z,2024-04-23T21:01:00Z,ERIS,exact,
2024-04-23,,ERIS-YIW,83.22099999999999,price_points,2024-04-23T21:00:00Z,2024-04-23T21:01:00Z,ERIS,exact,
2024-04-23,,YAHOO-CONTINUOUS-ZF,105.203125,price_points,2024-04-23T21:00:00Z,2024-04-23T21:01:00Z,YAHOO,proxy,continuous futures proxy
2024-04-23,,YAHOO-CONTINUOUS-ZT,101.6015625,price_points,2024-04-23T21:00:00Z,2024-04-23T21:01:00Z,YAHOO,proxy,continuous futures proxy
2024-04-24,,ERIS-YIT,90.77870000000003,price_points,2024-04-24T21:00:00Z,2024-04-24T21:01:00Z,ERIS,exact,
2024-04-24,,ERIS-YIW,82.9977,price_points,2024-04-24T21:00:00Z,2024-04-24T21:01:00Z,ERIS,exact,
2024-04-24,,YAHOO-CONTINUOUS-ZF,105.0390625,price_points,2024-04-24T21:00:00Z,2024-04-24T21:01:00Z,YAHOO,proxy,continuous futures proxy
2024-04-24,,YAHOO-CONTINUOUS-ZT,101.546875,price_points,2024-04-24T21:00:00Z,2024-04-24T21:01:00Z,YAHOO,proxy,continuous futures proxy
2024-04-25,,ERIS-YIT,90.65790000000003,price_points,2024-04-25T21:00:00Z,2024-04-25T21:01:00Z,ERIS,exact,
2024-04-25,,ERIS-YIW,82.72149999999999,price_points,2024-04-25T21:00:00Z,2024-04-25T21:01:00Z,ERIS,exact,
2024-04-25,,YAHOO-CONTINUOUS-ZF,104.7890625,price_points,2024-04-25T21:00:00Z,2024-04-25T21:01:00Z,YAHOO,proxy,continuous futures proxy
2024-04-25,,YAHOO-CONTINUOUS-ZT,101.42578125,price_points,2024-04-25T21:00:00Z,2024-04-25T21:01:00Z,YAHOO,proxy,continuous futures proxy
2024-04-26,,ERIS-YIT,90.65100000000002,price_points,2024-04-26T21:00:00Z,2024-04-26T21:01:00Z,ERIS,exact,
2024-04-26,,ERIS-YIW,82.8029,price_points,2024-04-26T21:00:00Z,2024-04-26T21:01:00Z,ERIS,exact,
2024-04-26,,YAHOO-CONTINUOUS-ZF,104.875,price_points,2024-04-26T21:00:00Z,2024-04-26T21:01:00Z,YAHOO,proxy,continuous futures proxy
2024-04-26,,YAHOO-CONTINUOUS-ZT,101.421875,price_points,2024-04-26T21:00:00Z,2024-04-26T21:01:00Z,YAHOO,proxy,continuous futures proxy
2024-04-29,,ERIS-YIT,90.69140000000003,price_points,2024-04-29T21:00:00Z,2024-04-29T21:01:00Z,ERIS,exact,
2024-04-29,,ERIS-YIW,83.0281,price_points,2024-04-29T21:00:00Z,2024-04-29T21:01:00Z,ERIS,exact,
2024-04-29,,YAHOO-CONTINUOUS-ZF,105.09375,price_points,2024-04-29T21:00:00Z,2024-04-29T21:01:00Z,YAHOO,proxy,continuous futures proxy
2024-04-29,,YAHOO-CONTINUOUS-ZT,101.46875,price_points,2024-04-29T21:00:00Z,2024-04-29T21:01:00Z,YAHOO,proxy,continuous futures proxy
2024-04-30,,ERIS-YIT,90.56640000000003,price_points,2024-04-30T21:00:00Z,2024-04-30T21:01:00Z,ERIS,exact,
2024-04-30,,ERIS-YIW,82.675,price_points,2024-04-30T21:00:00Z,2024-04-30T21:01:00Z,ERIS,exact,
2024-04-30,,YAHOO-CONTINUOUS-ZF,104.7421875,price_points,2024-04-30T21:00:00Z,2024-04-30T21:01:00Z,YAHOO,proxy,continuous futures proxy
2024-04-30,,YAHOO-CONTINUOUS-ZT,101.328125,price_points,2024-04-30T21:00:00Z,2024-04-30T21:01:00Z,YAHOO,proxy,continuous futures proxy
2024-05-01,,ERIS-YIT,90.71450000000003,price_points,2024-05-01T21:00:00Z,2024-05-01T21:01:00Z,ERIS,exact,
2024-05-01,,ERIS-YIW,83.1154,price_points,2024-05-01T21:00:00Z,2024-05-01T21:01:00Z,ERIS,exact,
2024-05-01,,YAHOO-CONTINUOUS-ZF,105.203125,price_points,2024-05-01T21:00:00Z,2024-05-01T21:01:00Z,YAHOO,proxy,continuous futures proxy
2024-05-01,,YAHOO-CONTINUOUS-ZT,101.51171875,price_points,2024-05-01T21:00:00Z,2024-05-01T21:01:00Z,YAHOO,proxy,continuous futures proxy
2024-05-02,,ERIS-YIT,90.82180000000002,price_points,2024-05-02T21:00:00Z,2024-05-02T21:01:00Z,ERIS,exact,
2024-05-02,,ERIS-YIW,83.3086,price_points,2024-05-02T21:00:00Z,2024-05-02T21:01:00Z,ERIS,exact,
2024-05-02,,YAHOO-CONTINUOUS-ZF,105.40625,price_points,2024-05-02T21:00:00Z,2024-05-02T21:01:00Z,YAHOO,proxy,continuous futures proxy
2024-05-02,,YAHOO-CONTINUOUS-ZT,101.625,price_points,2024-05-02T21:00:00Z,2024-05-02T21:01:00Z,YAHOO,proxy,continuous futures proxy
2024-05-03,,ERIS-YIT,90.95850000000003,price_points,2024-05-03T21:00:00Z,2024-05-03T21:01:00Z,ERIS,exact,
2024-05-03,,ERIS-YIW,83.68639999999999,price_points,2024-05-03T21:00:00Z,2024-05-03T21:01:00Z,ERIS,exact,
2024-05-03,,YAHOO-CONTINUOUS-ZF,105.7421875,price_points,2024-05-03T21:00:00Z,2024-05-03T21:01:00Z,YAHOO,proxy,continuous futures proxy
2024-05-03,,YAHOO-CONTINUOUS-ZT,101.7578125,price_points,2024-05-03T21:00:00Z,2024-05-03T21:01:00Z,YAHOO,proxy,continuous futures proxy
2024-05-06,,ERIS-YIT,90.93910000000002,price_points,2024-05-06T21:00:00Z,2024-05-06T21:01:00Z,ERIS,exact,
2024-05-06,,ERIS-YIW,83.70139999999999,price_points,2024-05-06T21:00:00Z,2024-05-06T21:01:00Z,ERIS,exact,
2024-05-06,,YAHOO-CONTINUOUS-ZF,105.734375,price_points,2024-05-06T21:00:00Z,2024-05-06T21:01:00Z,YAHOO,proxy,continuous futures proxy
2024-05-06,,YAHOO-CONTINUOUS-ZT,101.7265625,price_points,2024-05-06T21:00:00Z,2024-05-06T21:01:00Z,YAHOO,proxy,continuous futures proxy
2024-05-07,,ERIS-YIT,90.93130000000002,price_points,2024-05-07T21:00:00Z,2024-05-07T21:01:00Z,ERIS,exact,
2024-05-07,,ERIS-YIW,83.7559,price_points,2024-05-07T21:00:00Z,2024-05-07T21:01:00Z,ERIS,exact,
2024-05-07,,YAHOO-CONTINUOUS-ZF,105.765625,price_points,2024-05-07T21:00:00Z,2024-05-07T21:01:00Z,YAHOO,proxy,continuous futures proxy
2024-05-07,,YAHOO-CONTINUOUS-ZT,101.71484375,price_points,2024-05-07T21:00:00Z,2024-05-07T21:01:00Z,YAHOO,proxy,continuous futures proxy
2024-05-08,,ERIS-YIT,90.89910000000002,price_points,2024-05-08T21:00:00Z,2024-05-08T21:01:00Z,ERIS,exact,
2024-05-08,,ERIS-YIW,83.6168,price_points,2024-05-08T21:00:00Z,2024-05-08T21:01:00Z,ERIS,exact,
2024-05-08,,YAHOO-CONTINUOUS-ZF,105.6484375,price_points,2024-05-08T21:00:00Z,2024-05-08T21:01:00Z,YAHOO,proxy,continuous futures proxy
2024-05-08,,YAHOO-CONTINUOUS-ZT,101.6875,price_points,2024-05-08T21:00:00Z,2024-05-08T21:01:00Z,YAHOO,proxy,continuous futures proxy
2024-05-09,,ERIS-YIT,90.95090000000002,price_points,2024-05-09T21:00:00Z,2024-05-09T21:01:00Z,ERIS,exact,
2024-05-09,,ERIS-YIW,83.7627,price_points,2024-05-09T21:00:00Z,2024-05-09T21:01:00Z,ERIS,exact,
2024-05-09,,YAHOO-CONTINUOUS-ZF,105.8359375,price_points,2024-05-09T21:00:00Z,2024-05-09T21:01:00Z,YAHOO,proxy,continuous futures proxy
2024-05-09,,YAHOO-CONTINUOUS-ZT,101.75390625,price_points,2024-05-09T21:00:00Z,2024-05-09T21:01:00Z,YAHOO,proxy,continuous futures proxy
2024-05-10,,ERIS-YIT,90.85090000000002,price_points,2024-05-10T21:00:00Z,2024-05-10T21:01:00Z,ERIS,exact,
2024-05-10,,ERIS-YIW,83.5086,price_points,2024-05-10T21:00:00Z,2024-05-10T21:01:00Z,ERIS,exact,
2024-05-10,,YAHOO-CONTINUOUS-ZF,105.5859375,price_points,2024-05-10T21:00:00Z,2024-05-10T21:01:00Z,YAHOO,proxy,continuous futures proxy
2024-05-10,,YAHOO-CONTINUOUS-ZT,101.63671875,price_points,2024-05-10T21:00:00Z,2024-05-10T21:01:00Z,YAHOO,proxy,continuous futures proxy
2024-05-13,,ERIS-YIT,90.86160000000002,price_points,2024-05-13T21:00:00Z,2024-05-13T21:01:00Z,ERIS,exact,
2024-05-13,,ERIS-YIW,83.5897,price_points,2024-05-13T21:00:00Z,2024-05-13T21:01:00Z,ERIS,exact,
2024-05-13,,YAHOO-CONTINUOUS-ZF,105.6640625,price_points,2024-05-13T21:00:00Z,2024-05-13T21:01:00Z,YAHOO,proxy,continuous futures proxy
2024-05-13,,YAHOO-CONTINUOUS-ZT,101.65625,price_points,2024-05-13T21:00:00Z,2024-05-13T21:01:00Z,YAHOO,proxy,continuous futures proxy
2024-05-14,,ERIS-YIT,90.91400000000003,price_points,2024-05-14T21:00:00Z,2024-05-14T21:01:00Z,ERIS,exact,
2024-05-14,,ERIS-YIW,83.7676,price_points,2024-05-14T21:00:00Z,2024-05-14T21:01:00Z,ERIS,exact,
2024-05-14,,YAHOO-CONTINUOUS-ZF,105.8359375,price_points,2024-05-14T21:00:00Z,2024-05-14T21:01:00Z,YAHOO,proxy,continuous futures proxy
2024-05-14,,YAHOO-CONTINUOUS-ZT,101.72265625,price_points,2024-05-14T21:00:00Z,2024-05-14T21:01:00Z,YAHOO,proxy,continuous futures proxy
2024-05-15,,ERIS-YIT,91.05460000000002,price_points,2024-05-15T21:00:00Z,2024-05-15T21:01:00Z,ERIS,exact,
2024-05-15,,ERIS-YIW,84.18929999999999,price_points,2024-05-15T21:00:00Z,2024-05-15T21:01:00Z,ERIS,exact,
2024-05-15,,YAHOO-CONTINUOUS-ZF,106.2578125,price_points,2024-05-15T21:00:00Z,2024-05-15T21:01:00Z,YAHOO,proxy,continuous futures proxy
2024-05-15,,YAHOO-CONTINUOUS-ZT,101.87109375,price_points,2024-05-15T21:00:00Z,2024-05-15T21:01:00Z,YAHOO,proxy,continuous futures proxy
2024-05-16,,ERIS-YIT,90.95680000000003,price_points,2024-05-16T21:00:00Z,2024-05-16T21:01:00Z,ERIS,exact,
2024-05-16,,ERIS-YIW,83.99459999999999,price_points,2024-05-16T21:00:00Z,2024-05-16T21:01:00Z,ERIS,exact,
2024-05-16,,YAHOO-CONTINUOUS-ZF,106.0625,price_points,2024-05-16T21:00:00Z,2024-05-16T21:01:00Z,YAHOO,proxy,continuous futures proxy
2024-05-16,,YAHOO-CONTINUOUS-ZT,101.76171875,price_points,2024-05-16T21:00:00Z,2024-05-16T21:01:00Z,YAHOO,proxy,continuous futures proxy
2024-05-17,,ERIS-YIT,90.90320000000003,price_points,2024-05-17T21:00:00Z,2024-05-17T21:01:00Z,ERIS,exact,
2024-05-17,,ERIS-YIW,83.8043,price_points,2024-05-17T21:00:00Z,2024-05-17T21:01:00Z,ERIS,exact,
2024-05-17,,YAHOO-CONTINUOUS-ZF,105.875,price_points,2024-05-17T21:00:00Z,2024-05-17T21:01:00Z,YAHOO,proxy,continuous futures proxy
2024-05-17,,YAHOO-CONTINUOUS-ZT,101.69921875,price_points,2024-05-17T21:00:00Z,2024-05-17T21:01:00Z,YAHOO,proxy,continuous futures proxy
2024-05-20,,ERIS-YIT,90.87600000000002,price_points,2024-05-20T21:00:00Z,2024-05-20T21:01:00Z,ERIS,exact,
2024-05-20,,ERIS-YIW,83.75619999999999,price_points,2024-05-20T21:00:00Z,2024-05-20T21:01:00Z,ERIS,exact,
2024-05-20,,YAHOO-CONTINUOUS-ZF,105.8125,price_points,2024-05-20T21:00:00Z,2024-05-20T21:01:00Z,YAHOO,proxy,continuous futures proxy
2024-05-20,,YAHOO-CONTINUOUS-ZT,101.66796875,price_points,2024-05-20T21:00:00Z,2024-05-20T21:01:00Z,YAHOO,proxy,continuous futures proxy
2024-05-21,,ERIS-YIT,90.89490000000002,price_points,2024-05-21T21:00:00Z,2024-05-21T21:01:00Z,ERIS,exact,
2024-05-21,,ERIS-YIW,83.8441,price_points,2024-05-21T21:00:00Z,2024-05-21T21:01:00Z,ERIS,exact,
2024-05-21,,YAHOO-CONTINUOUS-ZF,105.890625,price_points,2024-05-21T21:00:00Z,2024-05-21T21:01:00Z,YAHOO,proxy,continuous futures proxy
2024-05-21,,YAHOO-CONTINUOUS-ZT,101.68359375,price_points,2024-05-21T21:00:00Z,2024-05-21T21:01:00Z,YAHOO,proxy,continuous futures proxy
2024-05-22,,ERIS-YIT,90.81750000000002,price_points,2024-05-22T21:00:00Z,2024-05-22T21:01:00Z,ERIS,exact,
2024-05-22,,ERIS-YIW,83.6839,price_points,2024-05-22T21:00:00Z,2024-05-22T21:01:00Z,ERIS,exact,
2024-05-22,,YAHOO-CONTINUOUS-ZF,105.7265625,price_points,2024-05-22T21:00:00Z,2024-05-22T21:01:00Z,YAHOO,proxy,continuous futures proxy
2024-05-22,,YAHOO-CONTINUOUS-ZT,101.59765625,price_points,2024-05-22T21:00:00Z,2024-05-22T21:01:00Z,YAHOO,proxy,continuous futures proxy
2024-05-23,,ERIS-YIT,90.71780000000003,price_points,2024-05-23T21:00:00Z,2024-05-23T21:01:00Z,ERIS,exact,
2024-05-23,,ERIS-YIW,83.4549,price_points,2024-05-23T21:00:00Z,2024-05-23T21:01:00Z,ERIS,exact,
2024-05-23,,YAHOO-CONTINUOUS-ZF,105.484375,price_points,2024-05-23T21:00:00Z,2024-05-23T21:01:00Z,YAHOO,proxy,continuous futures proxy
2024-05-23,,YAHOO-CONTINUOUS-ZT,101.49609375,price_points,2024-05-23T21:00:00Z,2024-05-23T21:01:00Z,YAHOO,proxy,continuous futures proxy
2024-05-24,,ERIS-YIT,90.71780000000003,price_points,2024-05-24T21:00:00Z,2024-05-24T21:01:00Z,ERIS,exact,
2024-05-24,,ERIS-YIW,83.4217,price_points,2024-05-24T21:00:00Z,2024-05-24T21:01:00Z,ERIS,exact,
2024-05-24,,YAHOO-CONTINUOUS-ZF,105.4453125,price_points,2024-05-24T21:00:00Z,2024-05-24T21:01:00Z,YAHOO,proxy,continuous futures proxy
2024-05-24,,YAHOO-CONTINUOUS-ZT,101.45703125,price_points,2024-05-24T21:00:00Z,2024-05-24T21:01:00Z,YAHOO,proxy,continuous futures proxy
2024-05-28,,ERIS-YIT,90.66900000000003,price_points,2024-05-28T21:00:00Z,2024-05-28T21:01:00Z,ERIS,exact,
2024-05-28,,ERIS-YIW,83.2003,price_points,2024-05-28T21:00:00Z,2024-05-28T21:01:00Z,ERIS,exact,
2024-05-28,,YAHOO-CONTINUOUS-ZF,105.25,price_points,2024-05-28T21:00:00Z,2024-05-28T21:01:00Z,YAHOO,proxy,continuous futures proxy
2024-05-28,,YAHOO-CONTINUOUS-ZT,101.42578125,price_points,2024-05-28T21:00:00Z,2024-05-28T21:01:00Z,YAHOO,proxy,continuous futures proxy
2024-05-29,,ERIS-YIT,90.62280000000003,price_points,2024-05-29T21:00:00Z,2024-05-29T21:01:00Z,ERIS,exact,
2024-05-29,,ERIS-YIW,82.94239999999999,price_points,2024-05-29T21:00:00Z,2024-05-29T21:01:00Z,ERIS,exact,
2024-05-29,,YAHOO-CONTINUOUS-ZF,104.984375,price_points,2024-05-29T21:00:00Z,2024-05-29T21:01:00Z,YAHOO,proxy,continuous futures proxy
2024-05-29,,YAHOO-CONTINUOUS-ZT,101.3671875,price_points,2024-05-29T21:00:00Z,2024-05-29T21:01:00Z,YAHOO,proxy,continuous futures proxy
2024-05-30,,ERIS-YIT,90.71900000000002,price_points,2024-05-30T21:00:00Z,2024-05-30T21:01:00Z,ERIS,exact,
2024-05-30,,ERIS-YIW,83.21929999999999,price_points,2024-05-30T21:00:00Z,2024-05-30T21:01:00Z,ERIS,exact,
2024-05-30,,YAHOO-CONTINUOUS-ZF,105.2578125,price_points,2024-05-30T21:00:00Z,2024-05-30T21:01:00Z,YAHOO,proxy,continuous futures proxy
2024-05-30,,YAHOO-CONTINUOUS-ZT,101.44140625,price_points,2024-05-30T21:00:00Z,2024-05-30T21:01:00Z,YAHOO,proxy,continuous futures proxy
2024-05-31,,ERIS-YIT,90.78520000000003,price_points,2024-05-31T21:00:00Z,2024-05-31T21:01:00Z,ERIS,exact,
2024-05-31,,ERIS-YIW,83.40859999999999,price_points,2024-05-31T21:00:00Z,2024-05-31T21:01:00Z,ERIS,exact,
2024-05-31,,YAHOO-CONTINUOUS-ZF,105.4296875,price_points,2024-05-31T21:00:00Z,2024-05-31T21:01:00Z,YAHOO,proxy,continuous futures proxy
2024-05-31,,YAHOO-CONTINUOUS-ZT,101.51953125,price_points,2024-05-31T21:00:00Z,2024-05-31T21:01:00Z,YAHOO,proxy,continuous futures proxy
2024-06-03,,ERIS-YIT,90.92270000000003,price_points,2024-06-03T21:00:00Z,2024-06-03T21:01:00Z,ERIS,exact,
2024-06-03,,ERIS-YIW,83.85929999999999,price_points,2024-06-03T21:00:00Z,2024-06-03T21:01:00Z,ERIS,exact,
2024-06-03,,YAHOO-CONTINUOUS-ZF,105.8828125,price_points,2024-06-03T21:00:00Z,2024-06-03T21:01:00Z,YAHOO,proxy,continuous futures proxy
2024-06-03,,YAHOO-CONTINUOUS-ZT,101.65625,price_points,2024-06-03T21:00:00Z,2024-06-03T21:01:00Z,YAHOO,proxy,continuous futures proxy
2024-06-04,,ERIS-YIT,91.02900000000002,price_points,2024-06-04T21:00:00Z,2024-06-04T21:01:00Z,ERIS,exact,
2024-06-04,,ERIS-YIW,84.1494,price_points,2024-06-04T21:00:00Z,2024-06-04T21:01:00Z,ERIS,exact,
2024-06-04,,YAHOO-CONTINUOUS-ZF,106.1328125,price_points,2024-06-04T21:00:00Z,2024-06-04T21:01:00Z,YAHOO,proxy,continuous futures proxy
2024-06-04,,YAHOO-CONTINUOUS-ZT,101.74609375,price_points,2024-06-04T21:00:00Z,2024-06-04T21:01:00Z,YAHOO,proxy,continuous futures proxy
2024-06-05,,ERIS-YIT,91.10520000000002,price_points,2024-06-05T21:00:00Z,2024-06-05T21:01:00Z,ERIS,exact,
2024-06-05,,ERIS-YIW,84.3295,price_points,2024-06-05T21:00:00Z,2024-06-05T21:01:00Z,ERIS,exact,
2024-06-05,,YAHOO-CONTINUOUS-ZF,106.3125,price_points,2024-06-05T21:00:00Z,2024-06-05T21:01:00Z,YAHOO,proxy,continuous futures proxy
2024-06-05,,YAHOO-CONTINUOUS-ZT,101.8359375,price_points,2024-06-05T21:00:00Z,2024-06-05T21:01:00Z,YAHOO,proxy,continuous futures proxy
2024-06-06,,ERIS-YIT,91.13270000000003,price_points,2024-06-06T21:00:00Z,2024-06-06T21:01:00Z,ERIS,exact,
2024-06-06,,ERIS-YIW,84.3855,price_points,2024-06-06T21:00:00Z,2024-06-06T21:01:00Z,ERIS,exact,
2024-06-06,,YAHOO-CONTINUOUS-ZF,106.3984375,price_points,2024-06-06T21:00:00Z,2024-06-06T21:01:00Z,YAHOO,proxy,continuous futures proxy
2024-06-06,,YAHOO-CONTINUOUS-ZT,101.8984375,price_points,2024-06-06T21:00:00Z,2024-06-06T21:01:00Z,YAHOO,proxy,continuous futures proxy
2024-06-07,,ERIS-YIT,90.85150000000003,price_points,2024-06-07T21:00:00Z,2024-06-07T21:01:00Z,ERIS,exact,
2024-06-07,,ERIS-YIW,83.72109999999999,price_points,2024-06-07T21:00:00Z,2024-06-07T21:01:00Z,ERIS,exact,
2024-06-07,,YAHOO-CONTINUOUS-ZF,105.7421875,price_points,2024-06-07T21:00:00Z,2024-06-07T21:01:00Z,YAHOO,proxy,continuous futures proxy
2024-06-07,,YAHOO-CONTINUOUS-ZT,101.66015625,price_points,2024-06-07T21:00:00Z,2024-06-07T21:01:00Z,YAHOO,proxy,continuous futures proxy
2024-06-10,,ERIS-YIT,90.83770000000003,price_points,2024-06-10T21:00:00Z,2024-06-10T21:01:00Z,ERIS,exact,
2024-06-10,,ERIS-YIW,83.5724,price_points,2024-06-10T21:00:00Z,2024-06-10T21:01:00Z,ERIS,exact,
2024-06-10,,YAHOO-CONTINUOUS-ZF,105.640625,price_points,2024-06-10T21:00:00Z,2024-06-10T21:01:00Z,YAHOO,proxy,continuous futures proxy
2024-06-10,,YAHOO-CONTINUOUS-ZT,101.65234375,price_points,2024-06-10T21:00:00Z,2024-06-10T21:01:00Z,YAHOO,proxy,continuous futures proxy
2024-06-11,,ERIS-YIT,90.91530000000003,price_points,2024-06-11T21:00:00Z,2024-06-11T21:01:00Z,ERIS,exact,
2024-06-11,,ERIS-YIW,83.84909999999999,price_points,2024-06-11T21:00:00Z,2024-06-11T21:01:00Z,ERIS,exact,
2024-06-11,,YAHOO-CONTINUOUS-ZF,105.890625,price_points,2024-06-11T21:00:00Z,2024-06-11T21:01:00Z,YAHOO,proxy,continuous futures proxy
2024-06-11,,YAHOO-CONTINUOUS-ZT,101.7421875,price_points,2024-06-11T21:00:00Z,2024-06-11T21:01:00Z,YAHOO,proxy,continuous futures proxy
2024-06-12,,ERIS-YIT,91.09650000000003,price_points,2024-06-12T21:00:00Z,2024-06-12T21:01:00Z,ERIS,exact,
2024-06-12,,ERIS-YIW,84.32639999999999,price_points,2024-06-12T21:00:00Z,2024-06-12T21:01:00Z,ERIS,exact,
2024-06-12,,YAHOO-CONTINUOUS-ZF,106.34375,price_points,2024-06-12T21:00:00Z,2024-06-12T21:01:00Z,YAHOO,proxy,continuous futures proxy
2024-06-12,,YAHOO-CONTINUOUS-ZT,101.8984375,price_points,2024-06-12T21:00:00Z,2024-06-12T21:01:00Z,YAHOO,proxy,continuous futures proxy
2024-06-13,,ERIS-YIT,91.22900000000003,price_points,2024-06-13T21:00:00Z,2024-06-13T21:01:00Z,ERIS,exact,
2024-06-13,,ERIS-YIW,84.6463,price_points,2024-06-13T21:00:00Z,2024-06-13T21:01:00Z,ERIS,exact,
2024-06-13,,YAHOO-CONTINUOUS-ZF,106.625,price_points,2024-06-13T21:00:00Z,2024-06-13T21:01:00Z,YAHOO,proxy,continuous futures proxy
2024-06-13,,YAHOO-CONTINUOUS-ZT,102.015625,price_points,2024-06-13T21:00:00Z,2024-06-13T21:01:00Z,YAHOO,proxy,continuous futures proxy
2024-06-14,,ERIS-YIT,91.24900000000002,price_points,2024-06-14T21:00:00Z,2024-06-14T21:01:00Z,ERIS,exact,
2024-06-14,,ERIS-YIW,84.7636,price_points,2024-06-14T21:00:00Z,2024-06-14T21:01:00Z,ERIS,exact,
2024-06-14,,YAHOO-CONTINUOUS-ZF,106.5859375,price_points,2024-06-14T21:00:00Z,2024-06-14T21:01:00Z,YAHOO,proxy,continuous futures proxy
2024-06-14,,YAHOO-CONTINUOUS-ZT,101.9609375,price_points,2024-06-14T21:00:00Z,2024-06-14T21:01:00Z,YAHOO,proxy,continuous futures proxy
2024-06-17,,ERIS-YIT,91.10110000000003,price_points,2024-06-17T21:00:00Z,2024-06-17T21:01:00Z,ERIS,exact,
2024-06-17,,ERIS-YIW,84.4015,price_points,2024-06-17T21:00:00Z,2024-06-17T21:01:00Z,ERIS,exact,
2024-06-17,,YAHOO-CONTINUOUS-ZF,106.328125,price_points,2024-06-17T21:00:00Z,2024-06-17T21:01:00Z,YAHOO,proxy,continuous futures proxy
2024-06-17,,YAHOO-CONTINUOUS-ZT,101.94921875,price_points,2024-06-17T21:00:00Z,2024-06-17T21:01:00Z,YAHOO,proxy,continuous futures proxy
2024-06-18,,ERIS-YIT,91.20120000000003,price_points,2024-06-18T21:00:00Z,2024-06-18T21:01:00Z,ERIS,exact,
2024-06-18,,ERIS-YIW,84.676,price_points,2024-06-18T21:00:00Z,2024-06-18T21:01:00Z,ERIS,exact,
2024-06-18,,YAHOO-CONTINUOUS-ZF,106.7109375,price_points,2024-06-18T21:00:00Z,2024-06-18T21:01:00Z,YAHOO,proxy,continuous futures proxy
2024-06-18,,YAHOO-CONTINUOUS-ZT,102.07421875,price_points,2024-06-18T21:00:00Z,2024-06-18T21:01:00Z,YAHOO,proxy,continuous futures proxy
2024-06-20,,ERIS-YIT,91.15320000000003,price_points,2024-06-20T21:00:00Z,2024-06-20T21:01:00Z,ERIS,exact,
2024-06-20,,ERIS-YIW,84.5264,price_points,2024-06-20T21:00:00Z,2024-06-20T21:01:00Z,ERIS,exact,
2024-06-20,,YAHOO-CONTINUOUS-ZF,106.5625,price_points,2024-06-20T21:00:00Z,2024-06-20T21:01:00Z,YAHOO,proxy,continuous futures proxy
2024-06-20,,YAHOO-CONTINUOUS-ZT,101.953125,price_points,2024-06-20T21:00:00Z,2024-06-20T21:01:00Z,YAHOO,proxy,continuous futures proxy
2024-06-21,,ERIS-YIT,91.16020000000003,price_points,2024-06-21T21:00:00Z,2024-06-21T21:01:00Z,ERIS,exact,
2024-06-21,,ERIS-YIW,84.5221,price_points,2024-06-21T21:00:00Z,2024-06-21T21:01:00Z,ERIS,exact,
2024-06-21,,YAHOO-CONTINUOUS-ZF,106.546875,price_points,2024-06-21T21:00:00Z,2024-06-21T21:01:00Z,YAHOO,proxy,continuous futures proxy
2024-06-21,,YAHOO-CONTINUOUS-ZT,101.9453125,price_points,2024-06-21T21:00:00Z,2024-06-21T21:01:00Z,YAHOO,proxy,continuous futures proxy
2024-06-24,,ERIS-YIT,91.15820000000004,price_points,2024-06-24T21:00:00Z,2024-06-24T21:01:00Z,ERIS,exact,
2024-06-24,,ERIS-YIW,84.55789999999999,price_points,2024-06-24T21:00:00Z,2024-06-24T21:01:00Z,ERIS,exact,
2024-06-24,,YAHOO-CONTINUOUS-ZF,106.53125,price_points,2024-06-24T21:00:00Z,2024-06-24T21:01:00Z,YAHOO,proxy,continuous futures proxy
2024-06-24,,YAHOO-CONTINUOUS-ZT,102.00390625,price_points,2024-06-24T21:00:00Z,2024-06-24T21:01:00Z,YAHOO,proxy,continuous futures proxy
2024-06-25,,ERIS-YIT,91.14830000000003,price_points,2024-06-25T21:00:00Z,2024-06-25T21:01:00Z,ERIS,exact,
2024-06-25,,ERIS-YIW,84.56899999999999,price_points,2024-06-25T21:00:00Z,2024-06-25T21:01:00Z,ERIS,exact,
2024-06-25,,YAHOO-CONTINUOUS-ZF,106.546875,price_points,2024-06-25T21:00:00Z,2024-06-25T21:01:00Z,YAHOO,proxy,continuous futures proxy
2024-06-25,,YAHOO-CONTINUOUS-ZT,102.00390625,price_points,2024-06-25T21:00:00Z,2024-06-25T21:01:00Z,YAHOO,proxy,continuous futures proxy
2024-06-26,,ERIS-YIT,91.03630000000003,price_points,2024-06-26T21:00:00Z,2024-06-26T21:01:00Z,ERIS,exact,
2024-06-26,,ERIS-YIW,84.24419999999999,price_points,2024-06-26T21:00:00Z,2024-06-26T21:01:00Z,ERIS,exact,
2024-06-26,,YAHOO-CONTINUOUS-ZF,106.171875,price_points,2024-06-26T21:00:00Z,2024-06-26T21:01:00Z,YAHOO,proxy,continuous futures proxy
2024-06-26,,YAHOO-CONTINUOUS-ZT,101.8828125,price_points,2024-06-26T21:00:00Z,2024-06-26T21:01:00Z,YAHOO,proxy,continuous futures proxy
2024-06-27,,ERIS-YIT,91.08710000000004,price_points,2024-06-27T21:00:00Z,2024-06-27T21:01:00Z,ERIS,exact,
2024-06-27,,ERIS-YIW,84.3725,price_points,2024-06-27T21:00:00Z,2024-06-27T21:01:00Z,ERIS,exact,
2024-06-27,,YAHOO-CONTINUOUS-ZF,106.28125,price_points,2024-06-27T21:00:00Z,2024-06-27T21:01:00Z,YAHOO,proxy,continuous futures proxy
2024-06-27,,YAHOO-CONTINUOUS-ZT,102.03125,price_points,2024-06-27T21:00:00Z,2024-06-27T21:01:00Z,YAHOO,proxy,continuous futures proxy
2024-06-28,,ERIS-YIT,91.09130000000003,price_points,2024-06-28T21:00:00Z,2024-06-28T21:01:00Z,ERIS,exact,
2024-06-28,,ERIS-YIW,84.26429999999999,price_points,2024-06-28T21:00:00Z,2024-06-28T21:01:00Z,ERIS,exact,
2024-06-28,,YAHOO-CONTINUOUS-ZF,106.21875,price_points,2024-06-28T21:00:00Z,2024-06-28T21:01:00Z,YAHOO,proxy,continuous futures proxy
2024-06-28,,YAHOO-CONTINUOUS-ZT,102.0078125,price_points,2024-06-28T21:00:00Z,2024-06-28T21:01:00Z,YAHOO,proxy,continuous futures proxy
2024-07-01,,ERIS-YIT,90.98380000000003,price_points,2024-07-01T21:00:00Z,2024-07-01T21:01:00Z,ERIS,exact,
2024-07-01,,ERIS-YIW,83.79939999999999,price_points,2024-07-01T21:00:00Z,2024-07-01T21:01:00Z,ERIS,exact,
2024-07-01,,YAHOO-CONTINUOUS-ZF,106.1171875,price_points,2024-07-01T21:00:00Z,2024-07-01T21:01:00Z,YAHOO,proxy,continuous futures proxy
2024-07-01,,YAHOO-CONTINUOUS-ZT,102,price_points,2024-07-01T21:00:00Z,2024-07-01T21:01:00Z,YAHOO,proxy,continuous futures proxy
2024-07-02,,ERIS-YIT,91.03920000000002,price_points,2024-07-02T21:00:00Z,2024-07-02T21:01:00Z,ERIS,exact,
2024-07-02,,ERIS-YIW,83.98479999999999,price_points,2024-07-02T21:00:00Z,2024-07-02T21:01:00Z,ERIS,exact,
2024-07-02,,YAHOO-CONTINUOUS-ZF,106.296875,price_points,2024-07-02T21:00:00Z,2024-07-02T21:01:00Z,YAHOO,proxy,continuous futures proxy
2024-07-02,,YAHOO-CONTINUOUS-ZT,102.05859375,price_points,2024-07-02T21:00:00Z,2024-07-02T21:01:00Z,YAHOO,proxy,continuous futures proxy
2024-07-03,,ERIS-YIT,91.12850000000003,price_points,2024-07-03T21:00:00Z,2024-07-03T21:01:00Z,ERIS,exact,
2024-07-03,,ERIS-YIW,84.3159,price_points,2024-07-03T21:00:00Z,2024-07-03T21:01:00Z,ERIS,exact,
2024-07-03,,YAHOO-CONTINUOUS-ZF,106.6484375,price_points,2024-07-03T21:00:00Z,2024-07-03T21:01:00Z,YAHOO,proxy,continuous futures proxy
2024-07-03,,YAHOO-CONTINUOUS-ZT,102.15234375,price_points,2024-07-03T21:00:00Z,2024-07-03T21:01:00Z,YAHOO,proxy,continuous futures proxy
2024-07-05,,ERIS-YIT,91.29190000000003,price_points,2024-07-05T21:00:00Z,2024-07-05T21:01:00Z,ERIS,exact,
2024-07-05,,ERIS-YIW,84.70429999999999,price_points,2024-07-05T21:00:00Z,2024-07-05T21:01:00Z,ERIS,exact,
2024-07-05,,YAHOO-CONTINUOUS-ZF,107.0390625,price_points,2024-07-05T21:00:00Z,2024-07-05T21:01:00Z,YAHOO,proxy,continuous futures proxy
2024-07-05,,YAHOO-CONTINUOUS-ZT,102.33203125,price_points,2024-07-05T21:00:00Z,2024-07-05T21:01:00Z,YAHOO,proxy,continuous futures proxy
2024-07-08,,ERIS-YIT,91.26680000000003,price_points,2024-07-08T21:00:00Z,2024-07-08T21:01:00Z,ERIS,exact,
2024-07-08,,ERIS-YIW,84.6845,price_points,2024-07-08T21:00:00Z,2024-07-08T21:01:00Z,ERIS,exact,
2024-07-08,,YAHOO-CONTINUOUS-ZF,107.0078125,price_points,2024-07-08T21:00:00Z,2024-07-08T21:01:00Z,YAHOO,proxy,continuous futures proxy
2024-07-08,,YAHOO-CONTINUOUS-ZT,102.30078125,price_points,2024-07-08T21:00:00Z,2024-07-08T21:01:00Z,YAHOO,proxy,continuous futures proxy
2024-07-09,,ERIS-YIT,91.24830000000003,price_points,2024-07-09T21:00:00Z,2024-07-09T21:01:00Z,ERIS,exact,
2024-07-09,,ERIS-YIW,84.6005,price_points,2024-07-09T21:00:00Z,2024-07-09T21:01:00Z,ERIS,exact,
2024-07-09,,YAHOO-CONTINUOUS-ZF,106.921875,price_points,2024-07-09T21:00:00Z,2024-07-09T21:01:00Z,YAHOO,proxy,continuous futures proxy
2024-07-09,,YAHOO-CONTINUOUS-ZT,102.2734375,price_points,2024-07-09T21:00:00Z,2024-07-09T21:01:00Z,YAHOO,proxy,continuous futures proxy
2024-07-10,,ERIS-YIT,91.25640000000003,price_points,2024-07-10T21:00:00Z,2024-07-10T21:01:00Z,ERIS,exact,
2024-07-10,,ERIS-YIW,84.6481,price_points,2024-07-10T21:00:00Z,2024-07-10T21:01:00Z,ERIS,exact,
2024-07-10,,YAHOO-CONTINUOUS-ZF,106.9453125,price_points,2024-07-10T21:00:00Z,2024-07-10T21:01:00Z,YAHOO,proxy,continuous futures proxy
2024-07-10,,YAHOO-CONTINUOUS-ZT,102.26171875,price_points,2024-07-10T21:00:00Z,2024-07-10T21:01:00Z,YAHOO,proxy,continuous futures proxy
2024-07-11,,ERIS-YIT,91.49320000000003,price_points,2024-07-11T21:00:00Z,2024-07-11T21:01:00Z,ERIS,exact,
2024-07-11,,ERIS-YIW,85.18169999999999,price_points,2024-07-11T21:00:00Z,2024-07-11T21:01:00Z,ERIS,exact,
2024-07-11,,YAHOO-CONTINUOUS-ZF,107.4453125,price_points,2024-07-11T21:00:00Z,2024-07-11T21:01:00Z,YAHOO,proxy,continuous futures proxy
2024-07-11,,YAHOO-CONTINUOUS-ZT,102.50390625,price_points,2024-07-11T21:00:00Z,2024-07-11T21:01:00Z,YAHOO,proxy,continuous futures proxy
2024-07-12,,ERIS-YIT,91.54700000000003,price_points,2024-07-12T21:00:00Z,2024-07-12T21:01:00Z,ERIS,exact,
2024-07-12,,ERIS-YIW,85.247,price_points,2024-07-12T21:00:00Z,2024-07-12T21:01:00Z,ERIS,exact,
2024-07-12,,YAHOO-CONTINUOUS-ZF,107.5078125,price_points,2024-07-12T21:00:00Z,2024-07-12T21:01:00Z,YAHOO,proxy,continuous futures proxy
2024-07-12,,YAHOO-CONTINUOUS-ZT,102.58203125,price_points,2024-07-12T21:00:00Z,2024-07-12T21:01:00Z,YAHOO,proxy,continuous futures proxy
2024-07-15,,ERIS-YIT,91.57360000000003,price_points,2024-07-15T21:00:00Z,2024-07-15T21:01:00Z,ERIS,exact,
2024-07-15,,ERIS-YIW,85.1852,price_points,2024-07-15T21:00:00Z,2024-07-15T21:01:00Z,ERIS,exact,
2024-07-15,,YAHOO-CONTINUOUS-ZF,107.4453125,price_points,2024-07-15T21:00:00Z,2024-07-15T21:01:00Z,YAHOO,proxy,continuous futures proxy
2024-07-15,,YAHOO-CONTINUOUS-ZT,102.58984375,price_points,2024-07-15T21:00:00Z,2024-07-15T21:01:00Z,YAHOO,proxy,continuous futures proxy
2024-07-16,,ERIS-YIT,91.57890000000003,price_points,2024-07-16T21:00:00Z,2024-07-16T21:01:00Z,ERIS,exact,
2024-07-16,,ERIS-YIW,85.3153,price_points,2024-07-16T21:00:00Z,2024-07-16T21:01:00Z,ERIS,exact,
2024-07-16,,YAHOO-CONTINUOUS-ZF,107.59375,price_points,2024-07-16T21:00:00Z,2024-07-16T21:01:00Z,YAHOO,proxy,continuous futures proxy
2024-07-16,,YAHOO-CONTINUOUS-ZT,102.609375,price_points,2024-07-16T21:00:00Z,2024-07-16T21:01:00Z,YAHOO,proxy,continuous futures proxy
2024-07-17,,ERIS-YIT,91.59310000000004,price_points,2024-07-17T21:00:00Z,2024-07-17T21:01:00Z,ERIS,exact,
2024-07-17,,ERIS-YIW,85.3921,price_points,2024-07-17T21:00:00Z,2024-07-17T21:01:00Z,ERIS,exact,
2024-07-17,,YAHOO-CONTINUOUS-ZF,107.671875,price_points,2024-07-17T21:00:00Z,2024-07-17T21:01:00Z,YAHOO,proxy,continuous futures proxy
2024-07-17,,YAHOO-CONTINUOUS-ZT,102.6328125,price_points,2024-07-17T21:00:00Z,2024-07-17T21:01:00Z,YAHOO,proxy,continuous futures proxy
2024-07-18,,ERIS-YIT,91.54390000000004,price_points,2024-07-18T21:00:00Z,2024-07-18T21:01:00Z,ERIS,exact,
2024-07-18,,ERIS-YIW,85.21549999999999,price_points,2024-07-18T21:00:00Z,2024-07-18T21:01:00Z,ERIS,exact,
2024-07-18,,YAHOO-CONTINUOUS-ZF,107.53125,price_points,2024-07-18T21:00:00Z,2024-07-18T21:01:00Z,YAHOO,proxy,continuous futures proxy
2024-07-18,,YAHOO-CONTINUOUS-ZT,102.56640625,price_points,2024-07-18T21:00:00Z,2024-07-18T21:01:00Z,YAHOO,proxy,continuous futures proxy
2024-07-19,,ERIS-YIT,91.45940000000003,price_points,2024-07-19T21:00:00Z,2024-07-19T21:01:00Z,ERIS,exact,
2024-07-19,,ERIS-YIW,84.99109999999999,price_points,2024-07-19T21:00:00Z,2024-07-19T21:01:00Z,ERIS,exact,
2024-07-19,,YAHOO-CONTINUOUS-ZF,107.28125,price_points,2024-07-19T21:00:00Z,2024-07-19T21:01:00Z,YAHOO,proxy,continuous futures proxy
2024-07-19,,YAHOO-CONTINUOUS-ZT,102.47265625,price_points,2024-07-19T21:00:00Z,2024-07-19T21:01:00Z,YAHOO,proxy,continuous futures proxy
2024-07-22,,ERIS-YIT,91.42900000000003,price_points,2024-07-22T21:00:00Z,2024-07-22T21:01:00Z,ERIS,exact,
2024-07-22,,ERIS-YIW,84.9272,price_points,2024-07-22T21:00:00Z,2024-07-22T21:01:00Z,ERIS,exact,
2024-07-22,,YAHOO-CONTINUOUS-ZF,107.1953125,price_points,2024-07-22T21:00:00Z,2024-07-22T21:01:00Z,YAHOO,proxy,continuous futures proxy
2024-07-22,,YAHOO-CONTINUOUS-ZT,102.4375,price_points,2024-07-22T21:00:00Z,2024-07-22T21:01:00Z,YAHOO,proxy,continuous futures proxy
2024-07-23,,ERIS-YIT,91.48320000000002,price_points,2024-07-23T21:00:00Z,2024-07-23T21:01:00Z,ERIS,exact,
2024-07-23,,ERIS-YIW,85.0364,price_points,2024-07-23T21:00:00Z,2024-07-23T21:01:00Z,ERIS,exact,
2024-07-23,,YAHOO-CONTINUOUS-ZF,107.3203125,price_points,2024-07-23T21:00:00Z,2024-07-23T21:01:00Z,YAHOO,proxy,continuous futures proxy
2024-07-23,,YAHOO-CONTINUOUS-ZT,102.5078125,price_points,2024-07-23T21:00:00Z,2024-07-23T21:01:00Z,YAHOO,proxy,continuous futures proxy
2024-07-24,,ERIS-YIT,91.53950000000003,price_points,2024-07-24T21:00:00Z,2024-07-24T21:01:00Z,ERIS,exact,
2024-07-24,,ERIS-YIW,85.04719999999999,price_points,2024-07-24T21:00:00Z,2024-07-24T21:01:00Z,ERIS,exact,
2024-07-24,,YAHOO-CONTINUOUS-ZF,107.296875,price_points,2024-07-24T21:00:00Z,2024-07-24T21:01:00Z,YAHOO,proxy,continuous futures proxy
2024-07-24,,YAHOO-CONTINUOUS-ZT,102.55859375,price_points,2024-07-24T21:00:00Z,2024-07-24T21:01:00Z,YAHOO,proxy,continuous futures proxy
2024-07-25,,ERIS-YIT,91.50620000000004,price_points,2024-07-25T21:00:00Z,2024-07-25T21:01:00Z,ERIS,exact,
2024-07-25,,ERIS-YIW,85.0586,price_points,2024-07-25T21:00:00Z,2024-07-25T21:01:00Z,ERIS,exact,
2024-07-25,,YAHOO-CONTINUOUS-ZF,107.296875,price_points,2024-07-25T21:00:00Z,2024-07-25T21:01:00Z,YAHOO,proxy,continuous futures proxy
2024-07-25,,YAHOO-CONTINUOUS-ZT,102.5,price_points,2024-07-25T21:00:00Z,2024-07-25T21:01:00Z,YAHOO,proxy,continuous futures proxy
2024-07-26,,ERIS-YIT,91.57550000000003,price_points,2024-07-26T21:00:00Z,2024-07-26T21:01:00Z,ERIS,exact,
2024-07-26,,ERIS-YIW,85.2753,price_points,2024-07-26T21:00:00Z,2024-07-26T21:01:00Z,ERIS,exact,
2024-07-26,,YAHOO-CONTINUOUS-ZF,107.5703125,price_points,2024-07-26T21:00:00Z,2024-07-26T21:01:00Z,YAHOO,proxy,continuous futures proxy
2024-07-26,,YAHOO-CONTINUOUS-ZT,102.59765625,price_points,2024-07-26T21:00:00Z,2024-07-26T21:01:00Z,YAHOO,proxy,continuous futures proxy
2024-07-29,,ERIS-YIT,91.57230000000003,price_points,2024-07-29T21:00:00Z,2024-07-29T21:01:00Z,ERIS,exact,
2024-07-29,,ERIS-YIW,85.3214,price_points,2024-07-29T21:00:00Z,2024-07-29T21:01:00Z,ERIS,exact,
2024-07-29,,YAHOO-CONTINUOUS-ZF,107.6171875,price_points,2024-07-29T21:00:00Z,2024-07-29T21:01:00Z,YAHOO,proxy,continuous futures proxy
2024-07-29,,YAHOO-CONTINUOUS-ZT,102.59375,price_points,2024-07-29T21:00:00Z,2024-07-29T21:01:00Z,YAHOO,proxy,continuous futures proxy
2024-07-30,,ERIS-YIT,91.62350000000004,price_points,2024-07-30T21:00:00Z,2024-07-30T21:01:00Z,ERIS,exact,
2024-07-30,,ERIS-YIW,85.45989999999999,price_points,2024-07-30T21:00:00Z,2024-07-30T21:01:00Z,ERIS,exact,
2024-07-30,,YAHOO-CONTINUOUS-ZF,107.75,price_points,2024-07-30T21:00:00Z,2024-07-30T21:01:00Z,YAHOO,proxy,continuous futures proxy
2024-07-30,,YAHOO-CONTINUOUS-ZT,102.6484375,price_points,2024-07-30T21:00:00Z,2024-07-30T21:01:00Z,YAHOO,proxy,continuous futures proxy
2024-07-31,,ERIS-YIT,91.66140000000003,price_points,2024-07-31T21:00:00Z,2024-07-31T21:01:00Z,ERIS,exact,
2024-07-31,,ERIS-YIW,85.577,price_points,2024-07-31T21:00:00Z,2024-07-31T21:01:00Z,ERIS,exact,
2024-07-31,,YAHOO-CONTINUOUS-ZF,107.890625,price_points,2024-07-31T21:00:00Z,2024-07-31T21:01:00Z,YAHOO,proxy,continuous futures proxy
2024-07-31,,YAHOO-CONTINUOUS-ZT,102.68359375,price_points,2024-07-31T21:00:00Z,2024-07-31T21:01:00Z,YAHOO,proxy,continuous futures proxy
2024-08-01,,ERIS-YIT,91.98200000000003,price_points,2024-08-01T21:00:00Z,2024-08-01T21:01:00Z,ERIS,exact,
2024-08-01,,ERIS-YIW,86.2361,price_points,2024-08-01T21:00:00Z,2024-08-01T21:01:00Z,ERIS,exact,
2024-08-01,,YAHOO-CONTINUOUS-ZF,108.5703125,price_points,2024-08-01T21:00:00Z,2024-08-01T21:01:00Z,YAHOO,proxy,continuous futures proxy
2024-08-01,,YAHOO-CONTINUOUS-ZT,103.02734375,price_points,2024-08-01T21:00:00Z,2024-08-01T21:01:00Z,YAHOO,proxy,continuous futures proxy
2024-08-02,,ERIS-YIT,92.54270000000002,price_points,2024-08-02T21:00:00Z,2024-08-02T21:01:00Z,ERIS,exact,
2024-08-02,,ERIS-YIW,87.2768,price_points,2024-08-02T21:00:00Z,2024-08-02T21:01:00Z,ERIS,exact,
2024-08-02,,YAHOO-CONTINUOUS-ZF,109.59375,price_points,2024-08-02T21:00:00Z,2024-08-02T21:01:00Z,YAHOO,proxy,continuous futures proxy
2024-08-02,,YAHOO-CONTINUOUS-ZT,103.58203125,price_points,2024-08-02T21:00:00Z,2024-08-02T21:01:00Z,YAHOO,proxy,continuous futures proxy
2024-08-05,,ERIS-YIT,92.50900000000003,price_points,2024-08-05T21:00:00Z,2024-08-05T21:01:00Z,ERIS,exact,
2024-08-05,,ERIS-YIW,87.2011,price_points,2024-08-05T21:00:00Z,2024-08-05T21:01:00Z,ERIS,exact,
2024-08-05,,YAHOO-CONTINUOUS-ZF,109.5,price_points,2024-08-05T21:00:00Z,2024-08-05T21:01:00Z,YAHOO,proxy,continuous futures proxy
2024-08-05,,YAHOO-CONTINUOUS-ZT,103.5546875,price_points,2024-08-05T21:00:00Z,2024-08-05T21:01:00Z,YAHOO,proxy,continuous futures proxy
2024-08-06,,ERIS-YIT,92.33100000000003,price_points,2024-08-06T21:00:00Z,2024-08-06T21:01:00Z,ERIS,exact,
2024-08-06,,ERIS-YIW,86.7919,price_points,2024-08-06T21:00:00Z,2024-08-06T21:01:00Z,ERIS,exact,
2024-08-06,,YAHOO-CONTINUOUS-ZF,109.0703125,price_points,2024-08-06T21:00:00Z,2024-08-06T21:01:00Z,YAHOO,proxy,continuous futures proxy
2024-08-06,,YAHOO-CONTINUOUS-ZT,103.35546875,price_points,2024-08-06T21:00:00Z,2024-08-06T21:01:00Z,YAHOO,proxy,continuous futures proxy
2024-08-07,,ERIS-YIT,92.30510000000002,price_points,2024-08-07T21:00:00Z,2024-08-07T21:01:00Z,ERIS,exact,
2024-08-07,,ERIS-YIW,86.5495,price_points,2024-08-07T21:00:00Z,2024-08-07T21:01:00Z,ERIS,exact,
2024-08-07,,YAHOO-CONTINUOUS-ZF,108.8046875,price_points,2024-08-07T21:00:00Z,2024-08-07T21:01:00Z,YAHOO,proxy,continuous futures proxy
2024-08-07,,YAHOO-CONTINUOUS-ZT,103.3125,price_points,2024-08-07T21:00:00Z,2024-08-07T21:01:00Z,YAHOO,proxy,continuous futures proxy
2024-08-08,,ERIS-YIT,92.21270000000003,price_points,2024-08-08T21:00:00Z,2024-08-08T21:01:00Z,ERIS,exact,
2024-08-08,,ERIS-YIW,86.37849999999999,price_points,2024-08-08T21:00:00Z,2024-08-08T21:01:00Z,ERIS,exact,
2024-08-08,,YAHOO-CONTINUOUS-ZF,108.640625,price_points,2024-08-08T21:00:00Z,2024-08-08T21:01:00Z,YAHOO,proxy,continuous futures proxy
2024-08-08,,YAHOO-CONTINUOUS-ZT,103.2265625,price_points,2024-08-08T21:00:00Z,2024-08-08T21:01:00Z,YAHOO,proxy,continuous futures proxy
2024-08-09,,ERIS-YIT,92.19010000000003,price_points,2024-08-09T21:00:00Z,2024-08-09T21:01:00Z,ERIS,exact,
2024-08-09,,ERIS-YIW,86.4902,price_points,2024-08-09T21:00:00Z,2024-08-09T21:01:00Z,ERIS,exact,
2024-08-09,,YAHOO-CONTINUOUS-ZF,108.7578125,price_points,2024-08-09T21:00:00Z,2024-08-09T21:01:00Z,YAHOO,proxy,continuous futures proxy
2024-08-09,,YAHOO-CONTINUOUS-ZT,103.19140625,price_points,2024-08-09T21:00:00Z,2024-08-09T21:01:00Z,YAHOO,proxy,continuous futures proxy
2024-08-12,,ERIS-YIT,92.25220000000003,price_points,2024-08-12T21:00:00Z,2024-08-12T21:01:00Z,ERIS,exact,
2024-08-12,,ERIS-YIW,86.6867,price_points,2024-08-12T21:00:00Z,2024-08-12T21:01:00Z,ERIS,exact,
2024-08-12,,YAHOO-CONTINUOUS-ZF,108.9453125,price_points,2024-08-12T21:00:00Z,2024-08-12T21:01:00Z,YAHOO,proxy,continuous futures proxy
2024-08-12,,YAHOO-CONTINUOUS-ZT,103.26171875,price_points,2024-08-12T21:00:00Z,2024-08-12T21:01:00Z,YAHOO,proxy,continuous futures proxy
2024-08-13,,ERIS-YIT,92.38370000000003,price_points,2024-08-13T21:00:00Z,2024-08-13T21:01:00Z,ERIS,exact,
2024-08-13,,ERIS-YIW,86.9692,price_points,2024-08-13T21:00:00Z,2024-08-13T21:01:00Z,ERIS,exact,
2024-08-13,,YAHOO-CONTINUOUS-ZF,109.21875,price_points,2024-08-13T21:00:00Z,2024-08-13T21:01:00Z,YAHOO,proxy,continuous futures proxy
2024-08-13,,YAHOO-CONTINUOUS-ZT,103.39453125,price_points,2024-08-13T21:00:00Z,2024-08-13T21:01:00Z,YAHOO,proxy,continuous futures proxy
2024-08-14,,ERIS-YIT,92.35990000000002,price_points,2024-08-14T21:00:00Z,2024-08-14T21:01:00Z,ERIS,exact,
2024-08-14,,ERIS-YIW,87.0013,price_points,2024-08-14T21:00:00Z,2024-08-14T21:01:00Z,ERIS,exact,
2024-08-14,,YAHOO-CONTINUOUS-ZF,109.2734375,price_points,2024-08-14T21:00:00Z,2024-08-14T21:01:00Z,YAHOO,proxy,continuous futures proxy
2024-08-14,,YAHOO-CONTINUOUS-ZT,103.37890625,price_points,2024-08-14T21:00:00Z,2024-08-14T21:01:00Z,YAHOO,proxy,continuous futures proxy
2024-08-15,,ERIS-YIT,92.07510000000003,price_points,2024-08-15T21:00:00Z,2024-08-15T21:01:00Z,ERIS,exact,
2024-08-15,,ERIS-YIW,86.3986,price_points,2024-08-15T21:00:00Z,2024-08-15T21:01:00Z,ERIS,exact,
2024-08-15,,YAHOO-CONTINUOUS-ZF,108.6484375,price_points,2024-08-15T21:00:00Z,2024-08-15T21:01:00Z,YAHOO,proxy,continuous futures proxy
2024-08-15,,YAHOO-CONTINUOUS-ZT,103.08203125,price_points,2024-08-15T21:00:00Z,2024-08-15T21:01:00Z,YAHOO,proxy,continuous futures proxy
2024-08-16,,ERIS-YIT,92.11410000000004,price_points,2024-08-16T21:00:00Z,2024-08-16T21:01:00Z,ERIS,exact,
2024-08-16,,ERIS-YIW,86.51809999999999,price_points,2024-08-16T21:00:00Z,2024-08-16T21:01:00Z,ERIS,exact,
2024-08-16,,YAHOO-CONTINUOUS-ZF,108.7578125,price_points,2024-08-16T21:00:00Z,2024-08-16T21:01:00Z,YAHOO,proxy,continuous futures proxy
2024-08-16,,YAHOO-CONTINUOUS-ZT,103.12890625,price_points,2024-08-16T21:00:00Z,2024-08-16T21:01:00Z,YAHOO,proxy,continuous futures proxy
2024-08-19,,ERIS-YIT,92.12130000000003,price_points,2024-08-19T21:00:00Z,2024-08-19T21:01:00Z,ERIS,exact,
2024-08-19,,ERIS-YIW,86.5662,price_points,2024-08-19T21:00:00Z,2024-08-19T21:01:00Z,ERIS,exact,
2024-08-19,,YAHOO-CONTINUOUS-ZF,108.7890625,price_points,2024-08-19T21:00:00Z,2024-08-19T21:01:00Z,YAHOO,proxy,continuous futures proxy
2024-08-19,,YAHOO-CONTINUOUS-ZT,103.12890625,price_points,2024-08-19T21:00:00Z,2024-08-19T21:01:00Z,YAHOO,proxy,continuous futures proxy
2024-08-20,,ERIS-YIT,92.23100000000002,price_points,2024-08-20T21:00:00Z,2024-08-20T21:01:00Z,ERIS,exact,
2024-08-20,,ERIS-YIW,86.8239,price_points,2024-08-20T21:00:00Z,2024-08-20T21:01:00Z,ERIS,exact,
2024-08-20,,YAHOO-CONTINUOUS-ZF,109.03125,price_points,2024-08-20T21:00:00Z,2024-08-20T21:01:00Z,YAHOO,proxy,continuous futures proxy
2024-08-20,,YAHOO-CONTINUOUS-ZT,103.24609375,price_points,2024-08-20T21:00:00Z,2024-08-20T21:01:00Z,YAHOO,proxy,continuous futures proxy
2024-08-21,,ERIS-YIT,92.37480000000004,price_points,2024-08-21T21:00:00Z,2024-08-21T21:01:00Z,ERIS,exact,
2024-08-21,,ERIS-YIW,87.0856,price_points,2024-08-21T21:00:00Z,2024-08-21T21:01:00Z,ERIS,exact,
2024-08-21,,YAHOO-CONTINUOUS-ZF,109.296875,price_points,2024-08-21T21:00:00Z,2024-08-21T21:01:00Z,YAHOO,proxy,continuous futures proxy
2024-08-21,,YAHOO-CONTINUOUS-ZT,103.38671875,price_points,2024-08-21T21:00:00Z,2024-08-21T21:01:00Z,YAHOO,proxy,continuous futures proxy
2024-08-22,,ERIS-YIT,92.21670000000003,price_points,2024-08-22T21:00:00Z,2024-08-22T21:01:00Z,ERIS,exact,
2024-08-22,,ERIS-YIW,86.7152,price_points,2024-08-22T21:00:00Z,2024-08-22T21:01:00Z,ERIS,exact,
2024-08-22,,YAHOO-CONTINUOUS-ZF,108.9140625,price_points,2024-08-22T21:00:00Z,2024-08-22T21:01:00Z,YAHOO,proxy,continuous futures proxy
2024-08-22,,YAHOO-CONTINUOUS-ZT,103.20703125,price_points,2024-08-22T21:00:00Z,2024-08-22T21:01:00Z,YAHOO,proxy,continuous futures proxy
2024-08-23,,ERIS-YIT,92.36670000000002,price_points,2024-08-23T21:00:00Z,2024-08-23T21:01:00Z,ERIS,exact,
2024-08-23,,ERIS-YIW,87.0542,price_points,2024-08-23T21:00:00Z,2024-08-23T21:01:00Z,ERIS,exact,
2024-08-23,,YAHOO-CONTINUOUS-ZF,109.2265625,price_points,2024-08-23T21:00:00Z,2024-08-23T21:01:00Z,YAHOO,proxy,continuous futures proxy
2024-08-23,,YAHOO-CONTINUOUS-ZT,103.37109375,price_points,2024-08-23T21:00:00Z,2024-08-23T21:01:00Z,YAHOO,proxy,continuous futures proxy
2024-08-26,,ERIS-YIT,92.33530000000003,price_points,2024-08-26T21:00:00Z,2024-08-26T21:01:00Z,ERIS,exact,
2024-08-26,,ERIS-YIW,87.0204,price_points,2024-08-26T21:00:00Z,2024-08-26T21:01:00Z,ERIS,exact,
2024-08-26,,YAHOO-CONTINUOUS-ZF,109.1484375,price_points,2024-08-26T21:00:00Z,2024-08-26T21:01:00Z,YAHOO,proxy,continuous futures proxy
2024-08-26,,YAHOO-CONTINUOUS-ZT,103.3359375,price_points,2024-08-26T21:00:00Z,2024-08-26T21:01:00Z,YAHOO,proxy,continuous futures proxy
2024-08-27,,ERIS-YIT,92.38210000000002,price_points,2024-08-27T21:00:00Z,2024-08-27T21:01:00Z,ERIS,exact,
2024-08-27,,ERIS-YIW,87.045,price_points,2024-08-27T21:00:00Z,2024-08-27T21:01:00Z,ERIS,exact,
2024-08-27,,YAHOO-CONTINUOUS-ZF,109.1875,price_points,2024-08-27T21:00:00Z,2024-08-27T21:01:00Z,YAHOO,proxy,continuous futures proxy
2024-08-27,,YAHOO-CONTINUOUS-ZT,103.38671875,price_points,2024-08-27T21:00:00Z,2024-08-27T21:01:00Z,YAHOO,proxy,continuous futures proxy
2024-08-28,,ERIS-YIT,92.36950000000003,price_points,2024-08-28T21:00:00Z,2024-08-28T21:01:00Z,ERIS,exact,
2024-08-28,,ERIS-YIW,87.0086,price_points,2024-08-28T21:00:00Z,2024-08-28T21:01:00Z,ERIS,exact,
2024-08-28,,YAHOO-CONTINUOUS-ZF,109.1640625,price_points,2024-08-28T21:00:00Z,2024-08-28T21:01:00Z,YAHOO,proxy,continuous futures proxy
2024-08-28,,YAHOO-CONTINUOUS-ZT,103.375,price_points,2024-08-28T21:00:00Z,2024-08-28T21:01:00Z,YAHOO,proxy,continuous futures proxy
2024-08-29,,ERIS-YIT,92.33280000000003,price_points,2024-08-29T21:00:00Z,2024-08-29T21:01:00Z,ERIS,exact,
2024-08-29,,ERIS-YIW,86.92139999999999,price_points,2024-08-29T21:00:00Z,2024-08-29T21:01:00Z,ERIS,exact,
2024-08-29,,YAHOO-CONTINUOUS-ZF,109.0390625,price_points,2024-08-29T21:00:00Z,2024-08-29T21:01:00Z,YAHOO,proxy,continuous futures proxy
2024-08-29,,YAHOO-CONTINUOUS-ZT,103.3203125,price_points,2024-08-29T21:00:00Z,2024-08-29T21:01:00Z,YAHOO,proxy,continuous futures proxy
2024-08-30,,ERIS-YIT,92.28210000000003,price_points,2024-08-30T21:00:00Z,2024-08-30T21:01:00Z,ERIS,exact,
2024-08-30,,ERIS-YIW,86.7389,price_points,2024-08-30T21:00:00Z,2024-08-30T21:01:00Z,ERIS,exact,
2024-08-30,,YAHOO-CONTINUOUS-ZF,108.8671875,price_points,2024-08-30T21:00:00Z,2024-08-30T21:01:00Z,YAHOO,proxy,continuous futures proxy
2024-08-30,,YAHOO-CONTINUOUS-ZT,103.2734375,price_points,2024-08-30T21:00:00Z,2024-08-30T21:01:00Z,YAHOO,proxy,continuous futures proxy
2024-09-03,,ERIS-YIT,92.33590000000002,price_points,2024-09-03T21:00:00Z,2024-09-03T21:01:00Z,ERIS,exact,
2024-09-03,,ERIS-YIW,86.9875,price_points,2024-09-03T21:00:00Z,2024-09-03T21:01:00Z,ERIS,exact,
2024-09-03,,YAHOO-CONTINUOUS-ZF,109.1171875,price_points,2024-09-03T21:00:00Z,2024-09-03T21:01:00Z,YAHOO,proxy,continuous futures proxy
2024-09-03,,YAHOO-CONTINUOUS-ZT,103.359375,price_points,2024-09-03T21:00:00Z,2024-09-03T21:01:00Z,YAHOO,proxy,continuous futures proxy
2024-09-04,,ERIS-YIT,92.54260000000004,price_points,2024-09-04T21:00:00Z,2024-09-04T21:01:00Z,ERIS,exact,
2024-09-04,,ERIS-YIW,87.37129999999999,price_points,2024-09-04T21:00:00Z,2024-09-04T21:01:00Z,ERIS,exact,
2024-09-04,,YAHOO-CONTINUOUS-ZF,109.5234375,price_points,2024-09-04T21:00:00Z,2024-09-04T21:01:00Z,YAHOO,proxy,continuous futures proxy
2024-09-04,,YAHOO-CONTINUOUS-ZT,103.59375,price_points,2024-09-04T21:00:00Z,2024-09-04T21:01:00Z,YAHOO,proxy,continuous futures proxy
2024-09-05,,ERIS-YIT,92.55700000000003,price_points,2024-09-05T21:00:00Z,2024-09-05T21:01:00Z,ERIS,exact,
2024-09-05,,ERIS-YIW,87.4572,price_points,2024-09-05T21:00:00Z,2024-09-05T21:01:00Z,ERIS,exact,
2024-09-05,,YAHOO-CONTINUOUS-ZF,109.6484375,price_points,2024-09-05T21:00:00Z,2024-09-05T21:01:00Z,YAHOO,proxy,continuous futures proxy
2024-09-05,,YAHOO-CONTINUOUS-ZT,103.65234375,price_points,2024-09-05T21:00:00Z,2024-09-05T21:01:00Z,YAHOO,proxy,continuous futures proxy
2024-09-06,,ERIS-YIT,92.74200000000003,price_points,2024-09-06T21:00:00Z,2024-09-06T21:01:00Z,ERIS,exact,
2024-09-06,,ERIS-YIW,87.73939999999999,price_points,2024-09-06T21:00:00Z,2024-09-06T21:01:00Z,ERIS,exact,
2024-09-06,,YAHOO-CONTINUOUS-ZF,109.875,price_points,2024-09-06T21:00:00Z,2024-09-06T21:01:00Z,YAHOO,proxy,continuous futures proxy
2024-09-06,,YAHOO-CONTINUOUS-ZT,103.8359375,price_points,2024-09-06T21:00:00Z,2024-09-06T21:01:00Z,YAHOO,proxy,continuous futures proxy
2024-09-09,,ERIS-YIT,92.70880000000002,price_points,2024-09-09T21:00:00Z,2024-09-09T21:01:00Z,ERIS,exact,
2024-09-09,,ERIS-YIW,87.73899999999999,price_points,2024-09-09T21:00:00Z,2024-09-09T21:01:00Z,ERIS,exact,
2024-09-09,,YAHOO-CONTINUOUS-ZF,109.9296875,price_points,2024-09-09T21:00:00Z,2024-09-09T21:01:00Z,YAHOO,proxy,continuous futures proxy
2024-09-09,,YAHOO-CONTINUOUS-ZT,103.83984375,price_points,2024-09-09T21:00:00Z,2024-09-09T21:01:00Z,YAHOO,proxy,continuous futures proxy
2024-09-10,,ERIS-YIT,92.80480000000003,price_points,2024-09-10T21:00:00Z,2024-09-10T21:01:00Z,ERIS,exact,
2024-09-10,,ERIS-YIW,87.9887,price_points,2024-09-10T21:00:00Z,2024-09-10T21:01:00Z,ERIS,exact,
2024-09-10,,YAHOO-CONTINUOUS-ZF,110.1796875,price_points,2024-09-10T21:00:00Z,2024-09-10T21:01:00Z,YAHOO,proxy,continuous futures proxy
2024-09-10,,YAHOO-CONTINUOUS-ZT,103.9140625,price_points,2024-09-10T21:00:00Z,2024-09-10T21:01:00Z,YAHOO,proxy,continuous futures proxy
2024-09-11,,ERIS-YIT,92.71960000000003,price_points,2024-09-11T21:00:00Z,2024-09-11T21:01:00Z,ERIS,exact,
2024-09-11,,ERIS-YIW,87.88669999999999,price_points,2024-09-11T21:00:00Z,2024-09-11T21:01:00Z,ERIS,exact,
2024-09-11,,YAHOO-CONTINUOUS-ZF,110.09375,price_points,2024-09-11T21:00:00Z,2024-09-11T21:01:00Z,YAHOO,proxy,continuous futures proxy
2024-09-11,,YAHOO-CONTINUOUS-ZT,103.85546875,price_points,2024-09-11T21:00:00Z,2024-09-11T21:01:00Z,YAHOO,proxy,continuous futures proxy
2024-09-12,,ERIS-YIT,92.71370000000003,price_points,2024-09-12T21:00:00Z,2024-09-12T21:01:00Z,ERIS,exact,
2024-09-12,,ERIS-YIW,87.79339999999999,price_points,2024-09-12T21:00:00Z,2024-09-12T21:01:00Z,ERIS,exact,
2024-09-12,,YAHOO-CONTINUOUS-ZF,110.015625,price_points,2024-09-12T21:00:00Z,2024-09-12T21:01:00Z,YAHOO,proxy,continuous futures proxy
2024-09-12,,YAHOO-CONTINUOUS-ZT,103.83984375,price_points,2024-09-12T21:00:00Z,2024-09-12T21:01:00Z,YAHOO,proxy,continuous futures proxy
2024-09-13,,ERIS-YIT,92.82050000000002,price_points,2024-09-13T21:00:00Z,2024-09-13T21:01:00Z,ERIS,exact,
2024-09-13,,ERIS-YIW,87.93079999999999,price_points,2024-09-13T21:00:00Z,2024-09-13T21:01:00Z,ERIS,exact,
2024-09-13,,YAHOO-CONTINUOUS-ZF,110.1953125,price_points,2024-09-13T21:00:00Z,2024-09-13T21:01:00Z,YAHOO,proxy,continuous futures proxy
2024-09-13,,YAHOO-CONTINUOUS-ZT,104,price_points,2024-09-13T21:00:00Z,2024-09-13T21:01:00Z,YAHOO,proxy,continuous futures proxy
2024-09-16,,ERIS-YIT,92.85890000000003,price_points,2024-09-16T21:00:00Z,2024-09-16T21:01:00Z,ERIS,exact,
2024-09-16,,ERIS-YIW,87.9931,price_points,2024-09-16T21:00:00Z,2024-09-16T21:01:00Z,ERIS,exact,
2024-09-16,,YAHOO-CONTINUOUS-ZF,110.265625,price_points,2024-09-16T21:00:00Z,2024-09-16T21:01:00Z,YAHOO,proxy,continuous futures proxy
2024-09-16,,YAHOO-CONTINUOUS-ZT,104.08984375,price_points,2024-09-16T21:00:00Z,2024-09-16T21:01:00Z,YAHOO,proxy,continuous futures proxy
2024-09-17,,ERIS-YIT,92.77550000000002,price_points,2024-09-17T21:00:00Z,2024-09-17T21:01:00Z,ERIS,exact,
2024-09-17,,ERIS-YIW,87.8561,price_points,2024-09-17T21:00:00Z,2024-09-17T21:01:00Z,ERIS,exact,
2024-09-17,,YAHOO-CONTINUOUS-ZF,110.1171875,price_points,2024-09-17T21:00:00Z,2024-09-17T21:01:00Z,YAHOO,proxy,continuous futures proxy
2024-09-17,,YAHOO-CONTINUOUS-ZT,103.98828125,price_points,2024-09-17T21:00:00Z,2024-09-17T21:01:00Z,YAHOO,proxy,continuous futures proxy
2024-09-18,,ERIS-YIT,92.76210000000003,price_points,2024-09-18T21:00:00Z,2024-09-18T21:01:00Z,ERIS,exact,
2024-09-18,,ERIS-YIW,87.6865,price_points,2024-09-18T21:00:00Z,2024-09-18T21:01:00Z,ERIS,exact,
2024-09-18,,YAHOO-CONTINUOUS-ZF,110.0234375,price_points,2024-09-18T21:00:00Z,2024-09-18T21:01:00Z,YAHOO,proxy,continuous futures proxy
2024-09-18,,YAHOO-CONTINUOUS-ZT,103.9921875,price_points,2024-09-18T21:00:00Z,2024-09-18T21:01:00Z,YAHOO,proxy,continuous futures proxy
2024-09-19,,ERIS-YIT,92.76520000000004,price_points,2024-09-19T21:00:00Z,2024-09-19T21:01:00Z,ERIS,exact,
2024-09-19,,ERIS-YIW,87.56099999999999,price_points,2024-09-19T21:00:00Z,2024-09-19T21:01:00Z,ERIS,exact,
2024-09-19,,YAHOO-CONTINUOUS-ZF,109.8671875,price_points,2024-09-19T21:00:00Z,2024-09-19T21:01:00Z,YAHOO,proxy,continuous futures proxy
2024-09-19,,YAHOO-CONTINUOUS-ZT,104.046875,price_points,2024-09-19T21:00:00Z,2024-09-19T21:01:00Z,YAHOO,proxy,continuous futures proxy
2024-09-20,,ERIS-YIT,92.80960000000003,price_points,2024-09-20T21:00:00Z,2024-09-20T21:01:00Z,ERIS,exact,
2024-09-20,,ERIS-YIW,87.6254,price_points,2024-09-20T21:00:00Z,2024-09-20T21:01:00Z,ERIS,exact,
2024-09-20,,YAHOO-CONTINUOUS-ZF,109.9453125,price_points,2024-09-20T21:00:00Z,2024-09-20T21:01:00Z,YAHOO,proxy,continuous futures proxy
2024-09-20,,YAHOO-CONTINUOUS-ZT,104.09375,price_points,2024-09-20T21:00:00Z,2024-09-20T21:01:00Z,YAHOO,proxy,continuous futures proxy
2024-09-23,,ERIS-YIT,92.80960000000003,price_points,2024-09-23T21:00:00Z,2024-09-23T21:01:00Z,ERIS,exact,
2024-09-23,,ERIS-YIW,87.58919999999999,price_points,2024-09-23T21:00:00Z,2024-09-23T21:01:00Z,ERIS,exact,
2024-09-23,,YAHOO-CONTINUOUS-ZF,110,price_points,2024-09-23T21:00:00Z,2024-09-23T21:01:00Z,YAHOO,proxy,continuous futures proxy
2024-09-23,,YAHOO-CONTINUOUS-ZT,104.08984375,price_points,2024-09-23T21:00:00Z,2024-09-23T21:01:00Z,YAHOO,proxy,continuous futures proxy
2024-09-24,,ERIS-YIT,92.86180000000003,price_points,2024-09-24T21:00:00Z,2024-09-24T21:01:00Z,ERIS,exact,
2024-09-24,,ERIS-YIW,87.6618,price_points,2024-09-24T21:00:00Z,2024-09-24T21:01:00Z,ERIS,exact,
2024-09-24,,YAHOO-CONTINUOUS-ZF,110.015625,price_points,2024-09-24T21:00:00Z,2024-09-24T21:01:00Z,YAHOO,proxy,continuous futures proxy
2024-09-24,,YAHOO-CONTINUOUS-ZT,104.140625,price_points,2024-09-24T21:00:00Z,2024-09-24T21:01:00Z,YAHOO,proxy,continuous futures proxy
2024-09-25,,ERIS-YIT,92.79500000000003,price_points,2024-09-25T21:00:00Z,2024-09-25T21:01:00Z,ERIS,exact,
2024-09-25,,ERIS-YIW,87.5188,price_points,2024-09-25T21:00:00Z,2024-09-25T21:01:00Z,ERIS,exact,
2024-09-25,,YAHOO-CONTINUOUS-ZF,109.7578125,price_points,2024-09-25T21:00:00Z,2024-09-25T21:01:00Z,YAHOO,proxy,continuous futures proxy
2024-09-25,,YAHOO-CONTINUOUS-ZT,103.92578125,price_points,2024-09-25T21:00:00Z,2024-09-25T21:01:00Z,YAHOO,proxy,continuous futures proxy
2024-09-26,,ERIS-YIT,92.67120000000004,price_points,2024-09-26T21:00:00Z,2024-09-26T21:01:00Z,ERIS,exact,
2024-09-26,,ERIS-YIW,87.3613,price_points,2024-09-26T21:00:00Z,2024-09-26T21:01:00Z,ERIS,exact,
2024-09-26,,YAHOO-CONTINUOUS-ZF,109.5703125,price_points,2024-09-26T21:00:00Z,2024-09-26T21:01:00Z,YAHOO,proxy,continuous futures proxy
2024-09-26,,YAHOO-CONTINUOUS-ZT,103.96875,price_points,2024-09-26T21:00:00Z,2024-09-26T21:01:00Z,YAHOO,proxy,continuous futures proxy
2024-09-27,,ERIS-YIT,92.78520000000003,price_points,2024-09-27T21:00:00Z,2024-09-27T21:01:00Z,ERIS,exact,
2024-09-27,,ERIS-YIW,87.5741,price_points,2024-09-27T21:00:00Z,2024-09-27T21:01:00Z,ERIS,exact,
2024-09-27,,YAHOO-CONTINUOUS-ZF,109.9375,price_points,2024-09-27T21:00:00Z,2024-09-27T21:01:00Z,YAHOO,proxy,continuous futures proxy
2024-09-27,,YAHOO-CONTINUOUS-ZT,104.10546875,price_points,2024-09-27T21:00:00Z,2024-09-27T21:01:00Z,YAHOO,proxy,continuous futures proxy
2024-09-30,,ERIS-YIT,92.61170000000004,price_points,2024-09-30T21:00:00Z,2024-09-30T21:01:00Z,ERIS,exact,
2024-09-30,,ERIS-YIW,87.26129999999999,price_points,2024-09-30T21:00:00Z,2024-09-30T21:01:00Z,ERIS,exact,
2024-09-30,,YAHOO-CONTINUOUS-ZF,109.65625,price_points,2024-09-30T21:00:00Z,2024-09-30T21:01:00Z,YAHOO,proxy,continuous futures proxy
2024-09-30,,YAHOO-CONTINUOUS-ZT,104.03125,price_points,2024-09-30T21:00:00Z,2024-09-30T21:01:00Z,YAHOO,proxy,continuous futures proxy
2024-10-01,,ERIS-YIT,92.69730000000004,price_points,2024-10-01T21:00:00Z,2024-10-01T21:01:00Z,ERIS,exact,
2024-10-01,,ERIS-YIW,87.4888,price_points,2024-10-01T21:00:00Z,2024-10-01T21:01:00Z,ERIS,exact,
2024-10-01,,YAHOO-CONTINUOUS-ZF,110.1171875,price_points,2024-10-01T21:00:00Z,2024-10-01T21:01:00Z,YAHOO,proxy,continuous futures proxy
2024-10-01,,YAHOO-CONTINUOUS-ZT,104.1796875,price_points,2024-10-01T21:00:00Z,2024-10-01T21:01:00Z,YAHOO,proxy,continuous futures proxy
2024-10-02,,ERIS-YIT,92.63450000000003,price_points,2024-10-02T21:00:00Z,2024-10-02T21:01:00Z,ERIS,exact,
2024-10-02,,ERIS-YIW,87.3566,price_points,2024-10-02T21:00:00Z,2024-10-02T21:01:00Z,ERIS,exact,
2024-10-02,,YAHOO-CONTINUOUS-ZF,109.9765625,price_points,2024-10-02T21:00:00Z,2024-10-02T21:01:00Z,YAHOO,proxy,continuous futures proxy
2024-10-02,,YAHOO-CONTINUOUS-ZT,104.13671875,price_points,2024-10-02T21:00:00Z,2024-10-02T21:01:00Z,YAHOO,proxy,continuous futures proxy
2024-10-03,,ERIS-YIT,92.46400000000004,price_points,2024-10-03T21:00:00Z,2024-10-03T21:01:00Z,ERIS,exact,
2024-10-03,,ERIS-YIW,87.0159,price_points,2024-10-03T21:00:00Z,2024-10-03T21:01:00Z,ERIS,exact,
2024-10-03,,YAHOO-CONTINUOUS-ZF,109.6015625,price_points,2024-10-03T21:00:00Z,2024-10-03T21:01:00Z,YAHOO,proxy,continuous futures proxy
2024-10-03,,YAHOO-CONTINUOUS-ZT,103.98046875,price_points,2024-10-03T21:00:00Z,2024-10-03T21:01:00Z,YAHOO,proxy,continuous futures proxy
2024-10-04,,ERIS-YIT,91.98590000000004,price_points,2024-10-04T21:00:00Z,2024-10-04T21:01:00Z,ERIS,exact,
2024-10-04,,ERIS-YIW,86.2119,price_points,2024-10-04T21:00:00Z,2024-10-04T21:01:00Z,ERIS,exact,
2024-10-04,,YAHOO-CONTINUOUS-ZF,108.7734375,price_points,2024-10-04T21:00:00Z,2024-10-04T21:01:00Z,YAHOO,proxy,continuous futures proxy
2024-10-04,,YAHOO-CONTINUOUS-ZT,103.53515625,price_points,2024-10-04T21:00:00Z,2024-10-04T21:01:00Z,YAHOO,proxy,continuous futures proxy
2024-10-07,,ERIS-YIT,91.83910000000003,price_points,2024-10-07T21:00:00Z,2024-10-07T21:01:00Z,ERIS,exact,
2024-10-07,,ERIS-YIW,85.9567,price_points,2024-10-07T21:00:00Z,2024-10-07T21:01:00Z,ERIS,exact,
2024-10-07,,YAHOO-CONTINUOUS-ZF,108.515625,price_points,2024-10-07T21:00:00Z,2024-10-07T21:01:00Z,YAHOO,proxy,continuous futures proxy
2024-10-07,,YAHOO-CONTINUOUS-ZT,103.390625,price_points,2024-10-07T21:00:00Z,2024-10-07T21:01:00Z,YAHOO,proxy,continuous futures proxy
2024-10-08,,ERIS-YIT,91.87080000000003,price_points,2024-10-08T21:00:00Z,2024-10-08T21:01:00Z,ERIS,exact,
2024-10-08,,ERIS-YIW,85.98509999999999,price_points,2024-10-08T21:00:00Z,2024-10-08T21:01:00Z,ERIS,exact,
2024-10-08,,YAHOO-CONTINUOUS-ZF,108.546875,price_points,2024-10-08T21:00:00Z,2024-10-08T21:01:00Z,YAHOO,proxy,continuous futures proxy
2024-10-08,,YAHOO-CONTINUOUS-ZT,103.43359375,price_points,2024-10-08T21:00:00Z,2024-10-08T21:01:00Z,YAHOO,proxy,continuous futures proxy
2024-10-09,,ERIS-YIT,91.77950000000004,price_points,2024-10-09T21:00:00Z,2024-10-09T21:01:00Z,ERIS,exact,
2024-10-09,,ERIS-YIW,85.8078,price_points,2024-10-09T21:00:00Z,2024-10-09T21:01:00Z,ERIS,exact,
2024-10-09,,YAHOO-CONTINUOUS-ZF,108.3515625,price_points,2024-10-09T21:00:00Z,2024-10-09T21:01:00Z,YAHOO,proxy,continuous futures proxy
2024-10-09,,YAHOO-CONTINUOUS-ZT,103.34765625,price_points,2024-10-09T21:00:00Z,2024-10-09T21:01:00Z,YAHOO,proxy,continuous futures proxy
2024-10-10,,ERIS-YIT,91.81100000000004,price_points,2024-10-10T21:00:00Z,2024-10-10T21:01:00Z,ERIS,exact,
2024-10-10,,ERIS-YIW,85.7945,price_points,2024-10-10T21:00:00Z,2024-10-10T21:01:00Z,ERIS,exact,
2024-10-10,,YAHOO-CONTINUOUS-ZF,108.328125,price_points,2024-10-10T21:00:00Z,2024-10-10T21:01:00Z,YAHOO,proxy,continuous futures proxy
2024-10-10,,YAHOO-CONTINUOUS-ZT,103.37890625,price_points,2024-10-10T21:00:00Z,2024-10-10T21:01:00Z,YAHOO,proxy,continuous futures proxy
2024-10-11,,ERIS-YIT,91.93570000000004,price_points,2024-10-11T21:00:00Z,2024-10-11T21:01:00Z,ERIS,exact,
2024-10-11,,ERIS-YIW,85.9891,price_points,2024-10-11T21:00:00Z,2024-10-11T21:01:00Z,ERIS,exact,
2024-10-11,,YAHOO-CONTINUOUS-ZF,108.5,price_points,2024-10-11T21:00:00Z,2024-10-11T21:01:00Z,YAHOO,proxy,continuous futures proxy
2024-10-11,,YAHOO-CONTINUOUS-ZT,103.4765625,price_points,2024-10-11T21:00:00Z,2024-10-11T21:01:00Z,YAHOO,proxy,continuous futures proxy
2024-10-14,,ERIS-YIT,91.93560000000004,price_points,2024-10-14T21:00:00Z,2024-10-14T21:01:00Z,ERIS,exact,
2024-10-14,,ERIS-YIW,86.00319999999999,price_points,2024-10-14T21:00:00Z,2024-10-14T21:01:00Z,ERIS,exact,
2024-10-14,,YAHOO-CONTINUOUS-ZF,108.234375,price_points,2024-10-14T21:00:00Z,2024-10-14T21:01:00Z,YAHOO,proxy,continuous futures proxy
2024-10-14,,YAHOO-CONTINUOUS-ZT,103.359375,price_points,2024-10-14T21:00:00Z,2024-10-14T21:01:00Z,YAHOO,proxy,continuous futures proxy
2024-10-15,,ERIS-YIT,91.91760000000004,price_points,2024-10-15T21:00:00Z,2024-10-15T21:01:00Z,ERIS,exact,
2024-10-15,,ERIS-YIW,86.0255,price_points,2024-10-15T21:00:00Z,2024-10-15T21:01:00Z,ERIS,exact,
2024-10-15,,YAHOO-CONTINUOUS-ZF,108.546875,price_points,2024-10-15T21:00:00Z,2024-10-15T21:01:00Z,YAHOO,proxy,continuous futures proxy
2024-10-15,,YAHOO-CONTINUOUS-ZT,103.453125,price_points,2024-10-15T21:00:00Z,2024-10-15T21:01:00Z,YAHOO,proxy,continuous futures proxy
2024-10-16,,ERIS-YIT,91.96080000000003,price_points,2024-10-16T21:00:00Z,2024-10-16T21:01:00Z,ERIS,exact,
2024-10-16,,ERIS-YIW,86.0981,price_points,2024-10-16T21:00:00Z,2024-10-16T21:01:00Z,ERIS,exact,
2024-10-16,,YAHOO-CONTINUOUS-ZF,108.609375,price_points,2024-10-16T21:00:00Z,2024-10-16T21:01:00Z,YAHOO,proxy,continuous futures proxy
2024-10-16,,YAHOO-CONTINUOUS-ZT,103.48828125,price_points,2024-10-16T21:00:00Z,2024-10-16T21:01:00Z,YAHOO,proxy,continuous futures proxy
2024-10-17,,ERIS-YIT,91.84920000000004,price_points,2024-10-17T21:00:00Z,2024-10-17T21:01:00Z,ERIS,exact,
2024-10-17,,ERIS-YIW,85.8307,price_points,2024-10-17T21:00:00Z,2024-10-17T21:01:00Z,ERIS,exact,
2024-10-17,,YAHOO-CONTINUOUS-ZF,108.3359375,price_points,2024-10-17T21:00:00Z,2024-10-17T21:01:00Z,YAHOO,proxy,continuous futures proxy
2024-10-17,,YAHOO-CONTINUOUS-ZT,103.38671875,price_points,2024-10-17T21:00:00Z,2024-10-17T21:01:00Z,YAHOO,proxy,continuous futures proxy
2024-10-18,,ERIS-YIT,91.89530000000003,price_points,2024-10-18T21:00:00Z,2024-10-18T21:01:00Z,ERIS,exact,
2024-10-18,,ERIS-YIW,85.92139999999999,price_points,2024-10-18T21:00:00Z,2024-10-18T21:01:00Z,ERIS,exact,
2024-10-18,,YAHOO-CONTINUOUS-ZF,108.4609375,price_points,2024-10-18T21:00:00Z,2024-10-18T21:01:00Z,YAHOO,proxy,continuous futures proxy
2024-10-18,,YAHOO-CONTINUOUS-ZT,103.4453125,price_points,2024-10-18T21:00:00Z,2024-10-18T21:01:00Z,YAHOO,proxy,continuous futures proxy
2024-10-21,,ERIS-YIT,91.72030000000004,price_points,2024-10-21T21:00:00Z,2024-10-21T21:01:00Z,ERIS,exact,
2024-10-21,,ERIS-YIW,85.92139999999999,price_points,2024-10-21T21:00:00Z,2024-10-21T21:01:00Z,ERIS,exact,
2024-10-21,,YAHOO-CONTINUOUS-ZF,108.0390625,price_points,2024-10-21T21:00:00Z,2024-10-21T21:01:00Z,YAHOO,proxy,continuous futures proxy
2024-10-21,,YAHOO-CONTINUOUS-ZT,103.28125,price_points,2024-10-21T21:00:00Z,2024-10-21T21:01:00Z,YAHOO,proxy,continuous futures proxy
2024-10-22,,ERIS-YIT,91.67080000000004,price_points,2024-10-22T21:00:00Z,2024-10-22T21:01:00Z,ERIS,exact,
2024-10-22,,ERIS-YIW,85.78639999999999,price_points,2024-10-22T21:00:00Z,2024-10-22T21:01:00Z,ERIS,exact,
2024-10-22,,YAHOO-CONTINUOUS-ZF,107.921875,price_points,2024-10-22T21:00:00Z,2024-10-22T21:01:00Z,YAHOO,proxy,continuous futures proxy
2024-10-22,,YAHOO-CONTINUOUS-ZT,103.2421875,price_points,2024-10-22T21:00:00Z,2024-10-22T21:01:00Z,YAHOO,proxy,continuous futures proxy
2024-10-23,,ERIS-YIT,91.55410000000003,price_points,2024-10-23T21:00:00Z,2024-10-23T21:01:00Z,ERIS,exact,
2024-10-23,,ERIS-YIW,85.54639999999999,price_points,2024-10-23T21:00:00Z,2024-10-23T21:01:00Z,ERIS,exact,
2024-10-23,,YAHOO-CONTINUOUS-ZF,107.6640625,price_points,2024-10-23T21:00:00Z,2024-10-23T21:01:00Z,YAHOO,proxy,continuous futures proxy
2024-10-23,,YAHOO-CONTINUOUS-ZT,103.14453125,price_points,2024-10-23T21:00:00Z,2024-10-23T21:01:00Z,YAHOO,proxy,continuous futures proxy
2024-10-24,,ERIS-YIT,91.62900000000003,price_points,2024-10-24T21:00:00Z,2024-10-24T21:01:00Z,ERIS,exact,
2024-10-24,,ERIS-YIW,85.7314,price_points,2024-10-24T21:00:00Z,2024-10-24T21:01:00Z,ERIS,exact,
2024-10-24,,YAHOO-CONTINUOUS-ZF,107.8203125,price_points,2024-10-24T21:00:00Z,2024-10-24T21:01:00Z,YAHOO,proxy,continuous futures proxy
2024-10-24,,YAHOO-CONTINUOUS-ZT,103.19921875,price_points,2024-10-24T21:00:00Z,2024-10-24T21:01:00Z,YAHOO,proxy,continuous futures proxy
2024-10-25,,ERIS-YIT,91.55730000000004,price_points,2024-10-25T21:00:00Z,2024-10-25T21:01:00Z,ERIS,exact,
2024-10-25,,ERIS-YIW,85.6014,price_points,2024-10-25T21:00:00Z,2024-10-25T21:01:00Z,ERIS,exact,
2024-10-25,,YAHOO-CONTINUOUS-ZF,107.671875,price_points,2024-10-25T21:00:00Z,2024-10-25T21:01:00Z,YAHOO,proxy,continuous futures proxy
2024-10-25,,YAHOO-CONTINUOUS-ZT,103.12890625,price_points,2024-10-25T21:00:00Z,2024-10-25T21:01:00Z,YAHOO,proxy,continuous futures proxy
2024-10-28,,ERIS-YIT,91.46610000000004,price_points,2024-10-28T21:00:00Z,2024-10-28T21:01:00Z,ERIS,exact,
2024-10-28,,ERIS-YIW,85.40639999999999,price_points,2024-10-28T21:00:00Z,2024-10-28T21:01:00Z,ERIS,exact,
2024-10-28,,YAHOO-CONTINUOUS-ZF,107.453125,price_points,2024-10-28T21:00:00Z,2024-10-28T21:01:00Z,YAHOO,proxy,continuous futures proxy
2024-10-28,,YAHOO-CONTINUOUS-ZT,103.046875,price_points,2024-10-28T21:00:00Z,2024-10-28T21:01:00Z,YAHOO,proxy,continuous futures proxy
2024-10-29,,ERIS-YIT,91.51280000000004,price_points,2024-10-29T21:00:00Z,2024-10-29T21:01:00Z,ERIS,exact,
2024-10-29,,ERIS-YIW,85.45139999999999,price_points,2024-10-29T21:00:00Z,2024-10-29T21:01:00Z,ERIS,exact,
2024-10-29,,YAHOO-CONTINUOUS-ZF,107.484375,price_points,2024-10-29T21:00:00Z,2024-10-29T21:01:00Z,YAHOO,proxy,continuous futures proxy
2024-10-29,,YAHOO-CONTINUOUS-ZT,103.078125,price_points,2024-10-29T21:00:00Z,2024-10-29T21:01:00Z,YAHOO,proxy,continuous futures proxy
2024-10-30,,ERIS-YIT,91.42370000000004,price_points,2024-10-30T21:00:00Z,2024-10-30T21:01:00Z,ERIS,exact,
2024-10-30,,ERIS-YIW,85.34639999999999,price_points,2024-10-30T21:00:00Z,2024-10-30T21:01:00Z,ERIS,exact,
2024-10-30,,YAHOO-CONTINUOUS-ZF,107.375,price_points,2024-10-30T21:00:00Z,2024-10-30T21:01:00Z,YAHOO,proxy,continuous futures proxy
2024-10-30,,YAHOO-CONTINUOUS-ZT,103.0078125,price_points,2024-10-30T21:00:00Z,2024-10-30T21:01:00Z,YAHOO,proxy,continuous futures proxy
2024-10-31,,ERIS-YIT,91.38620000000003,price_points,2024-10-31T21:00:00Z,2024-10-31T21:01:00Z,ERIS,exact,
2024-10-31,,ERIS-YIW,85.2164,price_points,2024-10-31T21:00:00Z,2024-10-31T21:01:00Z,ERIS,exact,
2024-10-31,,YAHOO-CONTINUOUS-ZF,107.234375,price_points,2024-10-31T21:00:00Z,2024-10-31T21:01:00Z,YAHOO,proxy,continuous futures proxy
2024-10-31,,YAHOO-CONTINUOUS-ZT,102.97265625,price_points,2024-10-31T21:00:00Z,2024-10-31T21:01:00Z,YAHOO,proxy,continuous futures proxy
2024-11-01,,ERIS-YIT,91.31480000000003,price_points,2024-11-01T21:00:00Z,2024-11-01T21:01:00Z,ERIS,exact,
2024-11-01,,ERIS-YIW,85.03639999999999,price_points,2024-11-01T21:00:00Z,2024-11-01T21:01:00Z,ERIS,exact,
2024-11-01,,YAHOO-CONTINUOUS-ZF,107.015625,price_points,2024-11-01T21:00:00Z,2024-11-01T21:01:00Z,YAHOO,proxy,continuous futures proxy
2024-11-01,,YAHOO-CONTINUOUS-ZT,102.8984375,price_points,2024-11-01T21:00:00Z,2024-11-01T21:01:00Z,YAHOO,proxy,continuous futures proxy
2024-11-04,,ERIS-YIT,91.35200000000003,price_points,2024-11-04T21:00:00Z,2024-11-04T21:01:00Z,ERIS,exact,
2024-11-04,,ERIS-YIW,85.19139999999999,price_points,2024-11-04T21:00:00Z,2024-11-04T21:01:00Z,ERIS,exact,
2024-11-04,,YAHOO-CONTINUOUS-ZF,107.171875,price_points,2024-11-04T21:00:00Z,2024-11-04T21:01:00Z,YAHOO,proxy,continuous futures proxy
2024-11-04,,YAHOO-CONTINUOUS-ZT,102.94140625,price_points,2024-11-04T21:00:00Z,2024-11-04T21:01:00Z,YAHOO,proxy,continuous futures proxy
2024-11-05,,ERIS-YIT,91.29180000000004,price_points,2024-11-05T21:00:00Z,2024-11-05T21:01:00Z,ERIS,exact,
2024-11-05,,ERIS-YIW,85.17639999999999,price_points,2024-11-05T21:00:00Z,2024-11-05T21:01:00Z,ERIS,exact,
2024-11-05,,YAHOO-CONTINUOUS-ZF,107.1328125,price_points,2024-11-05T21:00:00Z,2024-11-05T21:01:00Z,YAHOO,proxy,continuous futures proxy
2024-11-05,,YAHOO-CONTINUOUS-ZT,102.87109375,price_points,2024-11-05T21:00:00Z,2024-11-05T21:01:00Z,YAHOO,proxy,continuous futures proxy
2024-11-06,,ERIS-YIT,91.10990000000004,price_points,2024-11-06T21:00:00Z,2024-11-06T21:01:00Z,ERIS,exact,
2024-11-06,,ERIS-YIW,84.61139999999999,price_points,2024-11-06T21:00:00Z,2024-11-06T21:01:00Z,ERIS,exact,
2024-11-06,,YAHOO-CONTINUOUS-ZF,106.7265625,price_points,2024-11-06T21:00:00Z,2024-11-06T21:01:00Z,YAHOO,proxy,continuous futures proxy
2024-11-06,,YAHOO-CONTINUOUS-ZT,102.74609375,price_points,2024-11-06T21:00:00Z,2024-11-06T21:01:00Z,YAHOO,proxy,continuous futures proxy
2024-11-07,,ERIS-YIT,91.20500000000004,price_points,2024-11-07T21:00:00Z,2024-11-07T21:01:00Z,ERIS,exact,
2024-11-07,,ERIS-YIW,84.9314,price_points,2024-11-07T21:00:00Z,2024-11-07T21:01:00Z,ERIS,exact,
2024-11-07,,YAHOO-CONTINUOUS-ZF,107.046875,price_points,2024-11-07T21:00:00Z,2024-11-07T21:01:00Z,YAHOO,proxy,continuous futures proxy
2024-11-07,,YAHOO-CONTINUOUS-ZT,102.828125,price_points,2024-11-07T21:00:00Z,2024-11-07T21:01:00Z,YAHOO,proxy,continuous futures proxy
2024-11-08,,ERIS-YIT,91.13520000000004,price_points,2024-11-08T21:00:00Z,2024-11-08T21:01:00Z,ERIS,exact,
2024-11-08,,ERIS-YIW,84.8964,price_points,2024-11-08T21:00:00Z,2024-11-08T21:01:00Z,ERIS,exact,
2024-11-08,,YAHOO-CONTINUOUS-ZF,107.0078125,price_points,2024-11-08T21:00:00Z,2024-11-08T21:01:00Z,YAHOO,proxy,continuous futures proxy
2024-11-08,,YAHOO-CONTINUOUS-ZT,102.76953125,price_points,2024-11-08T21:00:00Z,2024-11-08T21:01:00Z,YAHOO,proxy,continuous futures proxy
2024-11-11,,ERIS-YIT,91.13540000000003,price_points,2024-11-11T21:00:00Z,2024-11-11T21:01:00Z,ERIS,exact,
2024-11-11,,ERIS-YIW,84.8964,price_points,2024-11-11T21:00:00Z,2024-11-11T21:01:00Z,ERIS,exact,
2024-11-11,,YAHOO-CONTINUOUS-ZF,106.7421875,price_points,2024-11-11T21:00:00Z,2024-11-11T21:01:00Z,YAHOO,proxy,continuous futures proxy
2024-11-11,,YAHOO-CONTINUOUS-ZT,102.66796875,price_points,2024-11-11T21:00:00Z,2024-11-11T21:01:00Z,YAHOO,proxy,continuous futures proxy
2024-11-12,,ERIS-YIT,90.93890000000003,price_points,2024-11-12T21:00:00Z,2024-11-12T21:01:00Z,ERIS,exact,
2024-11-12,,ERIS-YIW,84.43639999999999,price_points,2024-11-12T21:00:00Z,2024-11-12T21:01:00Z,ERIS,exact,
2024-11-12,,YAHOO-CONTINUOUS-ZF,106.5,price_points,2024-11-12T21:00:00Z,2024-11-12T21:01:00Z,YAHOO,proxy,continuous futures proxy
2024-11-12,,YAHOO-CONTINUOUS-ZT,102.59765625,price_points,2024-11-12T21:00:00Z,2024-11-12T21:01:00Z,YAHOO,proxy,continuous futures proxy
2024-11-13,,ERIS-YIT,91.05220000000004,price_points,2024-11-13T21:00:00Z,2024-11-13T21:01:00Z,ERIS,exact,
2024-11-13,,ERIS-YIW,84.53639999999999,price_points,2024-11-13T21:00:00Z,2024-11-13T21:01:00Z,ERIS,exact,
2024-11-13,,YAHOO-CONTINUOUS-ZF,106.5703125,price_points,2024-11-13T21:00:00Z,2024-11-13T21:01:00Z,YAHOO,proxy,continuous futures proxy
2024-11-13,,YAHOO-CONTINUOUS-ZT,102.69921875,price_points,2024-11-13T21:00:00Z,2024-11-13T21:01:00Z,YAHOO,proxy,continuous futures proxy
2024-11-14,,ERIS-YIT,91.04560000000004,price_points,2024-11-14T21:00:00Z,2024-11-14T21:01:00Z,ERIS,exact,
2024-11-14,,ERIS-YIW,84.5564,price_points,2024-11-14T21:00:00Z,2024-11-14T21:01:00Z,ERIS,exact,
2024-11-14,,YAHOO-CONTINUOUS-ZF,106.6015625,price_points,2024-11-14T21:00:00Z,2024-11-14T21:01:00Z,YAHOO,proxy,continuous futures proxy
2024-11-14,,YAHOO-CONTINUOUS-ZT,102.67578125,price_points,2024-11-14T21:00:00Z,2024-11-14T21:01:00Z,YAHOO,proxy,continuous futures proxy
2024-11-15,,ERIS-YIT,91.01680000000003,price_points,2024-11-15T21:00:00Z,2024-11-15T21:01:00Z,ERIS,exact,
2024-11-15,,ERIS-YIW,84.53639999999999,price_points,2024-11-15T21:00:00Z,2024-11-15T21:01:00Z,ERIS,exact,
2024-11-15,,YAHOO-CONTINUOUS-ZF,106.5859375,price_points,2024-11-15T21:00:00Z,2024-11-15T21:01:00Z,YAHOO,proxy,continuous futures proxy
2024-11-15,,YAHOO-CONTINUOUS-ZT,102.65234375,price_points,2024-11-15T21:00:00Z,2024-11-15T21:01:00Z,YAHOO,proxy,continuous futures proxy
2024-11-18,,ERIS-YIT,91.04840000000004,price_points,2024-11-18T21:00:00Z,2024-11-18T21:01:00Z,ERIS,exact,
2024-11-18,,ERIS-YIW,84.6064,price_points,2024-11-18T21:00:00Z,2024-11-18T21:01:00Z,ERIS,exact,
2024-11-18,,YAHOO-CONTINUOUS-ZF,106.6640625,price_points,2024-11-18T21:00:00Z,2024-11-18T21:01:00Z,YAHOO,proxy,continuous futures proxy
2024-11-18,,YAHOO-CONTINUOUS-ZT,102.67578125,price_points,2024-11-18T21:00:00Z,2024-11-18T21:01:00Z,YAHOO,proxy,continuous futures proxy
2024-11-19,,ERIS-YIT,91.07610000000004,price_points,2024-11-19T21:00:00Z,2024-11-19T21:01:00Z,ERIS,exact,
2024-11-19,,ERIS-YIW,84.70639999999999,price_points,2024-11-19T21:00:00Z,2024-11-19T21:01:00Z,ERIS,exact,
2024-11-19,,YAHOO-CONTINUOUS-ZF,106.78125,price_points,2024-11-19T21:00:00Z,2024-11-19T21:01:00Z,YAHOO,proxy,continuous futures proxy
2024-11-19,,YAHOO-CONTINUOUS-ZT,102.6953125,price_points,2024-11-19T21:00:00Z,2024-11-19T21:01:00Z,YAHOO,proxy,continuous futures proxy
2024-11-20,,ERIS-YIT,91.00570000000003,price_points,2024-11-20T21:00:00Z,2024-11-20T21:01:00Z,ERIS,exact,
2024-11-20,,ERIS-YIW,84.56639999999999,price_points,2024-11-20T21:00:00Z,2024-11-20T21:01:00Z,ERIS,exact,
2024-11-20,,YAHOO-CONTINUOUS-ZF,106.671875,price_points,2024-11-20T21:00:00Z,2024-11-20T21:01:00Z,YAHOO,proxy,continuous futures proxy
2024-11-20,,YAHOO-CONTINUOUS-ZT,102.625,price_points,2024-11-20T21:00:00Z,2024-11-20T21:01:00Z,YAHOO,proxy,continuous futures proxy
2024-11-21,,ERIS-YIT,90.93180000000004,price_points,2024-11-21T21:00:00Z,2024-11-21T21:01:00Z,ERIS,exact,
2024-11-21,,ERIS-YIW,84.44139999999999,price_points,2024-11-21T21:00:00Z,2024-11-21T21:01:00Z,ERIS,exact,
2024-11-21,,YAHOO-CONTINUOUS-ZF,106.515625,price_points,2024-11-21T21:00:00Z,2024-11-21T21:01:00Z,YAHOO,proxy,continuous futures proxy
2024-11-21,,YAHOO-CONTINUOUS-ZT,102.5546875,price_points,2024-11-21T21:00:00Z,2024-11-21T21:01:00Z,YAHOO,proxy,continuous futures proxy
2024-11-22,,ERIS-YIT,90.90970000000004,price_points,2024-11-22T21:00:00Z,2024-11-22T21:01:00Z,ERIS,exact,
2024-11-22,,ERIS-YIW,84.4764,price_points,2024-11-22T21:00:00Z,2024-11-22T21:01:00Z,ERIS,exact,
2024-11-22,,YAHOO-CONTINUOUS-ZF,106.5390625,price_points,2024-11-22T21:00:00Z,2024-11-22T21:01:00Z,YAHOO,proxy,continuous futures proxy
2024-11-22,,YAHOO-CONTINUOUS-ZT,102.52734375,price_points,2024-11-22T21:00:00Z,2024-11-22T21:01:00Z,YAHOO,proxy,continuous futures proxy
2024-11-25,,ERIS-YIT,91.08360000000003,price_points,2024-11-25T21:00:00Z,2024-11-25T21:01:00Z,ERIS,exact,
2024-11-25,,ERIS-YIW,84.98639999999999,price_points,2024-11-25T21:00:00Z,2024-11-25T21:01:00Z,ERIS,exact,
2024-11-25,,YAHOO-CONTINUOUS-ZF,107.0390625,price_points,2024-11-25T21:00:00Z,2024-11-25T21:01:00Z,YAHOO,proxy,continuous futures proxy
2024-11-25,,YAHOO-CONTINUOUS-ZT,102.69140625,price_points,2024-11-25T21:00:00Z,2024-11-25T21:01:00Z,YAHOO,proxy,continuous futures proxy
2024-11-26,,ERIS-YIT,91.03390000000003,price_points,2024-11-26T21:00:00Z,2024-11-26T21:01:00Z,ERIS,exact,
2024-11-26,,ERIS-YIW,84.8064,price_points,2024-11-26T21:00:00Z,2024-11-26T21:01:00Z,ERIS,exact,
2024-11-26,,YAHOO-CONTINUOUS-ZF,106.953125,price_points,2024-11-26T21:00:00Z,2024-11-26T21:01:00Z,YAHOO,proxy,continuous futures proxy
2024-11-26,,YAHOO-CONTINUOUS-ZT,102.69140625,price_points,2024-11-26T21:00:00Z,2024-11-26T21:01:00Z,YAHOO,proxy,continuous futures proxy
2024-11-27,,ERIS-YIT,91.15290000000003,price_points,2024-11-27T21:00:00Z,2024-11-27T21:01:00Z,ERIS,exact,
2024-11-27,,ERIS-YIW,85.1164,price_points,2024-11-27T21:00:00Z,2024-11-27T21:01:00Z,ERIS,exact,
2024-11-27,,YAHOO-CONTINUOUS-ZF,107.2265625,price_points,2024-11-27T21:00:00Z,2024-11-27T21:01:00Z,YAHOO,proxy,continuous futures proxy
2024-11-27,,YAHOO-CONTINUOUS-ZT,102.765625,price_points,2024-11-27T21:00:00Z,2024-11-27T21:01:00Z,YAHOO,proxy,continuous futures proxy
2024-11-29,,ERIS-YIT,91.22460000000004,price_points,2024-11-29T21:00:00Z,2024-11-29T21:01:00Z,ERIS,exact,
2024-11-29,,ERIS-YIW,85.29639999999999,price_points,2024-11-29T21:00:00Z,2024-11-29T21:01:00Z,ERIS,exact,
2024-11-29,,YAHOO-CONTINUOUS-ZF,107.3984375,price_points,2024-11-29T21:00:00Z,2024-11-29T21:01:00Z,YAHOO,proxy,continuous futures proxy
2024-11-29,,YAHOO-CONTINUOUS-ZT,102.84375,price_points,2024-11-29T21:00:00Z,2024-11-29T21:01:00Z,YAHOO,proxy,continuous futures proxy
2024-12-02,,ERIS-YIT,91.17100000000003,price_points,2024-12-02T21:00:00Z,2024-12-02T21:01:00Z,ERIS,exact,
2024-12-02,,ERIS-YIW,85.2164,price_points,2024-12-02T21:00:00Z,2024-12-02T21:01:00Z,ERIS,exact,
2024-12-02,,YAHOO-CONTINUOUS-ZF,107.3203125,price_points,2024-12-02T21:00:00Z,2024-12-02T21:01:00Z,YAHOO,proxy,continuous futures proxy
2024-12-02,,YAHOO-CONTINUOUS-ZT,102.80078125,price_points,2024-12-02T21:00:00Z,2024-12-02T21:01:00Z,YAHOO,proxy,continuous futures proxy
2024-12-03,,ERIS-YIT,91.21910000000004,price_points,2024-12-03T21:00:00Z,2024-12-03T21:01:00Z,ERIS,exact,
2024-12-03,,ERIS-YIW,85.20639999999999,price_points,2024-12-03T21:00:00Z,2024-12-03T21:01:00Z,ERIS,exact,
2024-12-03,,YAHOO-CONTINUOUS-ZF,107.2890625,price_points,2024-12-03T21:00:00Z,2024-12-03T21:01:00Z,YAHOO,proxy,continuous futures proxy
2024-12-03,,YAHOO-CONTINUOUS-ZT,102.859375,price_points,2024-12-03T21:00:00Z,2024-12-03T21:01:00Z,YAHOO,proxy,continuous futures proxy
2024-12-04,,ERIS-YIT,91.31960000000004,price_points,2024-12-04T21:00:00Z,2024-12-04T21:01:00Z,ERIS,exact,
2024-12-04,,ERIS-YIW,85.3814,price_points,2024-12-04T21:00:00Z,2024-12-04T21:01:00Z,ERIS,exact,
2024-12-04,,YAHOO-CONTINUOUS-ZF,107.4609375,price_points,2024-12-04T21:00:00Z,2024-12-04T21:01:00Z,YAHOO,proxy,continuous futures proxy
2024-12-04,,YAHOO-CONTINUOUS-ZT,102.984375,price_points,2024-12-04T21:00:00Z,2024-12-04T21:01:00Z,YAHOO,proxy,continuous futures proxy
2024-12-05,,ERIS-YIT,91.26800000000004,price_points,2024-12-05T21:00:00Z,2024-12-05T21:01:00Z,ERIS,exact,
2024-12-05,,ERIS-YIW,85.3364,price_points,2024-12-05T21:00:00Z,2024-12-05T21:01:00Z,ERIS,exact,
2024-12-05,,YAHOO-CONTINUOUS-ZF,107.4140625,price_points,2024-12-05T21:00:00Z,2024-12-05T21:01:00Z,YAHOO,proxy,continuous futures proxy
2024-12-05,,YAHOO-CONTINUOUS-ZT,102.97265625,price_points,2024-12-05T21:00:00Z,2024-12-05T21:01:00Z,YAHOO,proxy,continuous futures proxy
2024-12-06,,ERIS-YIT,91.35190000000004,price_points,2024-12-06T21:00:00Z,2024-12-06T21:01:00Z,ERIS,exact,
2024-12-06,,ERIS-YIW,85.53139999999999,price_points,2024-12-06T21:00:00Z,2024-12-06T21:01:00Z,ERIS,exact,
2024-12-06,,YAHOO-CONTINUOUS-ZF,107.6171875,price_points,2024-12-06T21:00:00Z,2024-12-06T21:01:00Z,YAHOO,proxy,continuous futures proxy
2024-12-06,,YAHOO-CONTINUOUS-ZT,103.0703125,price_points,2024-12-06T21:00:00Z,2024-12-06T21:01:00Z,YAHOO,proxy,continuous futures proxy
2024-12-09,,ERIS-YIT,91.30430000000004,price_points,2024-12-09T21:00:00Z,2024-12-09T21:01:00Z,ERIS,exact,
2024-12-09,,ERIS-YIW,85.3864,price_points,2024-12-09T21:00:00Z,2024-12-09T21:01:00Z,ERIS,exact,
2024-12-09,,YAHOO-CONTINUOUS-ZF,107.46875,price_points,2024-12-09T21:00:00Z,2024-12-09T21:01:00Z,YAHOO,proxy,continuous futures proxy
2024-12-09,,YAHOO-CONTINUOUS-ZT,103.0625,price_points,2024-12-09T21:00:00Z,2024-12-09T21:01:00Z,YAHOO,proxy,continuous futures proxy
2024-12-10,,ERIS-YIT,91.24710000000003,price_points,2024-12-10T21:00:00Z,2024-12-10T21:01:00Z,ERIS,exact,
2024-12-10,,ERIS-YIW,85.2764,price_points,2024-12-10T21:00:00Z,2024-12-10T21:01:00Z,ERIS,exact,
2024-12-10,,YAHOO-CONTINUOUS-ZF,107.359375,price_points,2024-12-10T21:00:00Z,2024-12-10T21:01:00Z,YAHOO,proxy,continuous futures proxy
2024-12-10,,YAHOO-CONTINUOUS-ZT,103.02734375,price_points,2024-12-10T21:00:00Z,2024-12-10T21:01:00Z,YAHOO,proxy,continuous futures proxy
2024-12-11,,ERIS-YIT,91.20820000000003,price_points,2024-12-11T21:00:00Z,2024-12-11T21:01:00Z,ERIS,exact,
2024-12-11,,ERIS-YIW,85.09639999999999,price_points,2024-12-11T21:00:00Z,2024-12-11T21:01:00Z,ERIS,exact,
2024-12-11,,YAHOO-CONTINUOUS-ZF,107.21875,price_points,2024-12-11T21:00:00Z,2024-12-11T21:01:00Z,YAHOO,proxy,continuous futures proxy
2024-12-11,,YAHOO-CONTINUOUS-ZT,103.0390625,price_points,2024-12-11T21:00:00Z,2024-12-11T21:01:00Z,YAHOO,proxy,continuous futures proxy
2024-12-12,,ERIS-YIT,91.13450000000003,price_points,2024-12-12T21:00:00Z,2024-12-12T21:01:00Z,ERIS,exact,
2024-12-12,,ERIS-YIW,84.87639999999999,price_points,2024-12-12T21:00:00Z,2024-12-12T21:01:00Z,ERIS,exact,
2024-12-12,,YAHOO-CONTINUOUS-ZF,107.0625,price_points,2024-12-12T21:00:00Z,2024-12-12T21:01:00Z,YAHOO,proxy,continuous futures proxy
2024-12-12,,YAHOO-CONTINUOUS-ZT,102.97265625,price_points,2024-12-12T21:00:00Z,2024-12-12T21:01:00Z,YAHOO,proxy,continuous futures proxy
2024-12-13,,ERIS-YIT,91.03600000000004,price_points,2024-12-13T21:00:00Z,2024-12-13T21:01:00Z,ERIS,exact,
2024-12-13,,ERIS-YIW,84.58139999999999,price_points,2024-12-13T21:00:00Z,2024-12-13T21:01:00Z,ERIS,exact,
2024-12-13,,YAHOO-CONTINUOUS-ZF,106.7890625,price_points,2024-12-13T21:00:00Z,2024-12-13T21:01:00Z,YAHOO,proxy,continuous futures proxy
2024-12-13,,YAHOO-CONTINUOUS-ZT,102.890625,price_points,2024-12-13T21:00:00Z,2024-12-13T21:01:00Z,YAHOO,proxy,continuous futures proxy
2024-12-16,,ERIS-YIT,90.99750000000003,price_points,2024-12-16T21:00:00Z,2024-12-16T21:01:00Z,ERIS,exact,
2024-12-16,,ERIS-YIW,84.5231,price_points,2024-12-16T21:00:00Z,2024-12-16T21:01:00Z,ERIS,exact,
2024-12-16,,YAHOO-CONTINUOUS-ZF,106.7421875,price_points,2024-12-16T21:00:00Z,2024-12-16T21:01:00Z,YAHOO,proxy,continuous futures proxy
2024-12-16,,YAHOO-CONTINUOUS-ZT,102.90625,price_points,2024-12-16T21:00:00Z,2024-12-16T21:01:00Z,YAHOO,proxy,continuous futures proxy
2024-12-17,,ERIS-YIT,90.99880000000003,price_points,2024-12-17T21:00:00Z,2024-12-17T21:01:00Z,ERIS,exact,
2024-12-17,,ERIS-YIW,84.54639999999999,price_points,2024-12-17T21:00:00Z,2024-12-17T21:01:00Z,ERIS,exact,
2024-12-17,,YAHOO-CONTINUOUS-ZF,106.765625,price_points,2024-12-17T21:00:00Z,2024-12-17T21:01:00Z,YAHOO,proxy,continuous futures proxy
2024-12-17,,YAHOO-CONTINUOUS-ZT,102.9296875,price_points,2024-12-17T21:00:00Z,2024-12-17T21:01:00Z,YAHOO,proxy,continuous futures proxy
2024-12-18,,ERIS-YIT,90.75500000000004,price_points,2024-12-18T21:00:00Z,2024-12-18T21:01:00Z,ERIS,exact,
2024-12-18,,ERIS-YIW,84.00229999999999,price_points,2024-12-18T21:00:00Z,2024-12-18T21:01:00Z,ERIS,exact,
2024-12-18,,YAHOO-CONTINUOUS-ZF,106.1875,price_points,2024-12-18T21:00:00Z,2024-12-18T21:01:00Z,YAHOO,proxy,continuous futures proxy
2024-12-18,,YAHOO-CONTINUOUS-ZT,102.69140625,price_points,2024-12-18T21:00:00Z,2024-12-18T21:01:00Z,YAHOO,proxy,continuous futures proxy
2024-12-19,,ERIS-YIT,90.77380000000004,price_points,2024-12-19T21:00:00Z,2024-12-19T21:01:00Z,ERIS,exact,
2024-12-19,,ERIS-YIW,83.7494,price_points,2024-12-19T21:00:00Z,2024-12-19T21:01:00Z,ERIS,exact,
2024-12-19,,YAHOO-CONTINUOUS-ZF,106.1171875,price_points,2024-12-19T21:00:00Z,2024-12-19T21:01:00Z,YAHOO,proxy,continuous futures proxy
2024-12-19,,YAHOO-CONTINUOUS-ZT,102.83984375,price_points,2024-12-19T21:00:00Z,2024-12-19T21:01:00Z,YAHOO,proxy,continuous futures proxy
2024-12-20,,ERIS-YIT,90.82000000000004,price_points,2024-12-20T21:00:00Z,2024-12-20T21:01:00Z,ERIS,exact,
2024-12-20,,ERIS-YIW,83.96539999999999,price_points,2024-12-20T21:00:00Z,2024-12-20T21:01:00Z,ERIS,exact,
2024-12-20,,YAHOO-CONTINUOUS-ZF,106.2890625,price_points,2024-12-20T21:00:00Z,2024-12-20T21:01:00Z,YAHOO,proxy,continuous futures proxy
2024-12-20,,YAHOO-CONTINUOUS-ZT,102.828125,price_points,2024-12-20T21:00:00Z,2024-12-20T21:01:00Z,YAHOO,proxy,continuous futures proxy
2024-12-23,,ERIS-YIT,90.73250000000003,price_points,2024-12-23T21:00:00Z,2024-12-23T21:01:00Z,ERIS,exact,
2024-12-23,,ERIS-YIW,83.66359999999999,price_points,2024-12-23T21:00:00Z,2024-12-23T21:01:00Z,ERIS,exact,
2024-12-23,,YAHOO-CONTINUOUS-ZF,106.078125,price_points,2024-12-23T21:00:00Z,2024-12-23T21:01:00Z,YAHOO,proxy,continuous futures proxy
2024-12-23,,YAHOO-CONTINUOUS-ZT,102.80078125,price_points,2024-12-23T21:00:00Z,2024-12-23T21:01:00Z,YAHOO,proxy,continuous futures proxy
2024-12-24,,ERIS-YIT,90.77000000000004,price_points,2024-12-24T21:00:00Z,2024-12-24T21:01:00Z,ERIS,exact,
2024-12-24,,ERIS-YIW,83.7555,price_points,2024-12-24T21:00:00Z,2024-12-24T21:01:00Z,ERIS,exact,
2024-12-24,,YAHOO-CONTINUOUS-ZF,106.2421875,price_points,2024-12-24T21:00:00Z,2024-12-24T21:01:00Z,YAHOO,proxy,continuous futures proxy
2024-12-24,,YAHOO-CONTINUOUS-ZT,102.82421875,price_points,2024-12-24T21:00:00Z,2024-12-24T21:01:00Z,YAHOO,proxy,continuous futures proxy
2024-12-26,,ERIS-YIT,90.77000000000004,price_points,2024-12-26T21:00:00Z,2024-12-26T21:01:00Z,ERIS,exact,
2024-12-26,,ERIS-YIW,83.78219999999999,price_points,2024-12-26T21:00:00Z,2024-12-26T21:01:00Z,ERIS,exact,
2024-12-26,,YAHOO-CONTINUOUS-ZF,106.28125,price_points,2024-12-26T21:00:00Z,2024-12-26T21:01:00Z,YAHOO,proxy,continuous futures proxy
2024-12-26,,YAHOO-CONTINUOUS-ZT,102.828125,price_points,2024-12-26T21:00:00Z,2024-12-26T21:01:00Z,YAHOO,proxy,continuous futures proxy
2024-12-27,,ERIS-YIT,90.77380000000004,price_points,2024-12-27T21:00:00Z,2024-12-27T21:01:00Z,ERIS,exact,
2024-12-27,,ERIS-YIW,83.6595,price_points,2024-12-27T21:00:00Z,2024-12-27T21:01:00Z,ERIS,exact,
2024-12-27,,YAHOO-CONTINUOUS-ZF,106.1953125,price_points,2024-12-27T21:00:00Z,2024-12-27T21:01:00Z,YAHOO,proxy,continuous futures proxy
2024-12-27,,YAHOO-CONTINUOUS-ZT,102.84375,price_points,2024-12-27T21:00:00Z,2024-12-27T21:01:00Z,YAHOO,proxy,continuous futures proxy
2024-12-30,,ERIS-YIT,90.90380000000003,price_points,2024-12-30T21:00:00Z,2024-12-30T21:01:00Z,ERIS,exact,
2024-12-30,,ERIS-YIW,84.0178,price_points,2024-12-30T21:00:00Z,2024-12-30T21:01:00Z,ERIS,exact,
2024-12-30,,YAHOO-CONTINUOUS-ZF,106.65625,price_points,2024-12-30T21:00:00Z,2024-12-30T21:01:00Z,YAHOO,proxy,continuous futures proxy
2024-12-30,,YAHOO-CONTINUOUS-ZT,102.9765625,price_points,2024-12-30T21:00:00Z,2024-12-30T21:01:00Z,YAHOO,proxy,continuous futures proxy
2024-12-31,,ERIS-YIT,90.89250000000004,price_points,2024-12-31T21:00:00Z,2024-12-31T21:01:00Z,ERIS,exact,
2024-12-31,,ERIS-YIW,83.9129,price_points,2024-12-31T21:00:00Z,2024-12-31T21:01:00Z,ERIS,exact,
2024-12-31,,YAHOO-CONTINUOUS-ZF,106.5625,price_points,2024-12-31T21:00:00Z,2024-12-31T21:01:00Z,YAHOO,proxy,continuous futures proxy
2024-12-31,,YAHOO-CONTINUOUS-ZT,102.97265625,price_points,2024-12-31T21:00:00Z,2024-12-31T21:01:00Z,YAHOO,proxy,continuous futures proxy
