observation_date,series_id,instrument_id,value,value_unit,source_observation_time_utc,available_at_utc,source,classification,proxy_label
2021-01-04,,ERIS-YIT,99.87620000000001,price_points,2021-01-04T21:00:00Z,2021-01-04T21:01:00Z,ERIS,exact,
2021-01-04,,ERIS-YIW,100.0573,price_points,2021-01-04T21:00:00Z,2021-01-04T21:01:00Z,ERIS,exact,
2021-01-04,,YAHOO-CONTINUOUS-ZF,126.203125,price_points,2021-01-04T21:00:00Z,2021-01-04T21:01:00Z,YAHOO,proxy,continuous futures proxy
2021-01-04,,YAHOO-CONTINUOUS-ZT,110.4921875,price_points,2021-01-04T21:00:00Z,2021-01-04T21:01:00Z,YAHOO,proxy,continuous futures proxy
2021-01-05,,ERIS-YIT,99.87450000000001,price_points,2021-01-05T21:00:00Z,2021-01-05T21:01:00Z,ERIS,exact,
2021-01-05,,ERIS-YIW,99.9648,price_points,2021-01-05T21:00:00Z,2021-01-05T21:01:00Z,ERIS,exact,
2021-01-05,,YAHOO-CONTINUOUS-ZF,126.078125,price_points,2021-01-05T21:00:00Z,2021-01-05T21:01:00Z,YAHOO,proxy,continuous futures proxy
2021-01-05,,YAHOO-CONTINUOUS-ZT,110.4765625,price_points,2021-01-05T21:00:00Z,2021-01-05T21:01:00Z,YAHOO,proxy,continuous futures proxy
2021-01-06,,ERIS-YIT,99.8413,price_points,2021-01-06T21:00:00Z,2021-01-06T21:01:00Z,ERIS,exact,
2021-01-06,,ERIS-YIW,99.7403,price_points,2021-01-06T21:00:00Z,2021-01-06T21:01:00Z,ERIS,exact,
2021-01-06,,YAHOO-CONTINUOUS-ZF,125.7890625,price_points,2021-01-06T21:00:00Z,2021-01-06T21:01:00Z,YAHOO,proxy,continuous futures proxy
2021-01-06,,YAHOO-CONTINUOUS-ZT,110.42578125,price_points,2021-01-06T21:00:00Z,2021-01-06T21:01:00Z,YAHOO,proxy,continuous futures proxy
2021-01-07,,ERIS-YIT,99.82110000000002,price_points,2021-01-07T21:00:00Z,2021-01-07T21:01:00Z,ERIS,exact,
2021-01-07,,ERIS-YIW,99.6242,price_points,2021-01-07T21:00:00Z,2021-01-07T21:01:00Z,ERIS,exact,
2021-01-07,,YAHOO-CONTINUOUS-ZF,125.7109375,price_points,2021-01-07T21:00:00Z,2021-01-07T21:01:00Z,YAHOO,proxy,continuous futures proxy
2021-01-07,,YAHOO-CONTINUOUS-ZT,110.4453125,price_points,2021-01-07T21:00:00Z,2021-01-07T21:01:00Z,YAHOO,proxy,continuous futures proxy
2021-01-08,,ERIS-YIT,99.81210000000002,price_points,2021-01-08T21:00:00Z,2021-01-08T21:01:00Z,ERIS,exact,
2021-01-08,,ERIS-YIW,99.4759,price_points,2021-01-08T21:00:00Z,2021-01-08T21:01:00Z,ERIS,exact,
2021-01-08,,YAHOO-CONTINUOUS-ZF,125.59375,price_points,2021-01-08T21:00:00Z,2021-01-08T21:01:00Z,YAHOO,proxy,continuous futures proxy
2021-01-08,,YAHOO-CONTINUOUS-ZT,110.4453125,price_points,2021-01-08T21:00:00Z,2021-01-08T21:01:00Z,YAHOO,proxy,continuous futures proxy
2021-01-11,,ERIS-YIT,99.81210000000002,price_points,2021-01-11T21:00:00Z,2021-01-11T21:01:00Z,ERIS,exact,
2021-01-11,,ERIS-YIW,99.4001,price_points,2021-01-11T21:00:00Z,2021-01-11T21:01:00Z,ERIS,exact,
2021-01-11,,YAHOO-CONTINUOUS-ZF,125.515625,price_points,2021-01-11T21:00:00Z,2021-01-11T21:01:00Z,YAHOO,proxy,continuous futures proxy
2021-01-11,,YAHOO-CONTINUOUS-ZT,110.43359375,price_points,2021-01-11T21:00:00Z,2021-01-11T21:01:00Z,YAHOO,proxy,continuous futures proxy
2021-01-12,,ERIS-YIT,99.80170000000003,price_points,2021-01-12T21:00:00Z,2021-01-12T21:01:00Z,ERIS,exact,
2021-01-12,,ERIS-YIW,99.3579,price_points,2021-01-12T21:00:00Z,2021-01-12T21:01:00Z,ERIS,exact,
2021-01-12,,YAHOO-CONTINUOUS-ZF,125.484375,price_points,2021-01-12T21:00:00Z,2021-01-12T21:01:00Z,YAHOO,proxy,continuous futures proxy
2021-01-12,,YAHOO-CONTINUOUS-ZT,110.42578125,price_points,2021-01-12T21:00:00Z,2021-01-12T21:01:00Z,YAHOO,proxy,continuous futures proxy
2021-01-13,,ERIS-YIT,99.82020000000001,price_points,2021-01-13T21:00:00Z,2021-01-13T21:01:00Z,ERIS,exact,
2021-01-13,,ERIS-YIW,99.5069,price_points,2021-01-13T21:00:00Z,2021-01-13T21:01:00Z,ERIS,exact,
2021-01-13,,YAHOO-CONTINUOUS-ZF,125.6171875,price_points,2021-01-13T21:00:00Z,2021-01-13T21:01:00Z,YAHOO,proxy,continuous futures proxy
2021-01-13,,YAHOO-CONTINUOUS-ZT,110.42578125,price_points,2021-01-13T21:00:00Z,2021-01-13T21:01:00Z,YAHOO,proxy,continuous futures proxy
2021-01-14,,ERIS-YIT,99.83870000000002,price_points,2021-01-14T21:00:00Z,2021-01-14T21:01:00Z,ERIS,exact,
2021-01-14,,ERIS-YIW,99.4688,price_points,2021-01-14T21:00:00Z,2021-01-14T21:01:00Z,ERIS,exact,
2021-01-14,,YAHOO-CONTINUOUS-ZF,125.578125,price_points,2021-01-14T21:00:00Z,2021-01-14T21:01:00Z,YAHOO,proxy,continuous futures proxy
2021-01-14,,YAHOO-CONTINUOUS-ZT,110.4296875,price_points,2021-01-14T21:00:00Z,2021-01-14T21:01:00Z,YAHOO,proxy,continuous futures proxy
2021-01-15,,ERIS-YIT,99.85880000000002,price_points,2021-01-15T21:00:00Z,2021-01-15T21:01:00Z,ERIS,exact,
2021-01-15,,ERIS-YIW,99.5891,price_points,2021-01-15T21:00:00Z,2021-01-15T21:01:00Z,ERIS,exact,
2021-01-15,,YAHOO-CONTINUOUS-ZF,125.71875,price_points,2021-01-15T21:00:00Z,2021-01-15T21:01:00Z,YAHOO,proxy,continuous futures proxy
2021-01-15,,YAHOO-CONTINUOUS-ZT,110.44921875,price_points,2021-01-15T21:00:00Z,2021-01-15T21:01:00Z,YAHOO,proxy,continuous futures proxy
2021-01-19,,ERIS-YIT,99.87270000000002,price_points,2021-01-19T21:00:00Z,2021-01-19T21:01:00Z,ERIS,exact,
2021-01-19,,ERIS-YIW,99.6247,price_points,2021-01-19T21:00:00Z,2021-01-19T21:01:00Z,ERIS,exact,
2021-01-19,,YAHOO-CONTINUOUS-ZF,125.765625,price_points,2021-01-19T21:00:00Z,2021-01-19T21:01:00Z,YAHOO,proxy,continuous futures proxy
2021-01-19,,YAHOO-CONTINUOUS-ZT,110.4609375,price_points,2021-01-19T21:00:00Z,2021-01-19T21:01:00Z,YAHOO,proxy,continuous futures proxy
2021-01-20,,ERIS-YIT,99.87860000000002,price_points,2021-01-20T21:00:00Z,2021-01-20T21:01:00Z,ERIS,exact,
2021-01-20,,ERIS-YIW,99.6199,price_points,2021-01-20T21:00:00Z,2021-01-20T21:01:00Z,ERIS,exact,
2021-01-20,,YAHOO-CONTINUOUS-ZF,125.7734375,price_points,2021-01-20T21:00:00Z,2021-01-20T21:01:00Z,YAHOO,proxy,continuous futures proxy
2021-01-20,,YAHOO-CONTINUOUS-ZT,110.46484375,price_points,2021-01-20T21:00:00Z,2021-01-20T21:01:00Z,YAHOO,proxy,continuous futures proxy
2021-01-21,,ERIS-YIT,99.88110000000002,price_points,2021-01-21T21:00:00Z,2021-01-21T21:01:00Z,ERIS,exact,
2021-01-21,,ERIS-YIW,99.6126,price_points,2021-01-21T21:00:00Z,2021-01-21T21:01:00Z,ERIS,exact,
2021-01-21,,YAHOO-CONTINUOUS-ZF,125.78125,price_points,2021-01-21T21:00:00Z,2021-01-21T21:01:00Z,YAHOO,proxy,continuous futures proxy
2021-01-21,,YAHOO-CONTINUOUS-ZT,110.4765625,price_points,2021-01-21T21:00:00Z,2021-01-21T21:01:00Z,YAHOO,proxy,continuous futures proxy
2021-01-22,,ERIS-YIT,99.88030000000002,price_points,2021-01-22T21:00:00Z,2021-01-22T21:01:00Z,ERIS,exact,
2021-01-22,,ERIS-YIW,99.6533,price_points,2021-01-22T21:00:00Z,2021-01-22T21:01:00Z,ERIS,exact,
2021-01-22,,YAHOO-CONTINUOUS-ZF,125.84375,price_points,2021-01-22T21:00:00Z,2021-01-22T21:01:00Z,YAHOO,proxy,continuous futures proxy
2021-01-22,,YAHOO-CONTINUOUS-ZT,110.48046875,price_points,2021-01-22T21:00:00Z,2021-01-22T21:01:00Z,YAHOO,proxy,continuous futures proxy
2021-01-25,,ERIS-YIT,99.89290000000003,price_points,2021-01-25T21:00:00Z,2021-01-25T21:01:00Z,ERIS,exact,
2021-01-25,,ERIS-YIW,99.7488,price_points,2021-01-25T21:00:00Z,2021-01-25T21:01:00Z,ERIS,exact,
2021-01-25,,YAHOO-CONTINUOUS-ZF,125.9609375,price_points,2021-01-25T21:00:00Z,2021-01-25T21:01:00Z,YAHOO,proxy,continuous futures proxy
2021-01-25,,YAHOO-CONTINUOUS-ZT,110.48046875,price_points,2021-01-25T21:00:00Z,2021-01-25T21:01:00Z,YAHOO,proxy,continuous futures proxy
2021-01-26,,ERIS-YIT,99.88520000000003,price_points,2021-01-26T21:00:00Z,2021-01-26T21:01:00Z,ERIS,exact,
2021-01-26,,ERIS-YIW,99.7353,price_points,2021-01-26T21:00:00Z,2021-01-26T21:01:00Z,ERIS,exact,
2021-01-26,,YAHOO-CONTINUOUS-ZF,125.953125,price_points,2021-01-26T21:00:00Z,2021-01-26T21:01:00Z,YAHOO,proxy,continuous futures proxy
2021-01-26,,YAHOO-CONTINUOUS-ZT,110.48046875,price_points,2021-01-26T21:00:00Z,2021-01-26T21:01:00Z,YAHOO,proxy,continuous futures proxy
2021-01-27,,ERIS-YIT,99.89030000000002,price_points,2021-01-27T21:00:00Z,2021-01-27T21:01:00Z,ERIS,exact,
2021-01-27,,ERIS-YIW,99.7943,price_points,2021-01-27T21:00:00Z,2021-01-27T21:01:00Z,ERIS,exact,
2021-01-27,,YAHOO-CONTINUOUS-ZF,126.0234375,price_points,2021-01-27T21:00:00Z,2021-01-27T21:01:00Z,YAHOO,proxy,continuous futures proxy
2021-01-27,,YAHOO-CONTINUOUS-ZT,110.4921875,price_points,2021-01-27T21:00:00Z,2021-01-27T21:01:00Z,YAHOO,proxy,continuous futures proxy
2021-01-28,,ERIS-YIT,99.86820000000002,price_points,2021-01-28T21:00:00Z,2021-01-28T21:01:00Z,ERIS,exact,
2021-01-28,,ERIS-YIW,99.6761,price_points,2021-01-28T21:00:00Z,2021-01-28T21:01:00Z,ERIS,exact,
2021-01-28,,YAHOO-CONTINUOUS-ZF,125.9296875,price_points,2021-01-28T21:00:00Z,2021-01-28T21:01:00Z,YAHOO,proxy,continuous futures proxy
2021-01-28,,YAHOO-CONTINUOUS-ZT,110.48046875,price_points,2021-01-28T21:00:00Z,2021-01-28T21:01:00Z,YAHOO,proxy,continuous futures proxy
2021-01-29,,ERIS-YIT,99.87180000000002,price_points,2021-01-29T21:00:00Z,2021-01-29T21:01:00Z,ERIS,exact,
2021-01-29,,ERIS-YIW,99.6161,price_points,2021-01-29T21:00:00Z,2021-01-29T21:01:00Z,ERIS,exact,
2021-01-29,,YAHOO-CONTINUOUS-ZF,125.875,price_points,2021-01-29T21:00:00Z,2021-01-29T21:01:00Z,YAHOO,proxy,continuous futures proxy
2021-01-29,,YAHOO-CONTINUOUS-ZT,110.48828125,price_points,2021-01-29T21:00:00Z,2021-01-29T21:01:00Z,YAHOO,proxy,continuous futures proxy
2021-02-01,,ERIS-YIT,99.88360000000002,price_points,2021-02-01T21:00:00Z,2021-02-01T21:01:00Z,ERIS,exact,
2021-02-01,,ERIS-YIW,99.6633,price_points,2021-02-01T21:00:00Z,2021-02-01T21:01:00Z,ERIS,exact,
2021-02-01,,YAHOO-CONTINUOUS-ZF,125.96875,price_points,2021-02-01T21:00:00Z,2021-02-01T21:01:00Z,YAHOO,proxy,continuous futures proxy
2021-02-01,,YAHOO-CONTINUOUS-ZT,110.5,price_points,2021-02-01T21:00:00Z,2021-02-01T21:01:00Z,YAHOO,proxy,continuous futures proxy
2021-02-02,,ERIS-YIT,99.86270000000002,price_points,2021-02-02T21:00:00Z,2021-02-02T21:01:00Z,ERIS,exact,
2021-02-02,,ERIS-YIW,99.5737,price_points,2021-02-02T21:00:00Z,2021-02-02T21:01:00Z,ERIS,exact,
2021-02-02,,YAHOO-CONTINUOUS-ZF,125.875,price_points,2021-02-02T21:00:00Z,2021-02-02T21:01:00Z,YAHOO,proxy,continuous futures proxy
2021-02-02,,YAHOO-CONTINUOUS-ZT,110.48828125,price_points,2021-02-02T21:00:00Z,2021-02-02T21:01:00Z,YAHOO,proxy,continuous futures proxy
2021-02-03,,ERIS-YIT,99.85600000000002,price_points,2021-02-03T21:00:00Z,2021-02-03T21:01:00Z,ERIS,exact,
2021-02-03,,ERIS-YIW,99.499,price_points,2021-02-03T21:00:00Z,2021-02-03T21:01:00Z,ERIS,exact,
2021-02-03,,YAHOO-CONTINUOUS-ZF,125.8046875,price_points,2021-02-03T21:00:00Z,2021-02-03T21:01:00Z,YAHOO,proxy,continuous futures proxy
2021-02-03,,YAHOO-CONTINUOUS-ZT,110.484375,price_points,2021-02-03T21:00:00Z,2021-02-03T21:01:00Z,YAHOO,proxy,continuous futures proxy
2021-02-04,,ERIS-YIT,99.84800000000003,price_points,2021-02-04T21:00:00Z,2021-02-04T21:01:00Z,ERIS,exact,
2021-02-04,,ERIS-YIW,99.4989,price_points,2021-02-04T21:00:00Z,2021-02-04T21:01:00Z,ERIS,exact,
2021-02-04,,YAHOO-CONTINUOUS-ZF,125.8203125,price_points,2021-02-04T21:00:00Z,2021-02-04T21:01:00Z,YAHOO,proxy,continuous futures proxy
2021-02-04,,YAHOO-CONTINUOUS-ZT,110.484375,price_points,2021-02-04T21:00:00Z,2021-02-04T21:01:00Z,YAHOO,proxy,continuous futures proxy
2021-02-05,,ERIS-YIT,99.84820000000002,price_points,2021-02-05T21:00:00Z,2021-02-05T21:01:00Z,ERIS,exact,
2021-02-05,,ERIS-YIW,99.4658,price_points,2021-02-05T21:00:00Z,2021-02-05T21:01:00Z,ERIS,exact,
2021-02-05,,YAHOO-CONTINUOUS-ZF,125.796875,price_points,2021-02-05T21:00:00Z,2021-02-05T21:01:00Z,YAHOO,proxy,continuous futures proxy
2021-02-05,,YAHOO-CONTINUOUS-ZT,110.50390625,price_points,2021-02-05T21:00:00Z,2021-02-05T21:01:00Z,YAHOO,proxy,continuous futures proxy
2021-02-08,,ERIS-YIT,99.83610000000002,price_points,2021-02-08T21:00:00Z,2021-02-08T21:01:00Z,ERIS,exact,
2021-02-08,,ERIS-YIW,99.4067,price_points,2021-02-08T21:00:00Z,2021-02-08T21:01:00Z,ERIS,exact,
2021-02-08,,YAHOO-CONTINUOUS-ZF,125.7421875,price_points,2021-02-08T21:00:00Z,2021-02-08T21:01:00Z,YAHOO,proxy,continuous futures proxy
2021-02-08,,YAHOO-CONTINUOUS-ZT,110.4921875,price_points,2021-02-08T21:00:00Z,2021-02-08T21:01:00Z,YAHOO,proxy,continuous futures proxy
2021-02-09,,ERIS-YIT,99.83720000000002,price_points,2021-02-09T21:00:00Z,2021-02-09T21:01:00Z,ERIS,exact,
2021-02-09,,ERIS-YIW,99.4467,price_points,2021-02-09T21:00:00Z,2021-02-09T21:01:00Z,ERIS,exact,
2021-02-09,,YAHOO-CONTINUOUS-ZF,125.75,price_points,2021-02-09T21:00:00Z,2021-02-09T21:01:00Z,YAHOO,proxy,continuous futures proxy
2021-02-09,,YAHOO-CONTINUOUS-ZT,110.484375,price_points,2021-02-09T21:00:00Z,2021-02-09T21:01:00Z,YAHOO,proxy,continuous futures proxy
2021-02-10,,ERIS-YIT,99.85350000000003,price_points,2021-02-10T21:00:00Z,2021-02-10T21:01:00Z,ERIS,exact,
2021-02-10,,ERIS-YIW,99.5197,price_points,2021-02-10T21:00:00Z,2021-02-10T21:01:00Z,ERIS,exact,
2021-02-10,,YAHOO-CONTINUOUS-ZF,125.8515625,price_points,2021-02-10T21:00:00Z,2021-02-10T21:01:00Z,YAHOO,proxy,continuous futures proxy
2021-02-10,,YAHOO-CONTINUOUS-ZT,110.49609375,price_points,2021-02-10T21:00:00Z,2021-02-10T21:01:00Z,YAHOO,proxy,continuous futures proxy
2021-02-11,,ERIS-YIT,99.84770000000002,price_points,2021-02-11T21:00:00Z,2021-02-11T21:01:00Z,ERIS,exact,
2021-02-11,,ERIS-YIW,99.4921,price_points,2021-02-11T21:00:00Z,2021-02-11T21:01:00Z,ERIS,exact,
2021-02-11,,YAHOO-CONTINUOUS-ZF,125.84375,price_points,2021-02-11T21:00:00Z,2021-02-11T21:01:00Z,YAHOO,proxy,continuous futures proxy
2021-02-11,,YAHOO-CONTINUOUS-ZT,110.5,price_points,2021-02-11T21:00:00Z,2021-02-11T21:01:00Z,YAHOO,proxy,continuous futures proxy
2021-02-12,,ERIS-YIT,99.83320000000002,price_points,2021-02-12T21:00:00Z,2021-02-12T21:01:00Z,ERIS,exact,
2021-02-12,,ERIS-YIW,99.37,price_points,2021-02-12T21:00:00Z,2021-02-12T21:01:00Z,ERIS,exact,
2021-02-12,,YAHOO-CONTINUOUS-ZF,125.7421875,price_points,2021-02-12T21:00:00Z,2021-02-12T21:01:00Z,YAHOO,proxy,continuous futures proxy
2021-02-12,,YAHOO-CONTINUOUS-ZT,110.5,price_points,2021-02-12T21:00:00Z,2021-02-12T21:01:00Z,YAHOO,proxy,continuous futures proxy
2021-02-16,,ERIS-YIT,99.79260000000002,price_points,2021-02-16T21:00:00Z,2021-02-16T21:01:00Z,ERIS,exact,
2021-02-16,,ERIS-YIW,99.0211,price_points,2021-02-16T21:00:00Z,2021-02-16T21:01:00Z,ERIS,exact,
2021-02-16,,YAHOO-CONTINUOUS-ZF,125.390625,price_points,2021-02-16T21:00:00Z,2021-02-16T21:01:00Z,YAHOO,proxy,continuous futures proxy
2021-02-16,,YAHOO-CONTINUOUS-ZT,110.4765625,price_points,2021-02-16T21:00:00Z,2021-02-16T21:01:00Z,YAHOO,proxy,continuous futures proxy
2021-02-17,,ERIS-YIT,99.80840000000002,price_points,2021-02-17T21:00:00Z,2021-02-17T21:01:00Z,ERIS,exact,
2021-02-17,,ERIS-YIW,99.0173,price_points,2021-02-17T21:00:00Z,2021-02-17T21:01:00Z,ERIS,exact,
2021-02-17,,YAHOO-CONTINUOUS-ZF,125.40625,price_points,2021-02-17T21:00:00Z,2021-02-17T21:01:00Z,YAHOO,proxy,continuous futures proxy
2021-02-17,,YAHOO-CONTINUOUS-ZT,110.5,price_points,2021-02-17T21:00:00Z,2021-02-17T21:01:00Z,YAHOO,proxy,continuous futures proxy
2021-02-18,,ERIS-YIT,99.80500000000002,price_points,2021-02-18T21:00:00Z,2021-02-18T21:01:00Z,ERIS,exact,
2021-02-18,,ERIS-YIW,99.0757,price_points,2021-02-18T21:00:00Z,2021-02-18T21:01:00Z,ERIS,exact,
2021-02-18,,YAHOO-CONTINUOUS-ZF,125.4765625,price_points,2021-02-18T21:00:00Z,2021-02-18T21:01:00Z,YAHOO,proxy,continuous futures proxy
2021-02-18,,YAHOO-CONTINUOUS-ZT,110.50390625,price_points,2021-02-18T21:00:00Z,2021-02-18T21:01:00Z,YAHOO,proxy,continuous futures proxy
2021-02-19,,ERIS-YIT,99.79190000000003,price_points,2021-02-19T21:00:00Z,2021-02-19T21:01:00Z,ERIS,exact,
2021-02-19,,ERIS-YIW,98.8949,price_points,2021-02-19T21:00:00Z,2021-02-19T21:01:00Z,ERIS,exact,
2021-02-19,,YAHOO-CONTINUOUS-ZF,125.3515625,price_points,2021-02-19T21:00:00Z,2021-02-19T21:01:00Z,YAHOO,proxy,continuous futures proxy
2021-02-19,,YAHOO-CONTINUOUS-ZT,110.5078125,price_points,2021-02-19T21:00:00Z,2021-02-19T21:01:00Z,YAHOO,proxy,continuous futures proxy
2021-02-22,,ERIS-YIT,99.77910000000001,price_points,2021-02-22T21:00:00Z,2021-02-22T21:01:00Z,ERIS,exact,
2021-02-22,,ERIS-YIW,98.8306,price_points,2021-02-22T21:00:00Z,2021-02-22T21:01:00Z,ERIS,exact,
2021-02-22,,YAHOO-CONTINUOUS-ZF,125.2734375,price_points,2021-02-22T21:00:00Z,2021-02-22T21:01:00Z,YAHOO,proxy,continuous futures proxy
2021-02-22,,YAHOO-CONTINUOUS-ZT,110.49609375,price_points,2021-02-22T21:00:00Z,2021-02-22T21:01:00Z,YAHOO,proxy,continuous futures proxy
2021-02-23,,ERIS-YIT,99.79030000000002,price_points,2021-02-23T21:00:00Z,2021-02-23T21:01:00Z,ERIS,exact,
2021-02-23,,ERIS-YIW,98.8756,price_points,2021-02-23T21:00:00Z,2021-02-23T21:01:00Z,ERIS,exact,
2021-02-23,,YAHOO-CONTINUOUS-ZF,125.3515625,price_points,2021-02-23T21:00:00Z,2021-02-23T21:01:00Z,YAHOO,proxy,continuous futures proxy
2021-02-23,,YAHOO-CONTINUOUS-ZT,110.4921875,price_points,2021-02-23T21:00:00Z,2021-02-23T21:01:00Z,YAHOO,proxy,continuous futures proxy
2021-02-24,,ERIS-YIT,99.77630000000002,price_points,2021-02-24T21:00:00Z,2021-02-24T21:01:00Z,ERIS,exact,
2021-02-24,,ERIS-YIW,98.7965,price_points,2021-02-24T21:00:00Z,2021-02-24T21:01:00Z,ERIS,exact,
2021-02-24,,YAHOO-CONTINUOUS-ZF,125.203125,price_points,2021-02-24T21:00:00Z,2021-02-24T21:01:00Z,YAHOO,proxy,continuous futures proxy
2021-02-24,,YAHOO-CONTINUOUS-ZT,110.4765625,price_points,2021-02-24T21:00:00Z,2021-02-24T21:01:00Z,YAHOO,proxy,continuous futures proxy
2021-02-25,,ERIS-YIT,99.63810000000002,price_points,2021-02-25T21:00:00Z,2021-02-25T21:01:00Z,ERIS,exact,
2021-02-25,,ERIS-YIW,98.2177,price_points,2021-02-25T21:00:00Z,2021-02-25T21:01:00Z,ERIS,exact,
2021-02-25,,YAHOO-CONTINUOUS-ZF,124.3359375,price_points,2021-02-25T21:00:00Z,2021-02-25T21:01:00Z,YAHOO,proxy,continuous futures proxy
2021-02-25,,YAHOO-CONTINUOUS-ZT,110.3828125,price_points,2021-02-25T21:00:00Z,2021-02-25T21:01:00Z,YAHOO,proxy,continuous futures proxy
2021-02-26,,ERIS-YIT,99.64940000000001,price_points,2021-02-26T21:00:00Z,2021-02-26T21:01:00Z,ERIS,exact,
2021-02-26,,ERIS-YIW,98.2572,price_points,2021-02-26T21:00:00Z,2021-02-26T21:01:00Z,ERIS,exact,
2021-02-26,,YAHOO-CONTINUOUS-ZF,124.4140625,price_points,2021-02-26T21:00:00Z,2021-02-26T21:01:00Z,YAHOO,proxy,continuous futures proxy
2021-02-26,,YAHOO-CONTINUOUS-ZT,110.42578125,price_points,2021-02-26T21:00:00Z,2021-02-26T21:01:00Z,YAHOO,proxy,continuous futures proxy
2021-03-01,,ERIS-YIT,99.70940000000002,price_points,2021-03-01T21:00:00Z,2021-03-01T21:01:00Z,ERIS,exact,
2021-03-01,,ERIS-YIW,98.3872,price_points,2021-03-01T21:00:00Z,2021-03-01T21:01:00Z,ERIS,exact,
2021-03-01,,YAHOO-CONTINUOUS-ZF,124.75,price_points,2021-03-01T21:00:00Z,2021-03-01T21:01:00Z,YAHOO,proxy,continuous futures proxy
2021-03-01,,YAHOO-CONTINUOUS-ZT,110.48046875,price_points,2021-03-01T21:00:00Z,2021-03-01T21:01:00Z,YAHOO,proxy,continuous futures proxy
2021-03-02,,ERIS-YIT,99.71730000000002,price_points,2021-03-02T21:00:00Z,2021-03-02T21:01:00Z,ERIS,exact,
2021-03-02,,ERIS-YIW,98.5256,price_points,2021-03-02T21:00:00Z,2021-03-02T21:01:00Z,ERIS,exact,
2021-03-02,,YAHOO-CONTINUOUS-ZF,124.9375,price_points,2021-03-02T21:00:00Z,2021-03-02T21:01:00Z,YAHOO,proxy,continuous futures proxy
2021-03-02,,YAHOO-CONTINUOUS-ZT,110.484375,price_points,2021-03-02T21:00:00Z,2021-03-02T21:01:00Z,YAHOO,proxy,continuous futures proxy
2021-03-03,,ERIS-YIT,99.67380000000001,price_points,2021-03-03T21:00:00Z,2021-03-03T21:01:00Z,ERIS,exact,
2021-03-03,,ERIS-YIW,98.3355,price_points,2021-03-03T21:00:00Z,2021-03-03T21:01:00Z,ERIS,exact,
2021-03-03,,YAHOO-CONTINUOUS-ZF,124.6796875,price_points,2021-03-03T21:00:00Z,2021-03-03T21:01:00Z,YAHOO,proxy,continuous futures proxy
2021-03-03,,YAHOO-CONTINUOUS-ZT,110.44921875,price_points,2021-03-03T21:00:00Z,2021-03-03T21:01:00Z,YAHOO,proxy,continuous futures proxy
2021-03-04,,ERIS-YIT,99.65330000000002,price_points,2021-03-04T21:00:00Z,2021-03-04T21:01:00Z,ERIS,exact,
2021-03-04,,ERIS-YIW,98.12,price_points,2021-03-04T21:00:00Z,2021-03-04T21:01:00Z,ERIS,exact,
2021-03-04,,YAHOO-CONTINUOUS-ZF,124.453125,price_points,2021-03-04T21:00:00Z,2021-03-04T21:01:00Z,YAHOO,proxy,continuous futures proxy
2021-03-04,,YAHOO-CONTINUOUS-ZT,110.44140625,price_points,2021-03-04T21:00:00Z,2021-03-04T21:01:00Z,YAHOO,proxy,continuous futures proxy
2021-03-05,,ERIS-YIT,99.67410000000002,price_points,2021-03-05T21:00:00Z,2021-03-05T21:01:00Z,ERIS,exact,
2021-03-05,,ERIS-YIW,98.1606,price_points,2021-03-05T21:00:00Z,2021-03-05T21:01:00Z,ERIS,exact,
2021-03-05,,YAHOO-CONTINUOUS-ZF,124.4296875,price_points,2021-03-05T21:00:00Z,2021-03-05T21:01:00Z,YAHOO,proxy,continuous futures proxy
2021-03-05,,YAHOO-CONTINUOUS-ZT,110.453125,price_points,2021-03-05T21:00:00Z,2021-03-05T21:01:00Z,YAHOO,proxy,continuous futures proxy
2021-03-08,,ERIS-YIT,99.63940000000002,price_points,2021-03-08T21:00:00Z,2021-03-08T21:01:00Z,ERIS,exact,
2021-03-08,,ERIS-YIW,97.9833,price_points,2021-03-08T21:00:00Z,2021-03-08T21:01:00Z,ERIS,exact,
2021-03-08,,YAHOO-CONTINUOUS-ZF,124.125,price_points,2021-03-08T21:00:00Z,2021-03-08T21:01:00Z,YAHOO,proxy,continuous futures proxy
2021-03-08,,YAHOO-CONTINUOUS-ZT,110.3984375,price_points,2021-03-08T21:00:00Z,2021-03-08T21:01:00Z,YAHOO,proxy,continuous futures proxy
2021-03-09,,ERIS-YIT,99.65300000000002,price_points,2021-03-09T21:00:00Z,2021-03-09T21:01:00Z,ERIS,exact,
2021-03-09,,ERIS-YIW,98.1341,price_points,2021-03-09T21:00:00Z,2021-03-09T21:01:00Z,ERIS,exact,
2021-03-09,,YAHOO-CONTINUOUS-ZF,124.265625,price_points,2021-03-09T21:00:00Z,2021-03-09T21:01:00Z,YAHOO,proxy,continuous futures proxy
2021-03-09,,YAHOO-CONTINUOUS-ZT,110.3984375,price_points,2021-03-09T21:00:00Z,2021-03-09T21:01:00Z,YAHOO,proxy,continuous futures proxy
2021-03-10,,ERIS-YIT,99.67200000000003,price_points,2021-03-10T21:00:00Z,2021-03-10T21:01:00Z,ERIS,exact,
2021-03-10,,ERIS-YIW,98.228,price_points,2021-03-10T21:00:00Z,2021-03-10T21:01:00Z,ERIS,exact,
2021-03-10,,YAHOO-CONTINUOUS-ZF,124.40625,price_points,2021-03-10T21:00:00Z,2021-03-10T21:01:00Z,YAHOO,proxy,continuous futures proxy
2021-03-10,,YAHOO-CONTINUOUS-ZT,110.4140625,price_points,2021-03-10T21:00:00Z,2021-03-10T21:01:00Z,YAHOO,proxy,continuous futures proxy
2021-03-11,,ERIS-YIT,99.68380000000002,price_points,2021-03-11T21:00:00Z,2021-03-11T21:01:00Z,ERIS,exact,
2021-03-11,,ERIS-YIW,98.2488,price_points,2021-03-11T21:00:00Z,2021-03-11T21:01:00Z,ERIS,exact,
2021-03-11,,YAHOO-CONTINUOUS-ZF,124.4609375,price_points,2021-03-11T21:00:00Z,2021-03-11T21:01:00Z,YAHOO,proxy,continuous futures proxy
2021-03-11,,YAHOO-CONTINUOUS-ZT,110.4453125,price_points,2021-03-11T21:00:00Z,2021-03-11T21:01:00Z,YAHOO,proxy,continuous futures proxy
2021-03-12,,ERIS-YIT,99.64280000000002,price_points,2021-03-12T21:00:00Z,2021-03-12T21:01:00Z,ERIS,exact,
2021-03-12,,ERIS-YIW,98.0205,price_points,2021-03-12T21:00:00Z,2021-03-12T21:01:00Z,ERIS,exact,
2021-03-12,,YAHOO-CONTINUOUS-ZF,124.1796875,price_points,2021-03-12T21:00:00Z,2021-03-12T21:01:00Z,YAHOO,proxy,continuous futures proxy
2021-03-12,,YAHOO-CONTINUOUS-ZT,110.4296875,price_points,2021-03-12T21:00:00Z,2021-03-12T21:01:00Z,YAHOO,proxy,continuous futures proxy
2021-03-15,,ERIS-YIT,99.65230000000003,price_points,2021-03-15T21:00:00Z,2021-03-15T21:01:00Z,ERIS,exact,
2021-03-15,,ERIS-YIW,98.1011,price_points,2021-03-15T21:00:00Z,2021-03-15T21:01:00Z,ERIS,exact,
2021-03-15,,YAHOO-CONTINUOUS-ZF,124.2421875,price_points,2021-03-15T21:00:00Z,2021-03-15T21:01:00Z,YAHOO,proxy,continuous futures proxy
2021-03-15,,YAHOO-CONTINUOUS-ZT,110.421875,price_points,2021-03-15T21:00:00Z,2021-03-15T21:01:00Z,YAHOO,proxy,continuous futures proxy
2021-03-16,,ERIS-YIT,99.66320000000002,price_points,2021-03-16T21:00:00Z,2021-03-16T21:01:00Z,ERIS,exact,
2021-03-16,,ERIS-YIW,98.13,price_points,2021-03-16T21:00:00Z,2021-03-16T21:01:00Z,ERIS,exact,
2021-03-16,,YAHOO-CONTINUOUS-ZF,124.2890625,price_points,2021-03-16T21:00:00Z,2021-03-16T21:01:00Z,YAHOO,proxy,continuous futures proxy
2021-03-16,,YAHOO-CONTINUOUS-ZT,110.42578125,price_points,2021-03-16T21:00:00Z,2021-03-16T21:01:00Z,YAHOO,proxy,continuous futures proxy
2021-03-17,,ERIS-YIT,99.70950000000002,price_points,2021-03-17T21:00:00Z,2021-03-17T21:01:00Z,ERIS,exact,
2021-03-17,,ERIS-YIW,98.2446,price_points,2021-03-17T21:00:00Z,2021-03-17T21:01:00Z,ERIS,exact,
2021-03-17,,YAHOO-CONTINUOUS-ZF,124.5390625,price_points,2021-03-17T21:00:00Z,2021-03-17T21:01:00Z,YAHOO,proxy,continuous futures proxy
2021-03-17,,YAHOO-CONTINUOUS-ZT,110.46484375,price_points,2021-03-17T21:00:00Z,2021-03-17T21:01:00Z,YAHOO,proxy,continuous futures proxy
2021-03-18,,ERIS-YIT,99.66030000000002,price_points,2021-03-18T21:00:00Z,2021-03-18T21:01:00Z,ERIS,exact,
2021-03-18,,ERIS-YIW,98.0084,price_points,2021-03-18T21:00:00Z,2021-03-18T21:01:00Z,ERIS,exact,
2021-03-18,,YAHOO-CONTINUOUS-ZF,124.1640625,price_points,2021-03-18T21:00:00Z,2021-03-18T21:01:00Z,YAHOO,proxy,continuous futures proxy
2021-03-18,,YAHOO-CONTINUOUS-ZT,110.41015625,price_points,2021-03-18T21:00:00Z,2021-03-18T21:01:00Z,YAHOO,proxy,continuous futures proxy
2021-03-19,,ERIS-YIT,99.66480000000001,price_points,2021-03-19T21:00:00Z,2021-03-19T21:01:00Z,ERIS,exact,
2021-03-19,,ERIS-YIW,97.9118,price_points,2021-03-19T21:00:00Z,2021-03-19T21:01:00Z,ERIS,exact,
2021-03-19,,YAHOO-CONTINUOUS-ZF,124.140625,price_points,2021-03-19T21:00:00Z,2021-03-19T21:01:00Z,YAHOO,proxy,continuous futures proxy
2021-03-19,,YAHOO-CONTINUOUS-ZT,110.4296875,price_points,2021-03-19T21:00:00Z,2021-03-19T21:01:00Z,YAHOO,proxy,continuous futures proxy
2021-03-22,,ERIS-YIT,99.67590000000003,price_points,2021-03-22T21:00:00Z,2021-03-22T21:01:00Z,ERIS,exact,
2021-03-22,,ERIS-YIW,97.9956,price_points,2021-03-22T21:00:00Z,2021-03-22T21:01:00Z,ERIS,exact,
2021-03-22,,YAHOO-CONTINUOUS-ZF,124.2265625,price_points,2021-03-22T21:00:00Z,2021-03-22T21:01:00Z,YAHOO,proxy,continuous futures proxy
2021-03-22,,YAHOO-CONTINUOUS-ZT,110.4375,price_points,2021-03-22T21:00:00Z,2021-03-22T21:01:00Z,YAHOO,proxy,continuous futures proxy
2021-03-23,,ERIS-YIT,99.68130000000002,price_points,2021-03-23T21:00:00Z,2021-03-23T21:01:00Z,ERIS,exact,
2021-03-23,,ERIS-YIW,98.1117,price_points,2021-03-23T21:00:00Z,2021-03-23T21:01:00Z,ERIS,exact,
2021-03-23,,YAHOO-CONTINUOUS-ZF,124.359375,price_points,2021-03-23T21:00:00Z,2021-03-23T21:01:00Z,YAHOO,proxy,continuous futures proxy
2021-03-23,,YAHOO-CONTINUOUS-ZT,110.44140625,price_points,2021-03-23T21:00:00Z,2021-03-23T21:01:00Z,YAHOO,proxy,continuous futures proxy
2021-03-24,,ERIS-YIT,99.69870000000002,price_points,2021-03-24T21:00:00Z,2021-03-24T21:01:00Z,ERIS,exact,
2021-03-24,,ERIS-YIW,98.1685,price_points,2021-03-24T21:00:00Z,2021-03-24T21:01:00Z,ERIS,exact,
2021-03-24,,YAHOO-CONTINUOUS-ZF,124.4375,price_points,2021-03-24T21:00:00Z,2021-03-24T21:01:00Z,YAHOO,proxy,continuous futures proxy
2021-03-24,,YAHOO-CONTINUOUS-ZT,110.453125,price_points,2021-03-24T21:00:00Z,2021-03-24T21:01:00Z,YAHOO,proxy,continuous futures proxy
2021-03-25,,ERIS-YIT,99.71380000000002,price_points,2021-03-25T21:00:00Z,2021-03-25T21:01:00Z,ERIS,exact,
2021-03-25,,ERIS-YIW,98.19,price_points,2021-03-25T21:00:00Z,2021-03-25T21:01:00Z,ERIS,exact,
2021-03-25,,YAHOO-CONTINUOUS-ZF,124.5390625,price_points,2021-03-25T21:00:00Z,2021-03-25T21:01:00Z,YAHOO,proxy,continuous futures proxy
2021-03-25,,YAHOO-CONTINUOUS-ZT,110.48046875,price_points,2021-03-25T21:00:00Z,2021-03-25T21:01:00Z,YAHOO,proxy,continuous futures proxy
2021-03-26,,ERIS-YIT,99.68920000000001,price_points,2021-03-26T21:00:00Z,2021-03-26T21:01:00Z,ERIS,exact,
2021-03-26,,ERIS-YIW,98.0468,price_points,2021-03-26T21:00:00Z,2021-03-26T21:01:00Z,ERIS,exact,
2021-03-26,,YAHOO-CONTINUOUS-ZF,124.3828125,price_points,2021-03-26T21:00:00Z,2021-03-26T21:01:00Z,YAHOO,proxy,continuous futures proxy
2021-03-26,,YAHOO-CONTINUOUS-ZT,110.4609375,price_points,2021-03-26T21:00:00Z,2021-03-26T21:01:00Z,YAHOO,proxy,continuous futures proxy
2021-03-29,,ERIS-YIT,99.65380000000002,price_points,2021-03-29T21:00:00Z,2021-03-29T21:01:00Z,ERIS,exact,
2021-03-29,,ERIS-YIW,97.8539,price_points,2021-03-29T21:00:00Z,2021-03-29T21:01:00Z,ERIS,exact,
2021-03-29,,YAHOO-CONTINUOUS-ZF,124.2265625,price_points,2021-03-29T21:00:00Z,2021-03-29T21:01:00Z,YAHOO,proxy,continuous futures proxy
2021-03-29,,YAHOO-CONTINUOUS-ZT,110.45703125,price_points,2021-03-29T21:00:00Z,2021-03-29T21:01:00Z,YAHOO,proxy,continuous futures proxy
2021-03-30,,ERIS-YIT,99.63830000000002,price_points,2021-03-30T21:00:00Z,2021-03-30T21:01:00Z,ERIS,exact,
2021-03-30,,ERIS-YIW,97.7658,price_points,2021-03-30T21:00:00Z,2021-03-30T21:01:00Z,ERIS,exact,
2021-03-30,,YAHOO-CONTINUOUS-ZF,124.140625,price_points,2021-03-30T21:00:00Z,2021-03-30T21:01:00Z,YAHOO,proxy,continuous futures proxy
2021-03-30,,YAHOO-CONTINUOUS-ZT,110.453125,price_points,2021-03-30T21:00:00Z,2021-03-30T21:01:00Z,YAHOO,proxy,continuous futures proxy
2021-03-31,,ERIS-YIT,99.61300000000001,price_points,2021-03-31T21:00:00Z,2021-03-31T21:01:00Z,ERIS,exact,
2021-03-31,,ERIS-YIW,97.6793,price_points,2021-03-31T21:00:00Z,2021-03-31T21:01:00Z,ERIS,exact,
2021-03-31,,YAHOO-CONTINUOUS-ZF,124.109375,price_points,2021-03-31T21:00:00Z,2021-03-31T21:01:00Z,YAHOO,proxy,continuous futures proxy
2021-03-31,,YAHOO-CONTINUOUS-ZT,110.453125,price_points,2021-03-31T21:00:00Z,2021-03-31T21:01:00Z,YAHOO,proxy,continuous futures proxy
2021-04-01,,ERIS-YIT,99.62510000000002,price_points,2021-04-01T21:00:00Z,2021-04-01T21:01:00Z,ERIS,exact,
2021-04-01,,ERIS-YIW,97.8009,price_points,2021-04-01T21:00:00Z,2021-04-01T21:01:00Z,ERIS,exact,
2021-04-01,,YAHOO-CONTINUOUS-ZF,123.5546875,price_points,2021-04-01T21:00:00Z,2021-04-01T21:01:00Z,YAHOO,proxy,continuous futures proxy
2021-04-01,,YAHOO-CONTINUOUS-ZT,110.359375,price_points,2021-04-01T21:00:00Z,2021-04-01T21:01:00Z,YAHOO,proxy,continuous futures proxy
2021-04-02,,ERIS-YIT,99.54330000000002,price_points,2021-04-02T21:00:00Z,2021-04-02T21:01:00Z,ERIS,exact,
2021-04-02,,ERIS-YIW,97.4976,price_points,2021-04-02T21:00:00Z,2021-04-02T21:01:00Z,ERIS,exact,
2021-04-05,,ERIS-YIT,99.58390000000001,price_points,2021-04-05T21:00:00Z,2021-04-05T21:01:00Z,ERIS,exact,
2021-04-05,,ERIS-YIW,97.6337,price_points,2021-04-05T21:00:00Z,2021-04-05T21:01:00Z,ERIS,exact,
2021-04-05,,YAHOO-CONTINUOUS-ZF,123.3828125,price_points,2021-04-05T21:00:00Z,2021-04-05T21:01:00Z,YAHOO,proxy,continuous futures proxy
2021-04-05,,YAHOO-CONTINUOUS-ZT,110.328125,price_points,2021-04-05T21:00:00Z,2021-04-05T21:01:00Z,YAHOO,proxy,continuous futures proxy
2021-04-06,,ERIS-YIT,99.63640000000002,price_points,2021-04-06T21:00:00Z,2021-04-06T21:01:00Z,ERIS,exact,
2021-04-06,,ERIS-YIW,97.9197,price_points,2021-04-06T21:00:00Z,2021-04-06T21:01:00Z,ERIS,exact,
2021-04-06,,YAHOO-CONTINUOUS-ZF,123.71875,price_points,2021-04-06T21:00:00Z,2021-04-06T21:01:00Z,YAHOO,proxy,continuous futures proxy
2021-04-06,,YAHOO-CONTINUOUS-ZT,110.359375,price_points,2021-04-06T21:00:00Z,2021-04-06T21:01:00Z,YAHOO,proxy,continuous futures proxy
2021-04-07,,ERIS-YIT,99.65690000000002,price_points,2021-04-07T21:00:00Z,2021-04-07T21:01:00Z,ERIS,exact,
2021-04-07,,ERIS-YIW,98.0111,price_points,2021-04-07T21:00:00Z,2021-04-07T21:01:00Z,ERIS,exact,
2021-04-07,,YAHOO-CONTINUOUS-ZF,123.8125,price_points,2021-04-07T21:00:00Z,2021-04-07T21:01:00Z,YAHOO,proxy,continuous futures proxy
2021-04-07,,YAHOO-CONTINUOUS-ZT,110.37890625,price_points,2021-04-07T21:00:00Z,2021-04-07T21:01:00Z,YAHOO,proxy,continuous futures proxy
2021-04-08,,ERIS-YIT,99.67700000000002,price_points,2021-04-08T21:00:00Z,2021-04-08T21:01:00Z,ERIS,exact,
2021-04-08,,ERIS-YIW,98.1367,price_points,2021-04-08T21:00:00Z,2021-04-08T21:01:00Z,ERIS,exact,
2021-04-08,,YAHOO-CONTINUOUS-ZF,123.8828125,price_points,2021-04-08T21:00:00Z,2021-04-08T21:01:00Z,YAHOO,proxy,continuous futures proxy
2021-04-08,,YAHOO-CONTINUOUS-ZT,110.3828125,price_points,2021-04-08T21:00:00Z,2021-04-08T21:01:00Z,YAHOO,proxy,continuous futures proxy
2021-04-09,,ERIS-YIT,99.65290000000002,price_points,2021-04-09T21:00:00Z,2021-04-09T21:01:00Z,ERIS,exact,
2021-04-09,,ERIS-YIW,98.0167,price_points,2021-04-09T21:00:00Z,2021-04-09T21:01:00Z,ERIS,exact,
2021-04-09,,YAHOO-CONTINUOUS-ZF,123.734375,price_points,2021-04-09T21:00:00Z,2021-04-09T21:01:00Z,YAHOO,proxy,continuous futures proxy
2021-04-09,,YAHOO-CONTINUOUS-ZT,110.37109375,price_points,2021-04-09T21:00:00Z,2021-04-09T21:01:00Z,YAHOO,proxy,continuous futures proxy
2021-04-12,,ERIS-YIT,99.63350000000003,price_points,2021-04-12T21:00:00Z,2021-04-12T21:01:00Z,ERIS,exact,
2021-04-12,,ERIS-YIW,97.961,price_points,2021-04-12T21:00:00Z,2021-04-12T21:01:00Z,ERIS,exact,
2021-04-12,,YAHOO-CONTINUOUS-ZF,123.609375,price_points,2021-04-12T21:00:00Z,2021-04-12T21:01:00Z,YAHOO,proxy,continuous futures proxy
2021-04-12,,YAHOO-CONTINUOUS-ZT,110.34375,price_points,2021-04-12T21:00:00Z,2021-04-12T21:01:00Z,YAHOO,proxy,continuous futures proxy
2021-04-13,,ERIS-YIT,99.68770000000002,price_points,2021-04-13T21:00:00Z,2021-04-13T21:01:00Z,ERIS,exact,
2021-04-13,,ERIS-YIW,98.2067,price_points,2021-04-13T21:00:00Z,2021-04-13T21:01:00Z,ERIS,exact,
2021-04-13,,YAHOO-CONTINUOUS-ZF,123.875,price_points,2021-04-13T21:00:00Z,2021-04-13T21:01:00Z,YAHOO,proxy,continuous futures proxy
2021-04-13,,YAHOO-CONTINUOUS-ZT,110.37109375,price_points,2021-04-13T21:00:00Z,2021-04-13T21:01:00Z,YAHOO,proxy,continuous futures proxy
2021-04-14,,ERIS-YIT,99.66130000000003,price_points,2021-04-14T21:00:00Z,2021-04-14T21:01:00Z,ERIS,exact,
2021-04-14,,ERIS-YIW,98.1574,price_points,2021-04-14T21:00:00Z,2021-04-14T21:01:00Z,ERIS,exact,
2021-04-14,,YAHOO-CONTINUOUS-ZF,123.765625,price_points,2021-04-14T21:00:00Z,2021-04-14T21:01:00Z,YAHOO,proxy,continuous futures proxy
2021-04-14,,YAHOO-CONTINUOUS-ZT,110.36328125,price_points,2021-04-14T21:00:00Z,2021-04-14T21:01:00Z,YAHOO,proxy,continuous futures proxy
2021-04-15,,ERIS-YIT,99.70320000000002,price_points,2021-04-15T21:00:00Z,2021-04-15T21:01:00Z,ERIS,exact,
2021-04-15,,ERIS-YIW,98.4611,price_points,2021-04-15T21:00:00Z,2021-04-15T21:01:00Z,ERIS,exact,
2021-04-15,,YAHOO-CONTINUOUS-ZF,124.1171875,price_points,2021-04-15T21:00:00Z,2021-04-15T21:01:00Z,YAHOO,proxy,continuous futures proxy
2021-04-15,,YAHOO-CONTINUOUS-ZT,110.37890625,price_points,2021-04-15T21:00:00Z,2021-04-15T21:01:00Z,YAHOO,proxy,continuous futures proxy
2021-04-16,,ERIS-YIT,99.68290000000002,price_points,2021-04-16T21:00:00Z,2021-04-16T21:01:00Z,ERIS,exact,
2021-04-16,,ERIS-YIW,98.3513,price_points,2021-04-16T21:00:00Z,2021-04-16T21:01:00Z,ERIS,exact,
2021-04-16,,YAHOO-CONTINUOUS-ZF,123.9609375,price_points,2021-04-16T21:00:00Z,2021-04-16T21:01:00Z,YAHOO,proxy,continuous futures proxy
2021-04-16,,YAHOO-CONTINUOUS-ZT,110.36328125,price_points,2021-04-16T21:00:00Z,2021-04-16T21:01:00Z,YAHOO,proxy,continuous futures proxy
2021-04-19,,ERIS-YIT,99.69260000000003,price_points,2021-04-19T21:00:00Z,2021-04-19T21:01:00Z,ERIS,exact,
2021-04-19,,ERIS-YIW,98.3394,price_points,2021-04-19T21:00:00Z,2021-04-19T21:01:00Z,ERIS,exact,
2021-04-19,,YAHOO-CONTINUOUS-ZF,123.953125,price_points,2021-04-19T21:00:00Z,2021-04-19T21:01:00Z,YAHOO,proxy,continuous futures proxy
2021-04-19,,YAHOO-CONTINUOUS-ZT,110.37109375,price_points,2021-04-19T21:00:00Z,2021-04-19T21:01:00Z,YAHOO,proxy,continuous futures proxy
2021-04-20,,ERIS-YIT,99.70970000000003,price_points,2021-04-20T21:00:00Z,2021-04-20T21:01:00Z,ERIS,exact,
2021-04-20,,ERIS-YIW,98.4444,price_points,2021-04-20T21:00:00Z,2021-04-20T21:01:00Z,ERIS,exact,
2021-04-20,,YAHOO-CONTINUOUS-ZF,124.1171875,price_points,2021-04-20T21:00:00Z,2021-04-20T21:01:00Z,YAHOO,proxy,continuous futures proxy
2021-04-20,,YAHOO-CONTINUOUS-ZT,110.390625,price_points,2021-04-20T21:00:00Z,2021-04-20T21:01:00Z,YAHOO,proxy,continuous futures proxy
2021-04-21,,ERIS-YIT,99.70220000000002,price_points,2021-04-21T21:00:00Z,2021-04-21T21:01:00Z,ERIS,exact,
2021-04-21,,ERIS-YIW,98.4125,price_points,2021-04-21T21:00:00Z,2021-04-21T21:01:00Z,ERIS,exact,
2021-04-21,,YAHOO-CONTINUOUS-ZF,124.09375,price_points,2021-04-21T21:00:00Z,2021-04-21T21:01:00Z,YAHOO,proxy,continuous futures proxy
2021-04-21,,YAHOO-CONTINUOUS-ZT,110.3984375,price_points,2021-04-21T21:00:00Z,2021-04-21T21:01:00Z,YAHOO,proxy,continuous futures proxy
2021-04-22,,ERIS-YIT,99.69830000000002,price_points,2021-04-22T21:00:00Z,2021-04-22T21:01:00Z,ERIS,exact,
2021-04-22,,ERIS-YIW,98.3997,price_points,2021-04-22T21:00:00Z,2021-04-22T21:01:00Z,ERIS,exact,
2021-04-22,,YAHOO-CONTINUOUS-ZF,124.1015625,price_points,2021-04-22T21:00:00Z,2021-04-22T21:01:00Z,YAHOO,proxy,continuous futures proxy
2021-04-22,,YAHOO-CONTINUOUS-ZT,110.3984375,price_points,2021-04-22T21:00:00Z,2021-04-22T21:01:00Z,YAHOO,proxy,continuous futures proxy
2021-04-23,,ERIS-YIT,99.68220000000002,price_points,2021-04-23T21:00:00Z,2021-04-23T21:01:00Z,ERIS,exact,
2021-04-23,,ERIS-YIW,98.3309,price_points,2021-04-23T21:00:00Z,2021-04-23T21:01:00Z,ERIS,exact,
2021-04-23,,YAHOO-CONTINUOUS-ZF,124.0234375,price_points,2021-04-23T21:00:00Z,2021-04-23T21:01:00Z,YAHOO,proxy,continuous futures proxy
2021-04-23,,YAHOO-CONTINUOUS-ZT,110.38671875,price_points,2021-04-23T21:00:00Z,2021-04-23T21:01:00Z,YAHOO,proxy,continuous futures proxy
2021-04-26,,ERIS-YIT,99.67310000000002,price_points,2021-04-26T21:00:00Z,2021-04-26T21:01:00Z,ERIS,exact,
2021-04-26,,ERIS-YIW,98.2897,price_points,2021-04-26T21:00:00Z,2021-04-26T21:01:00Z,ERIS,exact,
2021-04-26,,YAHOO-CONTINUOUS-ZF,123.953125,price_points,2021-04-26T21:00:00Z,2021-04-26T21:01:00Z,YAHOO,proxy,continuous futures proxy
2021-04-26,,YAHOO-CONTINUOUS-ZT,110.36328125,price_points,2021-04-26T21:00:00Z,2021-04-26T21:01:00Z,YAHOO,proxy,continuous futures proxy
2021-04-27,,ERIS-YIT,99.65670000000001,price_points,2021-04-27T21:00:00Z,2021-04-27T21:01:00Z,ERIS,exact,
2021-04-27,,ERIS-YIW,98.1686,price_points,2021-04-27T21:00:00Z,2021-04-27T21:01:00Z,ERIS,exact,
2021-04-27,,YAHOO-CONTINUOUS-ZF,123.828125,price_points,2021-04-27T21:00:00Z,2021-04-27T21:01:00Z,YAHOO,proxy,continuous futures proxy
2021-04-27,,YAHOO-CONTINUOUS-ZT,110.3515625,price_points,2021-04-27T21:00:00Z,2021-04-27T21:01:00Z,YAHOO,proxy,continuous futures proxy
2021-04-28,,ERIS-YIT,99.67660000000002,price_points,2021-04-28T21:00:00Z,2021-04-28T21:01:00Z,ERIS,exact,
2021-04-28,,ERIS-YIW,98.1966,price_points,2021-04-28T21:00:00Z,2021-04-28T21:01:00Z,ERIS,exact,
2021-04-28,,YAHOO-CONTINUOUS-ZF,123.921875,price_points,2021-04-28T21:00:00Z,2021-04-28T21:01:00Z,YAHOO,proxy,continuous futures proxy
2021-04-28,,YAHOO-CONTINUOUS-ZT,110.37890625,price_points,2021-04-28T21:00:00Z,2021-04-28T21:01:00Z,YAHOO,proxy,continuous futures proxy
2021-04-29,,ERIS-YIT,99.67430000000002,price_points,2021-04-29T21:00:00Z,2021-04-29T21:01:00Z,ERIS,exact,
2021-04-29,,ERIS-YIW,98.1996,price_points,2021-04-29T21:00:00Z,2021-04-29T21:01:00Z,ERIS,exact,
2021-04-29,,YAHOO-CONTINUOUS-ZF,123.8984375,price_points,2021-04-29T21:00:00Z,2021-04-29T21:01:00Z,YAHOO,proxy,continuous futures proxy
2021-04-29,,YAHOO-CONTINUOUS-ZT,110.37890625,price_points,2021-04-29T21:00:00Z,2021-04-29T21:01:00Z,YAHOO,proxy,continuous futures proxy
2021-04-30,,ERIS-YIT,99.67860000000002,price_points,2021-04-30T21:00:00Z,2021-04-30T21:01:00Z,ERIS,exact,
2021-04-30,,ERIS-YIW,98.221,price_points,2021-04-30T21:00:00Z,2021-04-30T21:01:00Z,ERIS,exact,
2021-04-30,,YAHOO-CONTINUOUS-ZF,123.9375,price_points,2021-04-30T21:00:00Z,2021-04-30T21:01:00Z,YAHOO,proxy,continuous futures proxy
2021-04-30,,YAHOO-CONTINUOUS-ZT,110.37890625,price_points,2021-04-30T21:00:00Z,2021-04-30T21:01:00Z,YAHOO,proxy,continuous futures proxy
2021-05-03,,ERIS-YIT,99.68900000000002,price_points,2021-05-03T21:00:00Z,2021-05-03T21:01:00Z,ERIS,exact,
2021-05-03,,ERIS-YIW,98.3121,price_points,2021-05-03T21:00:00Z,2021-05-03T21:01:00Z,ERIS,exact,
2021-05-03,,YAHOO-CONTINUOUS-ZF,124.0859375,price_points,2021-05-03T21:00:00Z,2021-05-03T21:01:00Z,YAHOO,proxy,continuous futures proxy
2021-05-03,,YAHOO-CONTINUOUS-ZT,110.38671875,price_points,2021-05-03T21:00:00Z,2021-05-03T21:01:00Z,YAHOO,proxy,continuous futures proxy
2021-05-04,,ERIS-YIT,99.69650000000001,price_points,2021-05-04T21:00:00Z,2021-05-04T21:01:00Z,ERIS,exact,
2021-05-04,,ERIS-YIW,98.3637,price_points,2021-05-04T21:00:00Z,2021-05-04T21:01:00Z,ERIS,exact,
2021-05-04,,YAHOO-CONTINUOUS-ZF,124.109375,price_points,2021-05-04T21:00:00Z,2021-05-04T21:01:00Z,YAHOO,proxy,continuous futures proxy
2021-05-04,,YAHOO-CONTINUOUS-ZT,110.3828125,price_points,2021-05-04T21:00:00Z,2021-05-04T21:01:00Z,YAHOO,proxy,continuous futures proxy
2021-05-05,,ERIS-YIT,99.70840000000003,price_points,2021-05-05T21:00:00Z,2021-05-05T21:01:00Z,ERIS,exact,
2021-05-05,,ERIS-YIW,98.4254,price_points,2021-05-05T21:00:00Z,2021-05-05T21:01:00Z,ERIS,exact,
2021-05-05,,YAHOO-CONTINUOUS-ZF,124.203125,price_points,2021-05-05T21:00:00Z,2021-05-05T21:01:00Z,YAHOO,proxy,continuous futures proxy
2021-05-05,,YAHOO-CONTINUOUS-ZT,110.39453125,price_points,2021-05-05T21:00:00Z,2021-05-05T21:01:00Z,YAHOO,proxy,continuous futures proxy
2021-05-06,,ERIS-YIT,99.71610000000003,price_points,2021-05-06T21:00:00Z,2021-05-06T21:01:00Z,ERIS,exact,
2021-05-06,,ERIS-YIW,98.4583,price_points,2021-05-06T21:00:00Z,2021-05-06T21:01:00Z,ERIS,exact,
2021-05-06,,YAHOO-CONTINUOUS-ZF,124.2421875,price_points,2021-05-06T21:00:00Z,2021-05-06T21:01:00Z,YAHOO,proxy,continuous futures proxy
2021-05-06,,YAHOO-CONTINUOUS-ZT,110.3984375,price_points,2021-05-06T21:00:00Z,2021-05-06T21:01:00Z,YAHOO,proxy,continuous futures proxy
2021-05-07,,ERIS-YIT,99.75710000000002,price_points,2021-05-07T21:00:00Z,2021-05-07T21:01:00Z,ERIS,exact,
2021-05-07,,ERIS-YIW,98.6116,price_points,2021-05-07T21:00:00Z,2021-05-07T21:01:00Z,ERIS,exact,
2021-05-07,,YAHOO-CONTINUOUS-ZF,124.3984375,price_points,2021-05-07T21:00:00Z,2021-05-07T21:01:00Z,YAHOO,proxy,continuous futures proxy
2021-05-07,,YAHOO-CONTINUOUS-ZT,110.421875,price_points,2021-05-07T21:00:00Z,2021-05-07T21:01:00Z,YAHOO,proxy,continuous futures proxy
2021-05-10,,ERIS-YIT,99.75250000000003,price_points,2021-05-10T21:00:00Z,2021-05-10T21:01:00Z,ERIS,exact,
2021-05-10,,ERIS-YIW,98.6033,price_points,2021-05-10T21:00:00Z,2021-05-10T21:01:00Z,ERIS,exact,
2021-05-10,,YAHOO-CONTINUOUS-ZF,124.359375,price_points,2021-05-10T21:00:00Z,2021-05-10T21:01:00Z,YAHOO,proxy,continuous futures proxy
2021-05-10,,YAHOO-CONTINUOUS-ZT,110.40625,price_points,2021-05-10T21:00:00Z,2021-05-10T21:01:00Z,YAHOO,proxy,continuous futures proxy
2021-05-11,,ERIS-YIT,99.73020000000002,price_points,2021-05-11T21:00:00Z,2021-05-11T21:01:00Z,ERIS,exact,
2021-05-11,,ERIS-YIW,98.5364,price_points,2021-05-11T21:00:00Z,2021-05-11T21:01:00Z,ERIS,exact,
2021-05-11,,YAHOO-CONTINUOUS-ZF,124.2578125,price_points,2021-05-11T21:00:00Z,2021-05-11T21:01:00Z,YAHOO,proxy,continuous futures proxy
2021-05-11,,YAHOO-CONTINUOUS-ZT,110.390625,price_points,2021-05-11T21:00:00Z,2021-05-11T21:01:00Z,YAHOO,proxy,continuous futures proxy
2021-05-12,,ERIS-YIT,99.68470000000002,price_points,2021-05-12T21:00:00Z,2021-05-12T21:01:00Z,ERIS,exact,
2021-05-12,,ERIS-YIW,98.2626,price_points,2021-05-12T21:00:00Z,2021-05-12T21:01:00Z,ERIS,exact,
2021-05-12,,YAHOO-CONTINUOUS-ZF,123.96875,price_points,2021-05-12T21:00:00Z,2021-05-12T21:01:00Z,YAHOO,proxy,continuous futures proxy
2021-05-12,,YAHOO-CONTINUOUS-ZT,110.375,price_points,2021-05-12T21:00:00Z,2021-05-12T21:01:00Z,YAHOO,proxy,continuous futures proxy
2021-05-13,,ERIS-YIT,99.70730000000002,price_points,2021-05-13T21:00:00Z,2021-05-13T21:01:00Z,ERIS,exact,
2021-05-13,,ERIS-YIW,98.4051,price_points,2021-05-13T21:00:00Z,2021-05-13T21:01:00Z,ERIS,exact,
2021-05-13,,YAHOO-CONTINUOUS-ZF,124.109375,price_points,2021-05-13T21:00:00Z,2021-05-13T21:01:00Z,YAHOO,proxy,continuous futures proxy
2021-05-13,,YAHOO-CONTINUOUS-ZT,110.390625,price_points,2021-05-13T21:00:00Z,2021-05-13T21:01:00Z,YAHOO,proxy,continuous futures proxy
2021-05-14,,ERIS-YIT,99.71000000000002,price_points,2021-05-14T21:00:00Z,2021-05-14T21:01:00Z,ERIS,exact,
2021-05-14,,ERIS-YIW,98.4488,price_points,2021-05-14T21:00:00Z,2021-05-14T21:01:00Z,ERIS,exact,
2021-05-14,,YAHOO-CONTINUOUS-ZF,124.1796875,price_points,2021-05-14T21:00:00Z,2021-05-14T21:01:00Z,YAHOO,proxy,continuous futures proxy
2021-05-14,,YAHOO-CONTINUOUS-ZT,110.40625,price_points,2021-05-14T21:00:00Z,2021-05-14T21:01:00Z,YAHOO,proxy,continuous futures proxy
2021-05-17,,ERIS-YIT,99.71120000000002,price_points,2021-05-17T21:00:00Z,2021-05-17T21:01:00Z,ERIS,exact,
2021-05-17,,ERIS-YIW,98.4366,price_points,2021-05-17T21:00:00Z,2021-05-17T21:01:00Z,ERIS,exact,
2021-05-17,,YAHOO-CONTINUOUS-ZF,124.140625,price_points,2021-05-17T21:00:00Z,2021-05-17T21:01:00Z,YAHOO,proxy,continuous futures proxy
2021-05-17,,YAHOO-CONTINUOUS-ZT,110.3984375,price_points,2021-05-17T21:00:00Z,2021-05-17T21:01:00Z,YAHOO,proxy,continuous futures proxy
2021-05-18,,ERIS-YIT,99.71260000000002,price_points,2021-05-18T21:00:00Z,2021-05-18T21:01:00Z,ERIS,exact,
2021-05-18,,ERIS-YIW,98.4393,price_points,2021-05-18T21:00:00Z,2021-05-18T21:01:00Z,ERIS,exact,
2021-05-18,,YAHOO-CONTINUOUS-ZF,124.1875,price_points,2021-05-18T21:00:00Z,2021-05-18T21:01:00Z,YAHOO,proxy,continuous futures proxy
2021-05-18,,YAHOO-CONTINUOUS-ZT,110.41015625,price_points,2021-05-18T21:00:00Z,2021-05-18T21:01:00Z,YAHOO,proxy,continuous futures proxy
2021-05-19,,ERIS-YIT,99.68710000000002,price_points,2021-05-19T21:00:00Z,2021-05-19T21:01:00Z,ERIS,exact,
2021-05-19,,ERIS-YIW,98.2905,price_points,2021-05-19T21:00:00Z,2021-05-19T21:01:00Z,ERIS,exact,
2021-05-19,,YAHOO-CONTINUOUS-ZF,123.9921875,price_points,2021-05-19T21:00:00Z,2021-05-19T21:01:00Z,YAHOO,proxy,continuous futures proxy
2021-05-19,,YAHOO-CONTINUOUS-ZT,110.390625,price_points,2021-05-19T21:00:00Z,2021-05-19T21:01:00Z,YAHOO,proxy,continuous futures proxy
2021-05-20,,ERIS-YIT,99.72480000000002,price_points,2021-05-20T21:00:00Z,2021-05-20T21:01:00Z,ERIS,exact,
2021-05-20,,ERIS-YIW,98.46,price_points,2021-05-20T21:00:00Z,2021-05-20T21:01:00Z,ERIS,exact,
2021-05-20,,YAHOO-CONTINUOUS-ZF,124.234375,price_points,2021-05-20T21:00:00Z,2021-05-20T21:01:00Z,YAHOO,proxy,continuous futures proxy
2021-05-20,,YAHOO-CONTINUOUS-ZT,110.41015625,price_points,2021-05-20T21:00:00Z,2021-05-20T21:01:00Z,YAHOO,proxy,continuous futures proxy
2021-05-21,,ERIS-YIT,99.71850000000002,price_points,2021-05-21T21:00:00Z,2021-05-21T21:01:00Z,ERIS,exact,
2021-05-21,,ERIS-YIW,98.4229,price_points,2021-05-21T21:00:00Z,2021-05-21T21:01:00Z,ERIS,exact,
2021-05-21,,YAHOO-CONTINUOUS-ZF,124.1953125,price_points,2021-05-21T21:00:00Z,2021-05-21T21:01:00Z,YAHOO,proxy,continuous futures proxy
2021-05-21,,YAHOO-CONTINUOUS-ZT,110.40234375,price_points,2021-05-21T21:00:00Z,2021-05-21T21:01:00Z,YAHOO,proxy,continuous futures proxy
2021-05-24,,ERIS-YIT,99.73140000000002,price_points,2021-05-24T21:00:00Z,2021-05-24T21:01:00Z,ERIS,exact,
2021-05-24,,ERIS-YIW,98.5101,price_points,2021-05-24T21:00:00Z,2021-05-24T21:01:00Z,ERIS,exact,
2021-05-24,,YAHOO-CONTINUOUS-ZF,124.2890625,price_points,2021-05-24T21:00:00Z,2021-05-24T21:01:00Z,YAHOO,proxy,continuous futures proxy
2021-05-24,,YAHOO-CONTINUOUS-ZT,110.4140625,price_points,2021-05-24T21:00:00Z,2021-05-24T21:01:00Z,YAHOO,proxy,continuous futures proxy
2021-05-25,,ERIS-YIT,99.75400000000002,price_points,2021-05-25T21:00:00Z,2021-05-25T21:01:00Z,ERIS,exact,
2021-05-25,,ERIS-YIW,98.6451,price_points,2021-05-25T21:00:00Z,2021-05-25T21:01:00Z,ERIS,exact,
2021-05-25,,YAHOO-CONTINUOUS-ZF,124.4375,price_points,2021-05-25T21:00:00Z,2021-05-25T21:01:00Z,YAHOO,proxy,continuous futures proxy
2021-05-25,,YAHOO-CONTINUOUS-ZT,110.4296875,price_points,2021-05-25T21:00:00Z,2021-05-25T21:01:00Z,YAHOO,proxy,continuous futures proxy
2021-05-26,,ERIS-YIT,99.75660000000002,price_points,2021-05-26T21:00:00Z,2021-05-26T21:01:00Z,ERIS,exact,
2021-05-26,,ERIS-YIW,98.6365,price_points,2021-05-26T21:00:00Z,2021-05-26T21:01:00Z,ERIS,exact,
2021-05-26,,YAHOO-CONTINUOUS-ZF,124.4296875,price_points,2021-05-26T21:00:00Z,2021-05-26T21:01:00Z,YAHOO,proxy,continuous futures proxy
2021-05-26,,YAHOO-CONTINUOUS-ZT,110.43359375,price_points,2021-05-26T21:00:00Z,2021-05-26T21:01:00Z,YAHOO,proxy,continuous futures proxy
2021-05-27,,ERIS-YIT,99.75140000000002,price_points,2021-05-27T21:00:00Z,2021-05-27T21:01:00Z,ERIS,exact,
2021-05-27,,ERIS-YIW,98.557,price_points,2021-05-27T21:00:00Z,2021-05-27T21:01:00Z,ERIS,exact,
2021-05-27,,YAHOO-CONTINUOUS-ZF,124.34375,price_points,2021-05-27T21:00:00Z,2021-05-27T21:01:00Z,YAHOO,proxy,continuous futures proxy
2021-05-27,,YAHOO-CONTINUOUS-ZT,110.4296875,price_points,2021-05-27T21:00:00Z,2021-05-27T21:01:00Z,YAHOO,proxy,continuous futures proxy
2021-05-28,,ERIS-YIT,99.75750000000002,price_points,2021-05-28T21:00:00Z,2021-05-28T21:01:00Z,ERIS,exact,
2021-05-28,,ERIS-YIW,98.5804,price_points,2021-05-28T21:00:00Z,2021-05-28T21:01:00Z,ERIS,exact,
2021-05-28,,YAHOO-CONTINUOUS-ZF,124.4140625,price_points,2021-05-28T21:00:00Z,2021-05-28T21:01:00Z,YAHOO,proxy,continuous futures proxy
2021-05-28,,YAHOO-CONTINUOUS-ZT,110.4453125,price_points,2021-05-28T21:00:00Z,2021-05-28T21:01:00Z,YAHOO,proxy,continuous futures proxy
2021-06-01,,ERIS-YIT,99.75060000000002,price_points,2021-06-01T21:00:00Z,2021-06-01T21:01:00Z,ERIS,exact,
2021-06-01,,ERIS-YIW,98.5098,price_points,2021-06-01T21:00:00Z,2021-06-01T21:01:00Z,ERIS,exact,
2021-06-01,,YAHOO-CONTINUOUS-ZF,124.3671875,price_points,2021-06-01T21:00:00Z,2021-06-01T21:01:00Z,YAHOO,proxy,continuous futures proxy
2021-06-01,,YAHOO-CONTINUOUS-ZT,110.4375,price_points,2021-06-01T21:00:00Z,2021-06-01T21:01:00Z,YAHOO,proxy,continuous futures proxy
2021-06-02,,ERIS-YIT,99.76330000000002,price_points,2021-06-02T21:00:00Z,2021-06-02T21:01:00Z,ERIS,exact,
2021-06-02,,ERIS-YIW,98.5901,price_points,2021-06-02T21:00:00Z,2021-06-02T21:01:00Z,ERIS,exact,
2021-06-02,,YAHOO-CONTINUOUS-ZF,124.421875,price_points,2021-06-02T21:00:00Z,2021-06-02T21:01:00Z,YAHOO,proxy,continuous futures proxy
2021-06-02,,YAHOO-CONTINUOUS-ZT,110.4375,price_points,2021-06-02T21:00:00Z,2021-06-02T21:01:00Z,YAHOO,proxy,continuous futures proxy
2021-06-03,,ERIS-YIT,99.74020000000002,price_points,2021-06-03T21:00:00Z,2021-06-03T21:01:00Z,ERIS,exact,
2021-06-03,,ERIS-YIW,98.436,price_points,2021-06-03T21:00:00Z,2021-06-03T21:01:00Z,ERIS,exact,
2021-06-03,,YAHOO-CONTINUOUS-ZF,124.203125,price_points,2021-06-03T21:00:00Z,2021-06-03T21:01:00Z,YAHOO,proxy,continuous futures proxy
2021-06-03,,YAHOO-CONTINUOUS-ZT,110.4140625,price_points,2021-06-03T21:00:00Z,2021-06-03T21:01:00Z,YAHOO,proxy,continuous futures proxy
2021-06-04,,ERIS-YIT,99.76870000000002,price_points,2021-06-04T21:00:00Z,2021-06-04T21:01:00Z,ERIS,exact,
2021-06-04,,ERIS-YIW,98.6769,price_points,2021-06-04T21:00:00Z,2021-06-04T21:01:00Z,ERIS,exact,
2021-06-04,,YAHOO-CONTINUOUS-ZF,124.484375,price_points,2021-06-04T21:00:00Z,2021-06-04T21:01:00Z,YAHOO,proxy,continuous futures proxy
2021-06-04,,YAHOO-CONTINUOUS-ZT,110.4296875,price_points,2021-06-04T21:00:00Z,2021-06-04T21:01:00Z,YAHOO,proxy,continuous futures proxy
2021-06-07,,ERIS-YIT,99.75810000000003,price_points,2021-06-07T21:00:00Z,2021-06-07T21:01:00Z,ERIS,exact,
2021-06-07,,ERIS-YIW,98.6585,price_points,2021-06-07T21:00:00Z,2021-06-07T21:01:00Z,ERIS,exact,
2021-06-07,,YAHOO-CONTINUOUS-ZF,124.4453125,price_points,2021-06-07T21:00:00Z,2021-06-07T21:01:00Z,YAHOO,proxy,continuous futures proxy
2021-06-07,,YAHOO-CONTINUOUS-ZT,110.41796875,price_points,2021-06-07T21:00:00Z,2021-06-07T21:01:00Z,YAHOO,proxy,continuous futures proxy
2021-06-08,,ERIS-YIT,99.76150000000003,price_points,2021-06-08T21:00:00Z,2021-06-08T21:01:00Z,ERIS,exact,
2021-06-08,,ERIS-YIW,98.7549,price_points,2021-06-08T21:00:00Z,2021-06-08T21:01:00Z,ERIS,exact,
2021-06-08,,YAHOO-CONTINUOUS-ZF,124.546875,price_points,2021-06-08T21:00:00Z,2021-06-08T21:01:00Z,YAHOO,proxy,continuous futures proxy
2021-06-08,,YAHOO-CONTINUOUS-ZT,110.42578125,price_points,2021-06-08T21:00:00Z,2021-06-08T21:01:00Z,YAHOO,proxy,continuous futures proxy
2021-06-09,,ERIS-YIT,99.77530000000002,price_points,2021-06-09T21:00:00Z,2021-06-09T21:01:00Z,ERIS,exact,
2021-06-09,,ERIS-YIW,98.8279,price_points,2021-06-09T21:00:00Z,2021-06-09T21:01:00Z,ERIS,exact,
2021-06-09,,YAHOO-CONTINUOUS-ZF,124.6640625,price_points,2021-06-09T21:00:00Z,2021-06-09T21:01:00Z,YAHOO,proxy,continuous futures proxy
2021-06-09,,YAHOO-CONTINUOUS-ZT,110.4296875,price_points,2021-06-09T21:00:00Z,2021-06-09T21:01:00Z,YAHOO,proxy,continuous futures proxy
2021-06-10,,ERIS-YIT,99.78400000000002,price_points,2021-06-10T21:00:00Z,2021-06-10T21:01:00Z,ERIS,exact,
2021-06-10,,ERIS-YIW,98.8927,price_points,2021-06-10T21:00:00Z,2021-06-10T21:01:00Z,ERIS,exact,
2021-06-10,,YAHOO-CONTINUOUS-ZF,124.71875,price_points,2021-06-10T21:00:00Z,2021-06-10T21:01:00Z,YAHOO,proxy,continuous futures proxy
2021-06-10,,YAHOO-CONTINUOUS-ZT,110.4296875,price_points,2021-06-10T21:00:00Z,2021-06-10T21:01:00Z,YAHOO,proxy,continuous futures proxy
2021-06-11,,ERIS-YIT,99.76590000000002,price_points,2021-06-11T21:00:00Z,2021-06-11T21:01:00Z,ERIS,exact,
2021-06-11,,ERIS-YIW,98.7909,price_points,2021-06-11T21:00:00Z,2021-06-11T21:01:00Z,ERIS,exact,
2021-06-11,,YAHOO-CONTINUOUS-ZF,124.625,price_points,2021-06-11T21:00:00Z,2021-06-11T21:01:00Z,YAHOO,proxy,continuous futures proxy
2021-06-11,,YAHOO-CONTINUOUS-ZT,110.4296875,price_points,2021-06-11T21:00:00Z,2021-06-11T21:01:00Z,YAHOO,proxy,continuous futures proxy
2021-06-14,,ERIS-YIT,99.75110000000002,price_points,2021-06-14T21:00:00Z,2021-06-14T21:01:00Z,ERIS,exact,
2021-06-14,,ERIS-YIW,98.6525,price_points,2021-06-14T21:00:00Z,2021-06-14T21:01:00Z,ERIS,exact,
2021-06-14,,YAHOO-CONTINUOUS-ZF,124.4609375,price_points,2021-06-14T21:00:00Z,2021-06-14T21:01:00Z,YAHOO,proxy,continuous futures proxy
2021-06-14,,YAHOO-CONTINUOUS-ZT,110.4140625,price_points,2021-06-14T21:00:00Z,2021-06-14T21:01:00Z,YAHOO,proxy,continuous futures proxy
2021-06-15,,ERIS-YIT,99.74860000000002,price_points,2021-06-15T21:00:00Z,2021-06-15T21:01:00Z,ERIS,exact,
2021-06-15,,ERIS-YIW,98.661,price_points,2021-06-15T21:00:00Z,2021-06-15T21:01:00Z,ERIS,exact,
2021-06-15,,YAHOO-CONTINUOUS-ZF,124.4609375,price_points,2021-06-15T21:00:00Z,2021-06-15T21:01:00Z,YAHOO,proxy,continuous futures proxy
2021-06-15,,YAHOO-CONTINUOUS-ZT,110.40234375,price_points,2021-06-15T21:00:00Z,2021-06-15T21:01:00Z,YAHOO,proxy,continuous futures proxy
2021-06-16,,ERIS-YIT,99.67240000000002,price_points,2021-06-16T21:00:00Z,2021-06-16T21:01:00Z,ERIS,exact,
2021-06-16,,ERIS-YIW,98.2427,price_points,2021-06-16T21:00:00Z,2021-06-16T21:01:00Z,ERIS,exact,
2021-06-16,,YAHOO-CONTINUOUS-ZF,123.984375,price_points,2021-06-16T21:00:00Z,2021-06-16T21:01:00Z,YAHOO,proxy,continuous futures proxy
2021-06-16,,YAHOO-CONTINUOUS-ZT,110.328125,price_points,2021-06-16T21:00:00Z,2021-06-16T21:01:00Z,YAHOO,proxy,continuous futures proxy
2021-06-17,,ERIS-YIT,99.63490000000002,price_points,2021-06-17T21:00:00Z,2021-06-17T21:01:00Z,ERIS,exact,
2021-06-17,,ERIS-YIW,98.2855,price_points,2021-06-17T21:00:00Z,2021-06-17T21:01:00Z,ERIS,exact,
2021-06-17,,YAHOO-CONTINUOUS-ZF,123.921875,price_points,2021-06-17T21:00:00Z,2021-06-17T21:01:00Z,YAHOO,proxy,continuous futures proxy
2021-06-17,,YAHOO-CONTINUOUS-ZT,110.3203125,price_points,2021-06-17T21:00:00Z,2021-06-17T21:01:00Z,YAHOO,proxy,continuous futures proxy
2021-06-18,,ERIS-YIT,99.56110000000002,price_points,2021-06-18T21:00:00Z,2021-06-18T21:01:00Z,ERIS,exact,
2021-06-18,,ERIS-YIW,98.2626,price_points,2021-06-18T21:00:00Z,2021-06-18T21:01:00Z,ERIS,exact,
2021-06-18,,YAHOO-CONTINUOUS-ZF,123.8203125,price_points,2021-06-18T21:00:00Z,2021-06-18T21:01:00Z,YAHOO,proxy,continuous futures proxy
2021-06-18,,YAHOO-CONTINUOUS-ZT,110.23828125,price_points,2021-06-18T21:00:00Z,2021-06-18T21:01:00Z,YAHOO,proxy,continuous futures proxy
2021-06-21,,ERIS-YIT,99.57360000000003,price_points,2021-06-21T21:00:00Z,2021-06-21T21:01:00Z,ERIS,exact,
2021-06-21,,ERIS-YIW,98.2872,price_points,2021-06-21T21:00:00Z,2021-06-21T21:01:00Z,ERIS,exact,
2021-06-21,,YAHOO-CONTINUOUS-ZF,123.8359375,price_points,2021-06-21T21:00:00Z,2021-06-21T21:01:00Z,YAHOO,proxy,continuous futures proxy
2021-06-21,,YAHOO-CONTINUOUS-ZT,110.24609375,price_points,2021-06-21T21:00:00Z,2021-06-21T21:01:00Z,YAHOO,proxy,continuous futures proxy
2021-06-22,,ERIS-YIT,99.61240000000002,price_points,2021-06-22T21:00:00Z,2021-06-22T21:01:00Z,ERIS,exact,
2021-06-22,,ERIS-YIW,98.3701,price_points,2021-06-22T21:00:00Z,2021-06-22T21:01:00Z,ERIS,exact,
2021-06-22,,YAHOO-CONTINUOUS-ZF,123.96875,price_points,2021-06-22T21:00:00Z,2021-06-22T21:01:00Z,YAHOO,proxy,continuous futures proxy
2021-06-22,,YAHOO-CONTINUOUS-ZT,110.28515625,price_points,2021-06-22T21:00:00Z,2021-06-22T21:01:00Z,YAHOO,proxy,continuous futures proxy
2021-06-23,,ERIS-YIT,99.57490000000001,price_points,2021-06-23T21:00:00Z,2021-06-23T21:01:00Z,ERIS,exact,
2021-06-23,,ERIS-YIW,98.2472,price_points,2021-06-23T21:00:00Z,2021-06-23T21:01:00Z,ERIS,exact,
2021-06-23,,YAHOO-CONTINUOUS-ZF,123.859375,price_points,2021-06-23T21:00:00Z,2021-06-23T21:01:00Z,YAHOO,proxy,continuous futures proxy
2021-06-23,,YAHOO-CONTINUOUS-ZT,110.28515625,price_points,2021-06-23T21:00:00Z,2021-06-23T21:01:00Z,YAHOO,proxy,continuous futures proxy
2021-06-24,,ERIS-YIT,99.55860000000003,price_points,2021-06-24T21:00:00Z,2021-06-24T21:01:00Z,ERIS,exact,
2021-06-24,,ERIS-YIW,98.2029,price_points,2021-06-24T21:00:00Z,2021-06-24T21:01:00Z,ERIS,exact,
2021-06-24,,YAHOO-CONTINUOUS-ZF,123.828125,price_points,2021-06-24T21:00:00Z,2021-06-24T21:01:00Z,YAHOO,proxy,continuous futures proxy
2021-06-24,,YAHOO-CONTINUOUS-ZT,110.25390625,price_points,2021-06-24T21:00:00Z,2021-06-24T21:01:00Z,YAHOO,proxy,continuous futures proxy
2021-06-25,,ERIS-YIT,99.54740000000002,price_points,2021-06-25T21:00:00Z,2021-06-25T21:01:00Z,ERIS,exact,
2021-06-25,,ERIS-YIW,98.1159,price_points,2021-06-25T21:00:00Z,2021-06-25T21:01:00Z,ERIS,exact,
2021-06-25,,YAHOO-CONTINUOUS-ZF,123.7421875,price_points,2021-06-25T21:00:00Z,2021-06-25T21:01:00Z,YAHOO,proxy,continuous futures proxy
2021-06-25,,YAHOO-CONTINUOUS-ZT,110.25,price_points,2021-06-25T21:00:00Z,2021-06-25T21:01:00Z,YAHOO,proxy,continuous futures proxy
2021-06-28,,ERIS-YIT,99.57610000000003,price_points,2021-06-28T21:00:00Z,2021-06-28T21:01:00Z,ERIS,exact,
2021-06-28,,ERIS-YIW,98.2172,price_points,2021-06-28T21:00:00Z,2021-06-28T21:01:00Z,ERIS,exact,
2021-06-28,,YAHOO-CONTINUOUS-ZF,123.8828125,price_points,2021-06-28T21:00:00Z,2021-06-28T21:01:00Z,YAHOO,proxy,continuous futures proxy
2021-06-28,,YAHOO-CONTINUOUS-ZT,110.28125,price_points,2021-06-28T21:00:00Z,2021-06-28T21:01:00Z,YAHOO,proxy,continuous futures proxy
2021-06-29,,ERIS-YIT,99.56990000000002,price_points,2021-06-29T21:00:00Z,2021-06-29T21:01:00Z,ERIS,exact,
2021-06-29,,ERIS-YIW,98.2087,price_points,2021-06-29T21:00:00Z,2021-06-29T21:01:00Z,ERIS,exact,
2021-06-29,,YAHOO-CONTINUOUS-ZF,123.90625,price_points,2021-06-29T21:00:00Z,2021-06-29T21:01:00Z,YAHOO,proxy,continuous futures proxy
2021-06-29,,YAHOO-CONTINUOUS-ZT,110.28515625,price_points,2021-06-29T21:00:00Z,2021-06-29T21:01:00Z,YAHOO,proxy,continuous futures proxy
2021-06-30,,ERIS-YIT,99.57240000000002,price_points,2021-06-30T21:00:00Z,2021-06-30T21:01:00Z,ERIS,exact,
2021-06-30,,ERIS-YIW,98.2682,price_points,2021-06-30T21:00:00Z,2021-06-30T21:01:00Z,ERIS,exact,
2021-06-30,,YAHOO-CONTINUOUS-ZF,123.9609375,price_points,2021-06-30T21:00:00Z,2021-06-30T21:01:00Z,YAHOO,proxy,continuous futures proxy
2021-06-30,,YAHOO-CONTINUOUS-ZT,110.29296875,price_points,2021-06-30T21:00:00Z,2021-06-30T21:01:00Z,YAHOO,proxy,continuous futures proxy
2021-07-01,,ERIS-YIT,99.55740000000002,price_points,2021-07-01T21:00:00Z,2021-07-01T21:01:00Z,ERIS,exact,
2021-07-01,,ERIS-YIW,98.1502,price_points,2021-07-01T21:00:00Z,2021-07-01T21:01:00Z,ERIS,exact,
2021-07-01,,YAHOO-CONTINUOUS-ZF,123.296875,price_points,2021-07-01T21:00:00Z,2021-07-01T21:01:00Z,YAHOO,proxy,continuous futures proxy
2021-07-01,,YAHOO-CONTINUOUS-ZT,110.1484375,price_points,2021-07-01T21:00:00Z,2021-07-01T21:01:00Z,YAHOO,proxy,continuous futures proxy
2021-07-02,,ERIS-YIT,99.60240000000002,price_points,2021-07-02T21:00:00Z,2021-07-02T21:01:00Z,ERIS,exact,
2021-07-02,,ERIS-YIW,98.3343,price_points,2021-07-02T21:00:00Z,2021-07-02T21:01:00Z,ERIS,exact,
2021-07-02,,YAHOO-CONTINUOUS-ZF,123.5,price_points,2021-07-02T21:00:00Z,2021-07-02T21:01:00Z,YAHOO,proxy,continuous futures proxy
2021-07-02,,YAHOO-CONTINUOUS-ZT,110.18359375,price_points,2021-07-02T21:00:00Z,2021-07-02T21:01:00Z,YAHOO,proxy,continuous futures proxy
2021-07-06,,ERIS-YIT,99.63990000000003,price_points,2021-07-06T21:00:00Z,2021-07-06T21:01:00Z,ERIS,exact,
2021-07-06,,ERIS-YIW,98.5507,price_points,2021-07-06T21:00:00Z,2021-07-06T21:01:00Z,ERIS,exact,
2021-07-06,,YAHOO-CONTINUOUS-ZF,123.7734375,price_points,2021-07-06T21:00:00Z,2021-07-06T21:01:00Z,YAHOO,proxy,continuous futures proxy
2021-07-06,,YAHOO-CONTINUOUS-ZT,110.2265625,price_points,2021-07-06T21:00:00Z,2021-07-06T21:01:00Z,YAHOO,proxy,continuous futures proxy
2021-07-07,,ERIS-YIT,99.65360000000003,price_points,2021-07-07T21:00:00Z,2021-07-07T21:01:00Z,ERIS,exact,
2021-07-07,,ERIS-YIW,98.6462,price_points,2021-07-07T21:00:00Z,2021-07-07T21:01:00Z,ERIS,exact,
2021-07-07,,YAHOO-CONTINUOUS-ZF,123.9140625,price_points,2021-07-07T21:00:00Z,2021-07-07T21:01:00Z,YAHOO,proxy,continuous futures proxy
2021-07-07,,YAHOO-CONTINUOUS-ZT,110.2421875,price_points,2021-07-07T21:00:00Z,2021-07-07T21:01:00Z,YAHOO,proxy,continuous futures proxy
2021-07-08,,ERIS-YIT,99.70610000000002,price_points,2021-07-08T21:00:00Z,2021-07-08T21:01:00Z,ERIS,exact,
2021-07-08,,ERIS-YIW,98.8557,price_points,2021-07-08T21:00:00Z,2021-07-08T21:01:00Z,ERIS,exact,
2021-07-08,,YAHOO-CONTINUOUS-ZF,124.1796875,price_points,2021-07-08T21:00:00Z,2021-07-08T21:01:00Z,YAHOO,proxy,continuous futures proxy
2021-07-08,,YAHOO-CONTINUOUS-ZT,110.28515625,price_points,2021-07-08T21:00:00Z,2021-07-08T21:01:00Z,YAHOO,proxy,continuous futures proxy
2021-07-09,,ERIS-YIT,99.65990000000002,price_points,2021-07-09T21:00:00Z,2021-07-09T21:01:00Z,ERIS,exact,
2021-07-09,,ERIS-YIW,98.6326,price_points,2021-07-09T21:00:00Z,2021-07-09T21:01:00Z,ERIS,exact,
2021-07-09,,YAHOO-CONTINUOUS-ZF,123.9296875,price_points,2021-07-09T21:00:00Z,2021-07-09T21:01:00Z,YAHOO,proxy,continuous futures proxy
2021-07-09,,YAHOO-CONTINUOUS-ZT,110.2421875,price_points,2021-07-09T21:00:00Z,2021-07-09T21:01:00Z,YAHOO,proxy,continuous futures proxy
2021-07-12,,ERIS-YIT,99.64240000000002,price_points,2021-07-12T21:00:00Z,2021-07-12T21:01:00Z,ERIS,exact,
2021-07-12,,ERIS-YIW,98.6146,price_points,2021-07-12T21:00:00Z,2021-07-12T21:01:00Z,ERIS,exact,
2021-07-12,,YAHOO-CONTINUOUS-ZF,123.8828125,price_points,2021-07-12T21:00:00Z,2021-07-12T21:01:00Z,YAHOO,proxy,continuous futures proxy
2021-07-12,,YAHOO-CONTINUOUS-ZT,110.20703125,price_points,2021-07-12T21:00:00Z,2021-07-12T21:01:00Z,YAHOO,proxy,continuous futures proxy
2021-07-13,,ERIS-YIT,99.57110000000002,price_points,2021-07-13T21:00:00Z,2021-07-13T21:01:00Z,ERIS,exact,
2021-07-13,,ERIS-YIW,98.3869,price_points,2021-07-13T21:00:00Z,2021-07-13T21:01:00Z,ERIS,exact,
2021-07-13,,YAHOO-CONTINUOUS-ZF,123.609375,price_points,2021-07-13T21:00:00Z,2021-07-13T21:01:00Z,YAHOO,proxy,continuous futures proxy
2021-07-13,,YAHOO-CONTINUOUS-ZT,110.15625,price_points,2021-07-13T21:00:00Z,2021-07-13T21:01:00Z,YAHOO,proxy,continuous futures proxy
2021-07-14,,ERIS-YIT,99.61610000000002,price_points,2021-07-14T21:00:00Z,2021-07-14T21:01:00Z,ERIS,exact,
2021-07-14,,ERIS-YIW,98.5474,price_points,2021-07-14T21:00:00Z,2021-07-14T21:01:00Z,ERIS,exact,
2021-07-14,,YAHOO-CONTINUOUS-ZF,123.84375,price_points,2021-07-14T21:00:00Z,2021-07-14T21:01:00Z,YAHOO,proxy,continuous futures proxy
2021-07-14,,YAHOO-CONTINUOUS-ZT,110.21484375,price_points,2021-07-14T21:00:00Z,2021-07-14T21:01:00Z,YAHOO,proxy,continuous futures proxy
2021-07-15,,ERIS-YIT,99.62490000000003,price_points,2021-07-15T21:00:00Z,2021-07-15T21:01:00Z,ERIS,exact,
2021-07-15,,ERIS-YIW,98.6581,price_points,2021-07-15T21:00:00Z,2021-07-15T21:01:00Z,ERIS,exact,
2021-07-15,,YAHOO-CONTINUOUS-ZF,123.9296875,price_points,2021-07-15T21:00:00Z,2021-07-15T21:01:00Z,YAHOO,proxy,continuous futures proxy
2021-07-15,,YAHOO-CONTINUOUS-ZT,110.21875,price_points,2021-07-15T21:00:00Z,2021-07-15T21:01:00Z,YAHOO,proxy,continuous futures proxy
2021-07-16,,ERIS-YIT,99.61990000000002,price_points,2021-07-16T21:00:00Z,2021-07-16T21:01:00Z,ERIS,exact,
2021-07-16,,ERIS-YIW,98.6472,price_points,2021-07-16T21:00:00Z,2021-07-16T21:01:00Z,ERIS,exact,
2021-07-16,,YAHOO-CONTINUOUS-ZF,123.9296875,price_points,2021-07-16T21:00:00Z,2021-07-16T21:01:00Z,YAHOO,proxy,continuous futures proxy
2021-07-16,,YAHOO-CONTINUOUS-ZT,110.22265625,price_points,2021-07-16T21:00:00Z,2021-07-16T21:01:00Z,YAHOO,proxy,continuous futures proxy
2021-07-19,,ERIS-YIT,99.69860000000003,price_points,2021-07-19T21:00:00Z,2021-07-19T21:01:00Z,ERIS,exact,
2021-07-19,,ERIS-YIW,99.0992,price_points,2021-07-19T21:00:00Z,2021-07-19T21:01:00Z,ERIS,exact,
2021-07-19,,YAHOO-CONTINUOUS-ZF,124.3671875,price_points,2021-07-19T21:00:00Z,2021-07-19T21:01:00Z,YAHOO,proxy,continuous futures proxy
2021-07-19,,YAHOO-CONTINUOUS-ZT,110.25390625,price_points,2021-07-19T21:00:00Z,2021-07-19T21:01:00Z,YAHOO,proxy,continuous futures proxy
2021-07-20,,ERIS-YIT,99.72860000000001,price_points,2021-07-20T21:00:00Z,2021-07-20T21:01:00Z,ERIS,exact,
2021-07-20,,ERIS-YIW,99.1533,price_points,2021-07-20T21:00:00Z,2021-07-20T21:01:00Z,ERIS,exact,
2021-07-20,,YAHOO-CONTINUOUS-ZF,124.4921875,price_points,2021-07-20T21:00:00Z,2021-07-20T21:01:00Z,YAHOO,proxy,continuous futures proxy
2021-07-20,,YAHOO-CONTINUOUS-ZT,110.296875,price_points,2021-07-20T21:00:00Z,2021-07-20T21:01:00Z,YAHOO,proxy,continuous futures proxy
2021-07-21,,ERIS-YIT,99.68740000000003,price_points,2021-07-21T21:00:00Z,2021-07-21T21:01:00Z,ERIS,exact,
2021-07-21,,ERIS-YIW,98.909,price_points,2021-07-21T21:00:00Z,2021-07-21T21:01:00Z,ERIS,exact,
2021-07-21,,YAHOO-CONTINUOUS-ZF,124.2109375,price_points,2021-07-21T21:00:00Z,2021-07-21T21:01:00Z,YAHOO,proxy,continuous futures proxy
2021-07-21,,YAHOO-CONTINUOUS-ZT,110.26171875,price_points,2021-07-21T21:00:00Z,2021-07-21T21:01:00Z,YAHOO,proxy,continuous futures proxy
2021-07-22,,ERIS-YIT,99.70110000000003,price_points,2021-07-22T21:00:00Z,2021-07-22T21:01:00Z,ERIS,exact,
2021-07-22,,ERIS-YIW,98.9627,price_points,2021-07-22T21:00:00Z,2021-07-22T21:01:00Z,ERIS,exact,
2021-07-22,,YAHOO-CONTINUOUS-ZF,124.3203125,price_points,2021-07-22T21:00:00Z,2021-07-22T21:01:00Z,YAHOO,proxy,continuous futures proxy
2021-07-22,,YAHOO-CONTINUOUS-ZT,110.27734375,price_points,2021-07-22T21:00:00Z,2021-07-22T21:01:00Z,YAHOO,proxy,continuous futures proxy
2021-07-23,,ERIS-YIT,99.69740000000002,price_points,2021-07-23T21:00:00Z,2021-07-23T21:01:00Z,ERIS,exact,
2021-07-23,,ERIS-YIW,98.9264,price_points,2021-07-23T21:00:00Z,2021-07-23T21:01:00Z,ERIS,exact,
2021-07-23,,YAHOO-CONTINUOUS-ZF,124.2890625,price_points,2021-07-23T21:00:00Z,2021-07-23T21:01:00Z,YAHOO,proxy,continuous futures proxy
2021-07-23,,YAHOO-CONTINUOUS-ZT,110.27734375,price_points,2021-07-23T21:00:00Z,2021-07-23T21:01:00Z,YAHOO,proxy,continuous futures proxy
2021-07-26,,ERIS-YIT,99.69740000000002,price_points,2021-07-26T21:00:00Z,2021-07-26T21:01:00Z,ERIS,exact,
2021-07-26,,ERIS-YIW,98.9349,price_points,2021-07-26T21:00:00Z,2021-07-26T21:01:00Z,ERIS,exact,
2021-07-26,,YAHOO-CONTINUOUS-ZF,124.3125,price_points,2021-07-26T21:00:00Z,2021-07-26T21:01:00Z,YAHOO,proxy,continuous futures proxy
2021-07-26,,YAHOO-CONTINUOUS-ZT,110.28515625,price_points,2021-07-26T21:00:00Z,2021-07-26T21:01:00Z,YAHOO,proxy,continuous futures proxy
2021-07-27,,ERIS-YIT,99.71860000000002,price_points,2021-07-27T21:00:00Z,2021-07-27T21:01:00Z,ERIS,exact,
2021-07-27,,ERIS-YIW,99.0274,price_points,2021-07-27T21:00:00Z,2021-07-27T21:01:00Z,ERIS,exact,
2021-07-27,,YAHOO-CONTINUOUS-ZF,124.4140625,price_points,2021-07-27T21:00:00Z,2021-07-27T21:01:00Z,YAHOO,proxy,continuous futures proxy
2021-07-27,,YAHOO-CONTINUOUS-ZT,110.30078125,price_points,2021-07-27T21:00:00Z,2021-07-27T21:01:00Z,YAHOO,proxy,continuous futures proxy
2021-07-28,,ERIS-YIT,99.68490000000003,price_points,2021-07-28T21:00:00Z,2021-07-28T21:01:00Z,ERIS,exact,
2021-07-28,,ERIS-YIW,98.8568,price_points,2021-07-28T21:00:00Z,2021-07-28T21:01:00Z,ERIS,exact,
2021-07-28,,YAHOO-CONTINUOUS-ZF,124.265625,price_points,2021-07-28T21:00:00Z,2021-07-28T21:01:00Z,YAHOO,proxy,continuous futures proxy
2021-07-28,,YAHOO-CONTINUOUS-ZT,110.28515625,price_points,2021-07-28T21:00:00Z,2021-07-28T21:01:00Z,YAHOO,proxy,continuous futures proxy
2021-07-29,,ERIS-YIT,99.70610000000002,price_points,2021-07-29T21:00:00Z,2021-07-29T21:01:00Z,ERIS,exact,
2021-07-29,,ERIS-YIW,98.9013,price_points,2021-07-29T21:00:00Z,2021-07-29T21:01:00Z,ERIS,exact,
2021-07-29,,YAHOO-CONTINUOUS-ZF,124.3203125,price_points,2021-07-29T21:00:00Z,2021-07-29T21:01:00Z,YAHOO,proxy,continuous futures proxy
2021-07-29,,YAHOO-CONTINUOUS-ZT,110.30078125,price_points,2021-07-29T21:00:00Z,2021-07-29T21:01:00Z,YAHOO,proxy,continuous futures proxy
2021-07-30,,ERIS-YIT,99.72860000000001,price_points,2021-07-30T21:00:00Z,2021-07-30T21:01:00Z,ERIS,exact,
2021-07-30,,ERIS-YIW,99.0012,price_points,2021-07-30T21:00:00Z,2021-07-30T21:01:00Z,ERIS,exact,
2021-07-30,,YAHOO-CONTINUOUS-ZF,124.4453125,price_points,2021-07-30T21:00:00Z,2021-07-30T21:01:00Z,YAHOO,proxy,continuous futures proxy
2021-07-30,,YAHOO-CONTINUOUS-ZT,110.328125,price_points,2021-07-30T21:00:00Z,2021-07-30T21:01:00Z,YAHOO,proxy,continuous futures proxy
2021-08-02,,ERIS-YIT,99.76490000000003,price_points,2021-08-02T21:00:00Z,2021-08-02T21:01:00Z,ERIS,exact,
2021-08-02,,ERIS-YIW,99.2048,price_points,2021-08-02T21:00:00Z,2021-08-02T21:01:00Z,ERIS,exact,
2021-08-02,,YAHOO-CONTINUOUS-ZF,124.6953125,price_points,2021-08-02T21:00:00Z,2021-08-02T21:01:00Z,YAHOO,proxy,continuous futures proxy
2021-08-02,,YAHOO-CONTINUOUS-ZT,110.35546875,price_points,2021-08-02T21:00:00Z,2021-08-02T21:01:00Z,YAHOO,proxy,continuous futures proxy
2021-08-03,,ERIS-YIT,99.76990000000002,price_points,2021-08-03T21:00:00Z,2021-08-03T21:01:00Z,ERIS,exact,
2021-08-03,,ERIS-YIW,99.2464,price_points,2021-08-03T21:00:00Z,2021-08-03T21:01:00Z,ERIS,exact,
2021-08-03,,YAHOO-CONTINUOUS-ZF,124.7109375,price_points,2021-08-03T21:00:00Z,2021-08-03T21:01:00Z,YAHOO,proxy,continuous futures proxy
2021-08-03,,YAHOO-CONTINUOUS-ZT,110.35546875,price_points,2021-08-03T21:00:00Z,2021-08-03T21:01:00Z,YAHOO,proxy,continuous futures proxy
2021-08-04,,ERIS-YIT,99.73860000000002,price_points,2021-08-04T21:00:00Z,2021-08-04T21:01:00Z,ERIS,exact,
2021-08-04,,ERIS-YIW,99.1097,price_points,2021-08-04T21:00:00Z,2021-08-04T21:01:00Z,ERIS,exact,
2021-08-04,,YAHOO-CONTINUOUS-ZF,124.5703125,price_points,2021-08-04T21:00:00Z,2021-08-04T21:01:00Z,YAHOO,proxy,continuous futures proxy
2021-08-04,,YAHOO-CONTINUOUS-ZT,110.33984375,price_points,2021-08-04T21:00:00Z,2021-08-04T21:01:00Z,YAHOO,proxy,continuous futures proxy
2021-08-05,,ERIS-YIT,99.69990000000001,price_points,2021-08-05T21:00:00Z,2021-08-05T21:01:00Z,ERIS,exact,
2021-08-05,,ERIS-YIW,98.9312,price_points,2021-08-05T21:00:00Z,2021-08-05T21:01:00Z,ERIS,exact,
2021-08-05,,YAHOO-CONTINUOUS-ZF,124.3515625,price_points,2021-08-05T21:00:00Z,2021-08-05T21:01:00Z,YAHOO,proxy,continuous futures proxy
2021-08-05,,YAHOO-CONTINUOUS-ZT,110.30078125,price_points,2021-08-05T21:00:00Z,2021-08-05T21:01:00Z,YAHOO,proxy,continuous futures proxy
2021-08-06,,ERIS-YIT,99.66240000000002,price_points,2021-08-06T21:00:00Z,2021-08-06T21:01:00Z,ERIS,exact,
2021-08-06,,ERIS-YIW,98.7405,price_points,2021-08-06T21:00:00Z,2021-08-06T21:01:00Z,ERIS,exact,
2021-08-06,,YAHOO-CONTINUOUS-ZF,124.125,price_points,2021-08-06T21:00:00Z,2021-08-06T21:01:00Z,YAHOO,proxy,continuous futures proxy
2021-08-06,,YAHOO-CONTINUOUS-ZT,110.28125,price_points,2021-08-06T21:00:00Z,2021-08-06T21:01:00Z,YAHOO,proxy,continuous futures proxy
2021-08-09,,ERIS-YIT,99.65360000000003,price_points,2021-08-09T21:00:00Z,2021-08-09T21:01:00Z,ERIS,exact,
2021-08-09,,ERIS-YIW,98.6286,price_points,2021-08-09T21:00:00Z,2021-08-09T21:01:00Z,ERIS,exact,
2021-08-09,,YAHOO-CONTINUOUS-ZF,123.984375,price_points,2021-08-09T21:00:00Z,2021-08-09T21:01:00Z,YAHOO,proxy,continuous futures proxy
2021-08-09,,YAHOO-CONTINUOUS-ZT,110.25390625,price_points,2021-08-09T21:00:00Z,2021-08-09T21:01:00Z,YAHOO,proxy,continuous futures proxy
2021-08-10,,ERIS-YIT,99.61860000000001,price_points,2021-08-10T21:00:00Z,2021-08-10T21:01:00Z,ERIS,exact,
2021-08-10,,ERIS-YIW,98.5192,price_points,2021-08-10T21:00:00Z,2021-08-10T21:01:00Z,ERIS,exact,
2021-08-10,,YAHOO-CONTINUOUS-ZF,123.8203125,price_points,2021-08-10T21:00:00Z,2021-08-10T21:01:00Z,YAHOO,proxy,continuous futures proxy
2021-08-10,,YAHOO-CONTINUOUS-ZT,110.22265625,price_points,2021-08-10T21:00:00Z,2021-08-10T21:01:00Z,YAHOO,proxy,continuous futures proxy
2021-08-11,,ERIS-YIT,99.65240000000001,price_points,2021-08-11T21:00:00Z,2021-08-11T21:01:00Z,ERIS,exact,
2021-08-11,,ERIS-YIW,98.5882,price_points,2021-08-11T21:00:00Z,2021-08-11T21:01:00Z,ERIS,exact,
2021-08-11,,YAHOO-CONTINUOUS-ZF,123.8828125,price_points,2021-08-11T21:00:00Z,2021-08-11T21:01:00Z,YAHOO,proxy,continuous futures proxy
2021-08-11,,YAHOO-CONTINUOUS-ZT,110.25,price_points,2021-08-11T21:00:00Z,2021-08-11T21:01:00Z,YAHOO,proxy,continuous futures proxy
2021-08-12,,ERIS-YIT,99.63490000000002,price_points,2021-08-12T21:00:00Z,2021-08-12T21:01:00Z,ERIS,exact,
2021-08-12,,ERIS-YIW,98.5259,price_points,2021-08-12T21:00:00Z,2021-08-12T21:01:00Z,ERIS,exact,
2021-08-12,,YAHOO-CONTINUOUS-ZF,123.796875,price_points,2021-08-12T21:00:00Z,2021-08-12T21:01:00Z,YAHOO,proxy,continuous futures proxy
2021-08-12,,YAHOO-CONTINUOUS-ZT,110.234375,price_points,2021-08-12T21:00:00Z,2021-08-12T21:01:00Z,YAHOO,proxy,continuous futures proxy
2021-08-13,,ERIS-YIT,99.65240000000001,price_points,2021-08-13T21:00:00Z,2021-08-13T21:01:00Z,ERIS,exact,
2021-08-13,,ERIS-YIW,98.6905,price_points,2021-08-13T21:00:00Z,2021-08-13T21:01:00Z,ERIS,exact,
2021-08-13,,YAHOO-CONTINUOUS-ZF,124.0078125,price_points,2021-08-13T21:00:00Z,2021-08-13T21:01:00Z,YAHOO,proxy,continuous futures proxy
2021-08-13,,YAHOO-CONTINUOUS-ZT,110.2578125,price_points,2021-08-13T21:00:00Z,2021-08-13T21:01:00Z,YAHOO,proxy,continuous futures proxy
2021-08-16,,ERIS-YIT,99.67740000000002,price_points,2021-08-16T21:00:00Z,2021-08-16T21:01:00Z,ERIS,exact,
2021-08-16,,ERIS-YIW,98.8493,price_points,2021-08-16T21:00:00Z,2021-08-16T21:01:00Z,ERIS,exact,
2021-08-16,,YAHOO-CONTINUOUS-ZF,124.203125,price_points,2021-08-16T21:00:00Z,2021-08-16T21:01:00Z,YAHOO,proxy,continuous futures proxy
2021-08-16,,YAHOO-CONTINUOUS-ZT,110.28125,price_points,2021-08-16T21:00:00Z,2021-08-16T21:01:00Z,YAHOO,proxy,continuous futures proxy
2021-08-17,,ERIS-YIT,99.65860000000002,price_points,2021-08-17T21:00:00Z,2021-08-17T21:01:00Z,ERIS,exact,
2021-08-17,,ERIS-YIW,98.8028,price_points,2021-08-17T21:00:00Z,2021-08-17T21:01:00Z,ERIS,exact,
2021-08-17,,YAHOO-CONTINUOUS-ZF,124.1328125,price_points,2021-08-17T21:00:00Z,2021-08-17T21:01:00Z,YAHOO,proxy,continuous futures proxy
2021-08-17,,YAHOO-CONTINUOUS-ZT,110.26171875,price_points,2021-08-17T21:00:00Z,2021-08-17T21:01:00Z,YAHOO,proxy,continuous futures proxy
2021-08-18,,ERIS-YIT,99.65990000000002,price_points,2021-08-18T21:00:00Z,2021-08-18T21:01:00Z,ERIS,exact,
2021-08-18,,ERIS-YIW,98.7608,price_points,2021-08-18T21:00:00Z,2021-08-18T21:01:00Z,ERIS,exact,
2021-08-18,,YAHOO-CONTINUOUS-ZF,124.078125,price_points,2021-08-18T21:00:00Z,2021-08-18T21:01:00Z,YAHOO,proxy,continuous futures proxy
2021-08-18,,YAHOO-CONTINUOUS-ZT,110.2578125,price_points,2021-08-18T21:00:00Z,2021-08-18T21:01:00Z,YAHOO,proxy,continuous futures proxy
2021-08-19,,ERIS-YIT,99.66610000000001,price_points,2021-08-19T21:00:00Z,2021-08-19T21:01:00Z,ERIS,exact,
2021-08-19,,ERIS-YIW,98.8013,price_points,2021-08-19T21:00:00Z,2021-08-19T21:01:00Z,ERIS,exact,
2021-08-19,,YAHOO-CONTINUOUS-ZF,124.109375,price_points,2021-08-19T21:00:00Z,2021-08-19T21:01:00Z,YAHOO,proxy,continuous futures proxy
2021-08-19,,YAHOO-CONTINUOUS-ZT,110.2578125,price_points,2021-08-19T21:00:00Z,2021-08-19T21:01:00Z,YAHOO,proxy,continuous futures proxy
2021-08-20,,ERIS-YIT,99.66110000000002,price_points,2021-08-20T21:00:00Z,2021-08-20T21:01:00Z,ERIS,exact,
2021-08-20,,ERIS-YIW,98.7472,price_points,2021-08-20T21:00:00Z,2021-08-20T21:01:00Z,ERIS,exact,
2021-08-20,,YAHOO-CONTINUOUS-ZF,124.0234375,price_points,2021-08-20T21:00:00Z,2021-08-20T21:01:00Z,YAHOO,proxy,continuous futures proxy
2021-08-20,,YAHOO-CONTINUOUS-ZT,110.25390625,price_points,2021-08-20T21:00:00Z,2021-08-20T21:01:00Z,YAHOO,proxy,continuous futures proxy
2021-08-23,,ERIS-YIT,99.66990000000003,price_points,2021-08-23T21:00:00Z,2021-08-23T21:01:00Z,ERIS,exact,
2021-08-23,,ERIS-YIW,98.7906,price_points,2021-08-23T21:00:00Z,2021-08-23T21:01:00Z,ERIS,exact,
2021-08-23,,YAHOO-CONTINUOUS-ZF,124.09375,price_points,2021-08-23T21:00:00Z,2021-08-23T21:01:00Z,YAHOO,proxy,continuous futures proxy
2021-08-23,,YAHOO-CONTINUOUS-ZT,110.2578125,price_points,2021-08-23T21:00:00Z,2021-08-23T21:01:00Z,YAHOO,proxy,continuous futures proxy
2021-08-24,,ERIS-YIT,99.65990000000002,price_points,2021-08-24T21:00:00Z,2021-08-24T21:01:00Z,ERIS,exact,
2021-08-24,,ERIS-YIW,98.7172,price_points,2021-08-24T21:00:00Z,2021-08-24T21:01:00Z,ERIS,exact,
2021-08-24,,YAHOO-CONTINUOUS-ZF,123.9921875,price_points,2021-08-24T21:00:00Z,2021-08-24T21:01:00Z,YAHOO,proxy,continuous futures proxy
2021-08-24,,YAHOO-CONTINUOUS-ZT,110.25,price_points,2021-08-24T21:00:00Z,2021-08-24T21:01:00Z,YAHOO,proxy,continuous futures proxy
2021-08-25,,ERIS-YIT,99.65490000000003,price_points,2021-08-25T21:00:00Z,2021-08-25T21:01:00Z,ERIS,exact,
2021-08-25,,ERIS-YIW,98.5923,price_points,2021-08-25T21:00:00Z,2021-08-25T21:01:00Z,ERIS,exact,
2021-08-25,,YAHOO-CONTINUOUS-ZF,123.8671875,price_points,2021-08-25T21:00:00Z,2021-08-25T21:01:00Z,YAHOO,proxy,continuous futures proxy
2021-08-25,,YAHOO-CONTINUOUS-ZT,110.25390625,price_points,2021-08-25T21:00:00Z,2021-08-25T21:01:00Z,YAHOO,proxy,continuous futures proxy
2021-08-26,,ERIS-YIT,99.65360000000003,price_points,2021-08-26T21:00:00Z,2021-08-26T21:01:00Z,ERIS,exact,
2021-08-26,,ERIS-YIW,98.5702,price_points,2021-08-26T21:00:00Z,2021-08-26T21:01:00Z,ERIS,exact,
2021-08-26,,YAHOO-CONTINUOUS-ZF,123.8125,price_points,2021-08-26T21:00:00Z,2021-08-26T21:01:00Z,YAHOO,proxy,continuous futures proxy
2021-08-26,,YAHOO-CONTINUOUS-ZT,110.25390625,price_points,2021-08-26T21:00:00Z,2021-08-26T21:01:00Z,YAHOO,proxy,continuous futures proxy
2021-08-27,,ERIS-YIT,99.69360000000002,price_points,2021-08-27T21:00:00Z,2021-08-27T21:01:00Z,ERIS,exact,
2021-08-27,,ERIS-YIW,98.7217,price_points,2021-08-27T21:00:00Z,2021-08-27T21:01:00Z,ERIS,exact,
2021-08-27,,YAHOO-CONTINUOUS-ZF,124.03125,price_points,2021-08-27T21:00:00Z,2021-08-27T21:01:00Z,YAHOO,proxy,continuous futures proxy
2021-08-27,,YAHOO-CONTINUOUS-ZT,110.30078125,price_points,2021-08-27T21:00:00Z,2021-08-27T21:01:00Z,YAHOO,proxy,continuous futures proxy
2021-08-30,,ERIS-YIT,99.70740000000002,price_points,2021-08-30T21:00:00Z,2021-08-30T21:01:00Z,ERIS,exact,
2021-08-30,,ERIS-YIW,98.8312,price_points,2021-08-30T21:00:00Z,2021-08-30T21:01:00Z,ERIS,exact,
2021-08-30,,YAHOO-CONTINUOUS-ZF,124.1796875,price_points,2021-08-30T21:00:00Z,2021-08-30T21:01:00Z,YAHOO,proxy,continuous futures proxy
2021-08-30,,YAHOO-CONTINUOUS-ZT,110.32421875,price_points,2021-08-30T21:00:00Z,2021-08-30T21:01:00Z,YAHOO,proxy,continuous futures proxy
2021-08-31,,ERIS-YIT,99.71110000000002,price_points,2021-08-31T21:00:00Z,2021-08-31T21:01:00Z,ERIS,exact,
2021-08-31,,ERIS-YIW,98.8301,price_points,2021-08-31T21:00:00Z,2021-08-31T21:01:00Z,ERIS,exact,
2021-08-31,,YAHOO-CONTINUOUS-ZF,124.1796875,price_points,2021-08-31T21:00:00Z,2021-08-31T21:01:00Z,YAHOO,proxy,continuous futures proxy
2021-08-31,,YAHOO-CONTINUOUS-ZT,110.3203125,price_points,2021-08-31T21:00:00Z,2021-08-31T21:01:00Z,YAHOO,proxy,continuous futures proxy
2021-09-01,,ERIS-YIT,99.70990000000002,price_points,2021-09-01T21:00:00Z,2021-09-01T21:01:00Z,ERIS,exact,
2021-09-01,,ERIS-YIW,98.8165,price_points,2021-09-01T21:00:00Z,2021-09-01T21:01:00Z,ERIS,exact,
2021-09-01,,YAHOO-CONTINUOUS-ZF,124.15625,price_points,2021-09-01T21:00:00Z,2021-09-01T21:01:00Z,YAHOO,proxy,continuous futures proxy
2021-09-01,,YAHOO-CONTINUOUS-ZT,110.32421875,price_points,2021-09-01T21:00:00Z,2021-09-01T21:01:00Z,YAHOO,proxy,continuous futures proxy
2021-09-02,,ERIS-YIT,99.71740000000003,price_points,2021-09-02T21:00:00Z,2021-09-02T21:01:00Z,ERIS,exact,
2021-09-02,,ERIS-YIW,98.8398,price_points,2021-09-02T21:00:00Z,2021-09-02T21:01:00Z,ERIS,exact,
2021-09-02,,YAHOO-CONTINUOUS-ZF,124.1875,price_points,2021-09-02T21:00:00Z,2021-09-02T21:01:00Z,YAHOO,proxy,continuous futures proxy
2021-09-02,,YAHOO-CONTINUOUS-ZT,110.32421875,price_points,2021-09-02T21:00:00Z,2021-09-02T21:01:00Z,YAHOO,proxy,continuous futures proxy
2021-09-03,,ERIS-YIT,99.72610000000002,price_points,2021-09-03T21:00:00Z,2021-09-03T21:01:00Z,ERIS,exact,
2021-09-03,,ERIS-YIW,98.8126,price_points,2021-09-03T21:00:00Z,2021-09-03T21:01:00Z,ERIS,exact,
2021-09-03,,YAHOO-CONTINUOUS-ZF,124.171875,price_points,2021-09-03T21:00:00Z,2021-09-03T21:01:00Z,YAHOO,proxy,continuous futures proxy
2021-09-03,,YAHOO-CONTINUOUS-ZT,110.3359375,price_points,2021-09-03T21:00:00Z,2021-09-03T21:01:00Z,YAHOO,proxy,continuous futures proxy
2021-09-07,,ERIS-YIT,99.70740000000002,price_points,2021-09-07T21:00:00Z,2021-09-07T21:01:00Z,ERIS,exact,
2021-09-07,,ERIS-YIW,98.6893,price_points,2021-09-07T21:00:00Z,2021-09-07T21:01:00Z,ERIS,exact,
2021-09-07,,YAHOO-CONTINUOUS-ZF,124.015625,price_points,2021-09-07T21:00:00Z,2021-09-07T21:01:00Z,YAHOO,proxy,continuous futures proxy
2021-09-07,,YAHOO-CONTINUOUS-ZT,110.30859375,price_points,2021-09-07T21:00:00Z,2021-09-07T21:01:00Z,YAHOO,proxy,continuous futures proxy
2021-09-08,,ERIS-YIT,99.70860000000002,price_points,2021-09-08T21:00:00Z,2021-09-08T21:01:00Z,ERIS,exact,
2021-09-08,,ERIS-YIW,98.7149,price_points,2021-09-08T21:00:00Z,2021-09-08T21:01:00Z,ERIS,exact,
2021-09-08,,YAHOO-CONTINUOUS-ZF,124.0703125,price_points,2021-09-08T21:00:00Z,2021-09-08T21:01:00Z,YAHOO,proxy,continuous futures proxy
2021-09-08,,YAHOO-CONTINUOUS-ZT,110.3125,price_points,2021-09-08T21:00:00Z,2021-09-08T21:01:00Z,YAHOO,proxy,continuous futures proxy
2021-09-09,,ERIS-YIT,99.71490000000001,price_points,2021-09-09T21:00:00Z,2021-09-09T21:01:00Z,ERIS,exact,
2021-09-09,,ERIS-YIW,98.7841,price_points,2021-09-09T21:00:00Z,2021-09-09T21:01:00Z,ERIS,exact,
2021-09-09,,YAHOO-CONTINUOUS-ZF,124.1640625,price_points,2021-09-09T21:00:00Z,2021-09-09T21:01:00Z,YAHOO,proxy,continuous futures proxy
2021-09-09,,YAHOO-CONTINUOUS-ZT,110.3203125,price_points,2021-09-09T21:00:00Z,2021-09-09T21:01:00Z,YAHOO,proxy,continuous futures proxy
2021-09-10,,ERIS-YIT,99.70490000000002,price_points,2021-09-10T21:00:00Z,2021-09-10T21:01:00Z,ERIS,exact,
2021-09-10,,ERIS-YIW,98.6764,price_points,2021-09-10T21:00:00Z,2021-09-10T21:01:00Z,ERIS,exact,
2021-09-10,,YAHOO-CONTINUOUS-ZF,124.046875,price_points,2021-09-10T21:00:00Z,2021-09-10T21:01:00Z,YAHOO,proxy,continuous futures proxy
2021-09-10,,YAHOO-CONTINUOUS-ZT,110.31640625,price_points,2021-09-10T21:00:00Z,2021-09-10T21:01:00Z,YAHOO,proxy,continuous futures proxy
2021-09-13,,ERIS-YIT,99.71110000000002,price_points,2021-09-13T21:00:00Z,2021-09-13T21:01:00Z,ERIS,exact,
2021-09-13,,ERIS-YIW,98.7179,price_points,2021-09-13T21:00:00Z,2021-09-13T21:01:00Z,ERIS,exact,
2021-09-13,,YAHOO-CONTINUOUS-ZF,124.09375,price_points,2021-09-13T21:00:00Z,2021-09-13T21:01:00Z,YAHOO,proxy,continuous futures proxy
2021-09-13,,YAHOO-CONTINUOUS-ZT,110.3203125,price_points,2021-09-13T21:00:00Z,2021-09-13T21:01:00Z,YAHOO,proxy,continuous futures proxy
2021-09-14,,ERIS-YIT,99.72180000000002,price_points,2021-09-14T21:00:00Z,2021-09-14T21:01:00Z,ERIS,exact,
2021-09-14,,ERIS-YIW,98.772,price_points,2021-09-14T21:00:00Z,2021-09-14T21:01:00Z,ERIS,exact,
2021-09-14,,YAHOO-CONTINUOUS-ZF,124.1875,price_points,2021-09-14T21:00:00Z,2021-09-14T21:01:00Z,YAHOO,proxy,continuous futures proxy
2021-09-14,,YAHOO-CONTINUOUS-ZT,110.3359375,price_points,2021-09-14T21:00:00Z,2021-09-14T21:01:00Z,YAHOO,proxy,continuous futures proxy
2021-09-15,,ERIS-YIT,99.70860000000002,price_points,2021-09-15T21:00:00Z,2021-09-15T21:01:00Z,ERIS,exact,
2021-09-15,,ERIS-YIW,98.7062,price_points,2021-09-15T21:00:00Z,2021-09-15T21:01:00Z,ERIS,exact,
2021-09-15,,YAHOO-CONTINUOUS-ZF,124.09375,price_points,2021-09-15T21:00:00Z,2021-09-15T21:01:00Z,YAHOO,proxy,continuous futures proxy
2021-09-15,,YAHOO-CONTINUOUS-ZT,110.328125,price_points,2021-09-15T21:00:00Z,2021-09-15T21:01:00Z,YAHOO,proxy,continuous futures proxy
2021-09-16,,ERIS-YIT,99.69680000000002,price_points,2021-09-16T21:00:00Z,2021-09-16T21:01:00Z,ERIS,exact,
2021-09-16,,ERIS-YIW,98.5865,price_points,2021-09-16T21:00:00Z,2021-09-16T21:01:00Z,ERIS,exact,
2021-09-16,,YAHOO-CONTINUOUS-ZF,123.9375,price_points,2021-09-16T21:00:00Z,2021-09-16T21:01:00Z,YAHOO,proxy,continuous futures proxy
2021-09-16,,YAHOO-CONTINUOUS-ZT,110.3125,price_points,2021-09-16T21:00:00Z,2021-09-16T21:01:00Z,YAHOO,proxy,continuous futures proxy
2021-09-17,,ERIS-YIT,99.68840000000002,price_points,2021-09-17T21:00:00Z,2021-09-17T21:01:00Z,ERIS,exact,
2021-09-17,,ERIS-YIW,98.4821,price_points,2021-09-17T21:00:00Z,2021-09-17T21:01:00Z,ERIS,exact,
2021-09-17,,YAHOO-CONTINUOUS-ZF,123.796875,price_points,2021-09-17T21:00:00Z,2021-09-17T21:01:00Z,YAHOO,proxy,continuous futures proxy
2021-09-17,,YAHOO-CONTINUOUS-ZT,110.296875,price_points,2021-09-17T21:00:00Z,2021-09-17T21:01:00Z,YAHOO,proxy,continuous futures proxy
2021-09-20,,ERIS-YIT,99.70760000000001,price_points,2021-09-20T21:00:00Z,2021-09-20T21:01:00Z,ERIS,exact,
2021-09-20,,ERIS-YIW,98.6366,price_points,2021-09-20T21:00:00Z,2021-09-20T21:01:00Z,ERIS,exact,
2021-09-20,,YAHOO-CONTINUOUS-ZF,124,price_points,2021-09-20T21:00:00Z,2021-09-20T21:01:00Z,YAHOO,proxy,continuous futures proxy
2021-09-20,,YAHOO-CONTINUOUS-ZT,110.3203125,price_points,2021-09-20T21:00:00Z,2021-09-20T21:01:00Z,YAHOO,proxy,continuous futures proxy
2021-09-21,,ERIS-YIT,99.70810000000002,price_points,2021-09-21T21:00:00Z,2021-09-21T21:01:00Z,ERIS,exact,
2021-09-21,,ERIS-YIW,98.6167,price_points,2021-09-21T21:00:00Z,2021-09-21T21:01:00Z,ERIS,exact,
2021-09-21,,YAHOO-CONTINUOUS-ZF,123.9609375,price_points,2021-09-21T21:00:00Z,2021-09-21T21:01:00Z,YAHOO,proxy,continuous futures proxy
2021-09-21,,YAHOO-CONTINUOUS-ZT,110.328125,price_points,2021-09-21T21:00:00Z,2021-09-21T21:01:00Z,YAHOO,proxy,continuous futures proxy
2021-09-22,,ERIS-YIT,99.66050000000003,price_points,2021-09-22T21:00:00Z,2021-09-22T21:01:00Z,ERIS,exact,
2021-09-22,,ERIS-YIW,98.4287,price_points,2021-09-22T21:00:00Z,2021-09-22T21:01:00Z,ERIS,exact,
2021-09-22,,YAHOO-CONTINUOUS-ZF,123.7421875,price_points,2021-09-22T21:00:00Z,2021-09-22T21:01:00Z,YAHOO,proxy,continuous futures proxy
2021-09-22,,YAHOO-CONTINUOUS-ZT,110.2734375,price_points,2021-09-22T21:00:00Z,2021-09-22T21:01:00Z,YAHOO,proxy,continuous futures proxy
2021-09-23,,ERIS-YIT,99.62550000000002,price_points,2021-09-23T21:00:00Z,2021-09-23T21:01:00Z,ERIS,exact,
2021-09-23,,ERIS-YIW,98.2496,price_points,2021-09-23T21:00:00Z,2021-09-23T21:01:00Z,ERIS,exact,
2021-09-23,,YAHOO-CONTINUOUS-ZF,123.46875,price_points,2021-09-23T21:00:00Z,2021-09-23T21:01:00Z,YAHOO,proxy,continuous futures proxy
2021-09-23,,YAHOO-CONTINUOUS-ZT,110.24609375,price_points,2021-09-23T21:00:00Z,2021-09-23T21:01:00Z,YAHOO,proxy,continuous futures proxy
2021-09-24,,ERIS-YIT,99.59770000000002,price_points,2021-09-24T21:00:00Z,2021-09-24T21:01:00Z,ERIS,exact,
2021-09-24,,ERIS-YIW,98.1709,price_points,2021-09-24T21:00:00Z,2021-09-24T21:01:00Z,ERIS,exact,
2021-09-24,,YAHOO-CONTINUOUS-ZF,123.34375,price_points,2021-09-24T21:00:00Z,2021-09-24T21:01:00Z,YAHOO,proxy,continuous futures proxy
2021-09-24,,YAHOO-CONTINUOUS-ZT,110.21875,price_points,2021-09-24T21:00:00Z,2021-09-24T21:01:00Z,YAHOO,proxy,continuous futures proxy
2021-09-27,,ERIS-YIT,99.58230000000002,price_points,2021-09-27T21:00:00Z,2021-09-27T21:01:00Z,ERIS,exact,
2021-09-27,,ERIS-YIW,98.0916,price_points,2021-09-27T21:00:00Z,2021-09-27T21:01:00Z,ERIS,exact,
2021-09-27,,YAHOO-CONTINUOUS-ZF,123.2421875,price_points,2021-09-27T21:00:00Z,2021-09-27T21:01:00Z,YAHOO,proxy,continuous futures proxy
2021-09-27,,YAHOO-CONTINUOUS-ZT,110.203125,price_points,2021-09-27T21:00:00Z,2021-09-27T21:01:00Z,YAHOO,proxy,continuous futures proxy
2021-09-28,,ERIS-YIT,99.58230000000002,price_points,2021-09-28T21:00:00Z,2021-09-28T21:01:00Z,ERIS,exact,
2021-09-28,,ERIS-YIW,98.0916,price_points,2021-09-28T21:00:00Z,2021-09-28T21:01:00Z,ERIS,exact,
2021-09-28,,YAHOO-CONTINUOUS-ZF,123.1484375,price_points,2021-09-28T21:00:00Z,2021-09-28T21:01:00Z,YAHOO,proxy,continuous futures proxy
2021-09-28,,YAHOO-CONTINUOUS-ZT,110.21484375,price_points,2021-09-28T21:00:00Z,2021-09-28T21:01:00Z,YAHOO,proxy,continuous futures proxy
2021-09-29,,ERIS-YIT,99.59960000000002,price_points,2021-09-29T21:00:00Z,2021-09-29T21:01:00Z,ERIS,exact,
2021-09-29,,ERIS-YIW,98.1718,price_points,2021-09-29T21:00:00Z,2021-09-29T21:01:00Z,ERIS,exact,
2021-09-29,,YAHOO-CONTINUOUS-ZF,123.2421875,price_points,2021-09-29T21:00:00Z,2021-09-29T21:01:00Z,YAHOO,proxy,continuous futures proxy
2021-09-29,,YAHOO-CONTINUOUS-ZT,110.22265625,price_points,2021-09-29T21:00:00Z,2021-09-29T21:01:00Z,YAHOO,proxy,continuous futures proxy
2021-09-30,,ERIS-YIT,99.61100000000002,price_points,2021-09-30T21:00:00Z,2021-09-30T21:01:00Z,ERIS,exact,
2021-09-30,,ERIS-YIW,98.2396,price_points,2021-09-30T21:00:00Z,2021-09-30T21:01:00Z,ERIS,exact,
2021-09-30,,YAHOO-CONTINUOUS-ZF,123.421875,price_points,2021-09-30T21:00:00Z,2021-09-30T21:01:00Z,YAHOO,proxy,continuous futures proxy
2021-09-30,,YAHOO-CONTINUOUS-ZT,110.2421875,price_points,2021-09-30T21:00:00Z,2021-09-30T21:01:00Z,YAHOO,proxy,continuous futures proxy
2021-10-01,,ERIS-YIT,99.64780000000002,price_points,2021-10-01T21:00:00Z,2021-10-01T21:01:00Z,ERIS,exact,
2021-10-01,,ERIS-YIW,98.4755,price_points,2021-10-01T21:00:00Z,2021-10-01T21:01:00Z,ERIS,exact,
2021-10-01,,YAHOO-CONTINUOUS-ZF,123.0625,price_points,2021-10-01T21:00:00Z,2021-10-01T21:01:00Z,YAHOO,proxy,continuous futures proxy
2021-10-01,,YAHOO-CONTINUOUS-ZT,110.0859375,price_points,2021-10-01T21:00:00Z,2021-10-01T21:01:00Z,YAHOO,proxy,continuous futures proxy
2021-10-04,,ERIS-YIT,99.64050000000002,price_points,2021-10-04T21:00:00Z,2021-10-04T21:01:00Z,ERIS,exact,
2021-10-04,,ERIS-YIW,98.4758,price_points,2021-10-04T21:00:00Z,2021-10-04T21:01:00Z,ERIS,exact,
2021-10-04,,YAHOO-CONTINUOUS-ZF,122.984375,price_points,2021-10-04T21:00:00Z,2021-10-04T21:01:00Z,YAHOO,proxy,continuous futures proxy
2021-10-04,,YAHOO-CONTINUOUS-ZT,110.05859375,price_points,2021-10-04T21:00:00Z,2021-10-04T21:01:00Z,YAHOO,proxy,continuous futures proxy
2021-10-05,,ERIS-YIT,99.62290000000002,price_points,2021-10-05T21:00:00Z,2021-10-05T21:01:00Z,ERIS,exact,
2021-10-05,,ERIS-YIW,98.3295,price_points,2021-10-05T21:00:00Z,2021-10-05T21:01:00Z,ERIS,exact,
2021-10-05,,YAHOO-CONTINUOUS-ZF,122.84375,price_points,2021-10-05T21:00:00Z,2021-10-05T21:01:00Z,YAHOO,proxy,continuous futures proxy
2021-10-05,,YAHOO-CONTINUOUS-ZT,110.0390625,price_points,2021-10-05T21:00:00Z,2021-10-05T21:01:00Z,YAHOO,proxy,continuous futures proxy
2021-10-06,,ERIS-YIT,99.60400000000003,price_points,2021-10-06T21:00:00Z,2021-10-06T21:01:00Z,ERIS,exact,
2021-10-06,,ERIS-YIW,98.2955,price_points,2021-10-06T21:00:00Z,2021-10-06T21:01:00Z,ERIS,exact,
2021-10-06,,YAHOO-CONTINUOUS-ZF,122.796875,price_points,2021-10-06T21:00:00Z,2021-10-06T21:01:00Z,YAHOO,proxy,continuous futures proxy
2021-10-06,,YAHOO-CONTINUOUS-ZT,110.015625,price_points,2021-10-06T21:00:00Z,2021-10-06T21:01:00Z,YAHOO,proxy,continuous futures proxy
2021-10-07,,ERIS-YIT,99.57780000000002,price_points,2021-10-07T21:00:00Z,2021-10-07T21:01:00Z,ERIS,exact,
2021-10-07,,ERIS-YIW,98.1369,price_points,2021-10-07T21:00:00Z,2021-10-07T21:01:00Z,ERIS,exact,
2021-10-07,,YAHOO-CONTINUOUS-ZF,122.6171875,price_points,2021-10-07T21:00:00Z,2021-10-07T21:01:00Z,YAHOO,proxy,continuous futures proxy
2021-10-07,,YAHOO-CONTINUOUS-ZT,109.9921875,price_points,2021-10-07T21:00:00Z,2021-10-07T21:01:00Z,YAHOO,proxy,continuous futures proxy
2021-10-08,,ERIS-YIT,99.55030000000002,price_points,2021-10-08T21:00:00Z,2021-10-08T21:01:00Z,ERIS,exact,
2021-10-08,,ERIS-YIW,97.9898,price_points,2021-10-08T21:00:00Z,2021-10-08T21:01:00Z,ERIS,exact,
2021-10-08,,YAHOO-CONTINUOUS-ZF,122.4765625,price_points,2021-10-08T21:00:00Z,2021-10-08T21:01:00Z,YAHOO,proxy,continuous futures proxy
2021-10-08,,YAHOO-CONTINUOUS-ZT,109.9609375,price_points,2021-10-08T21:00:00Z,2021-10-08T21:01:00Z,YAHOO,proxy,continuous futures proxy
2021-10-11,,ERIS-YIT,99.55050000000001,price_points,2021-10-11T21:00:00Z,2021-10-11T21:01:00Z,ERIS,exact,
2021-10-11,,ERIS-YIW,97.99000000000001,price_points,2021-10-11T21:00:00Z,2021-10-11T21:01:00Z,ERIS,exact,
2021-10-11,,YAHOO-CONTINUOUS-ZF,122.234375,price_points,2021-10-11T21:00:00Z,2021-10-11T21:01:00Z,YAHOO,proxy,continuous futures proxy
2021-10-11,,YAHOO-CONTINUOUS-ZT,109.890625,price_points,2021-10-11T21:00:00Z,2021-10-11T21:01:00Z,YAHOO,proxy,continuous futures proxy
2021-10-12,,ERIS-YIT,99.48790000000002,price_points,2021-10-12T21:00:00Z,2021-10-12T21:01:00Z,ERIS,exact,
2021-10-12,,ERIS-YIW,97.8918,price_points,2021-10-12T21:00:00Z,2021-10-12T21:01:00Z,ERIS,exact,
2021-10-12,,YAHOO-CONTINUOUS-ZF,122.328125,price_points,2021-10-12T21:00:00Z,2021-10-12T21:01:00Z,YAHOO,proxy,continuous futures proxy
2021-10-12,,YAHOO-CONTINUOUS-ZT,109.890625,price_points,2021-10-12T21:00:00Z,2021-10-12T21:01:00Z,YAHOO,proxy,continuous futures proxy
2021-10-13,,ERIS-YIT,99.43080000000002,price_points,2021-10-13T21:00:00Z,2021-10-13T21:01:00Z,ERIS,exact,
2021-10-13,,ERIS-YIW,97.83330000000001,price_points,2021-10-13T21:00:00Z,2021-10-13T21:01:00Z,ERIS,exact,
2021-10-13,,YAHOO-CONTINUOUS-ZF,122.21875,price_points,2021-10-13T21:00:00Z,2021-10-13T21:01:00Z,YAHOO,proxy,continuous futures proxy
2021-10-13,,YAHOO-CONTINUOUS-ZT,109.828125,price_points,2021-10-13T21:00:00Z,2021-10-13T21:01:00Z,YAHOO,proxy,continuous futures proxy
2021-10-14,,ERIS-YIT,99.45890000000001,price_points,2021-10-14T21:00:00Z,2021-10-14T21:01:00Z,ERIS,exact,
2021-10-14,,ERIS-YIW,98.0044,price_points,2021-10-14T21:00:00Z,2021-10-14T21:01:00Z,ERIS,exact,
2021-10-14,,YAHOO-CONTINUOUS-ZF,122.4140625,price_points,2021-10-14T21:00:00Z,2021-10-14T21:01:00Z,YAHOO,proxy,continuous futures proxy
2021-10-14,,YAHOO-CONTINUOUS-ZT,109.86328125,price_points,2021-10-14T21:00:00Z,2021-10-14T21:01:00Z,YAHOO,proxy,continuous futures proxy
2021-10-15,,ERIS-YIT,99.36360000000002,price_points,2021-10-15T21:00:00Z,2021-10-15T21:01:00Z,ERIS,exact,
2021-10-15,,ERIS-YIW,97.7071,price_points,2021-10-15T21:00:00Z,2021-10-15T21:01:00Z,ERIS,exact,
2021-10-15,,YAHOO-CONTINUOUS-ZF,122.0703125,price_points,2021-10-15T21:00:00Z,2021-10-15T21:01:00Z,YAHOO,proxy,continuous futures proxy
2021-10-15,,YAHOO-CONTINUOUS-ZT,109.76171875,price_points,2021-10-15T21:00:00Z,2021-10-15T21:01:00Z,YAHOO,proxy,continuous futures proxy
2021-10-18,,ERIS-YIT,99.32710000000002,price_points,2021-10-18T21:00:00Z,2021-10-18T21:01:00Z,ERIS,exact,
2021-10-18,,ERIS-YIW,97.5665,price_points,2021-10-18T21:00:00Z,2021-10-18T21:01:00Z,ERIS,exact,
2021-10-18,,YAHOO-CONTINUOUS-ZF,121.859375,price_points,2021-10-18T21:00:00Z,2021-10-18T21:01:00Z,YAHOO,proxy,continuous futures proxy
2021-10-18,,YAHOO-CONTINUOUS-ZT,109.70703125,price_points,2021-10-18T21:00:00Z,2021-10-18T21:01:00Z,YAHOO,proxy,continuous futures proxy
2021-10-19,,ERIS-YIT,99.37390000000002,price_points,2021-10-19T21:00:00Z,2021-10-19T21:01:00Z,ERIS,exact,
2021-10-19,,ERIS-YIW,97.6353,price_points,2021-10-19T21:00:00Z,2021-10-19T21:01:00Z,ERIS,exact,
2021-10-19,,YAHOO-CONTINUOUS-ZF,121.9140625,price_points,2021-10-19T21:00:00Z,2021-10-19T21:01:00Z,YAHOO,proxy,continuous futures proxy
2021-10-19,,YAHOO-CONTINUOUS-ZT,109.7578125,price_points,2021-10-19T21:00:00Z,2021-10-19T21:01:00Z,YAHOO,proxy,continuous futures proxy
2021-10-20,,ERIS-YIT,99.38740000000001,price_points,2021-10-20T21:00:00Z,2021-10-20T21:01:00Z,ERIS,exact,
2021-10-20,,ERIS-YIW,97.67,price_points,2021-10-20T21:00:00Z,2021-10-20T21:01:00Z,ERIS,exact,
2021-10-20,,YAHOO-CONTINUOUS-ZF,121.9609375,price_points,2021-10-20T21:00:00Z,2021-10-20T21:01:00Z,YAHOO,proxy,continuous futures proxy
2021-10-20,,YAHOO-CONTINUOUS-ZT,109.77734375,price_points,2021-10-20T21:00:00Z,2021-10-20T21:01:00Z,YAHOO,proxy,continuous futures proxy
2021-10-21,,ERIS-YIT,99.28720000000003,price_points,2021-10-21T21:00:00Z,2021-10-21T21:01:00Z,ERIS,exact,
2021-10-21,,ERIS-YIW,97.3659,price_points,2021-10-21T21:00:00Z,2021-10-21T21:01:00Z,ERIS,exact,
2021-10-21,,YAHOO-CONTINUOUS-ZF,121.609375,price_points,2021-10-21T21:00:00Z,2021-10-21T21:01:00Z,YAHOO,proxy,continuous futures proxy
2021-10-21,,YAHOO-CONTINUOUS-ZT,109.66015625,price_points,2021-10-21T21:00:00Z,2021-10-21T21:01:00Z,YAHOO,proxy,continuous futures proxy
2021-10-22,,ERIS-YIT,99.23760000000001,price_points,2021-10-22T21:00:00Z,2021-10-22T21:01:00Z,ERIS,exact,
2021-10-22,,ERIS-YIW,97.3655,price_points,2021-10-22T21:00:00Z,2021-10-22T21:01:00Z,ERIS,exact,
2021-10-22,,YAHOO-CONTINUOUS-ZF,121.609375,price_points,2021-10-22T21:00:00Z,2021-10-22T21:01:00Z,YAHOO,proxy,continuous futures proxy
2021-10-22,,YAHOO-CONTINUOUS-ZT,109.625,price_points,2021-10-22T21:00:00Z,2021-10-22T21:01:00Z,YAHOO,proxy,continuous futures proxy
2021-10-25,,ERIS-YIT,99.29130000000002,price_points,2021-10-25T21:00:00Z,2021-10-25T21:01:00Z,ERIS,exact,
2021-10-25,,ERIS-YIW,97.4705,price_points,2021-10-25T21:00:00Z,2021-10-25T21:01:00Z,ERIS,exact,
2021-10-25,,YAHOO-CONTINUOUS-ZF,121.796875,price_points,2021-10-25T21:00:00Z,2021-10-25T21:01:00Z,YAHOO,proxy,continuous futures proxy
2021-10-25,,YAHOO-CONTINUOUS-ZT,109.69140625,price_points,2021-10-25T21:00:00Z,2021-10-25T21:01:00Z,YAHOO,proxy,continuous futures proxy
2021-10-26,,ERIS-YIT,99.27200000000002,price_points,2021-10-26T21:00:00Z,2021-10-26T21:01:00Z,ERIS,exact,
2021-10-26,,ERIS-YIW,97.4441,price_points,2021-10-26T21:00:00Z,2021-10-26T21:01:00Z,ERIS,exact,
2021-10-26,,YAHOO-CONTINUOUS-ZF,121.765625,price_points,2021-10-26T21:00:00Z,2021-10-26T21:01:00Z,YAHOO,proxy,continuous futures proxy
2021-10-26,,YAHOO-CONTINUOUS-ZT,109.6796875,price_points,2021-10-26T21:00:00Z,2021-10-26T21:01:00Z,YAHOO,proxy,continuous futures proxy
2021-10-27,,ERIS-YIT,99.23080000000002,price_points,2021-10-27T21:00:00Z,2021-10-27T21:01:00Z,ERIS,exact,
2021-10-27,,ERIS-YIW,97.62140000000001,price_points,2021-10-27T21:00:00Z,2021-10-27T21:01:00Z,ERIS,exact,
2021-10-27,,YAHOO-CONTINUOUS-ZF,121.9296875,price_points,2021-10-27T21:00:00Z,2021-10-27T21:01:00Z,YAHOO,proxy,continuous futures proxy
2021-10-27,,YAHOO-CONTINUOUS-ZT,109.64453125,price_points,2021-10-27T21:00:00Z,2021-10-27T21:01:00Z,YAHOO,proxy,continuous futures proxy
2021-10-28,,ERIS-YIT,99.20850000000002,price_points,2021-10-28T21:00:00Z,2021-10-28T21:01:00Z,ERIS,exact,
2021-10-28,,ERIS-YIW,97.5706,price_points,2021-10-28T21:00:00Z,2021-10-28T21:01:00Z,ERIS,exact,
2021-10-28,,YAHOO-CONTINUOUS-ZF,121.7265625,price_points,2021-10-28T21:00:00Z,2021-10-28T21:01:00Z,YAHOO,proxy,continuous futures proxy
2021-10-28,,YAHOO-CONTINUOUS-ZT,109.62109375,price_points,2021-10-28T21:00:00Z,2021-10-28T21:01:00Z,YAHOO,proxy,continuous futures proxy
2021-10-29,,ERIS-YIT,99.18740000000003,price_points,2021-10-29T21:00:00Z,2021-10-29T21:01:00Z,ERIS,exact,
2021-10-29,,ERIS-YIW,97.5826,price_points,2021-10-29T21:00:00Z,2021-10-29T21:01:00Z,ERIS,exact,
2021-10-29,,YAHOO-CONTINUOUS-ZF,121.75,price_points,2021-10-29T21:00:00Z,2021-10-29T21:01:00Z,YAHOO,proxy,continuous futures proxy
2021-10-29,,YAHOO-CONTINUOUS-ZT,109.625,price_points,2021-10-29T21:00:00Z,2021-10-29T21:01:00Z,YAHOO,proxy,continuous futures proxy
2021-11-01,,ERIS-YIT,99.18340000000002,price_points,2021-11-01T21:00:00Z,2021-11-01T21:01:00Z,ERIS,exact,
2021-11-01,,ERIS-YIW,97.48440000000001,price_points,2021-11-01T21:00:00Z,2021-11-01T21:01:00Z,ERIS,exact,
2021-11-01,,YAHOO-CONTINUOUS-ZF,121.6953125,price_points,2021-11-01T21:00:00Z,2021-11-01T21:01:00Z,YAHOO,proxy,continuous futures proxy
2021-11-01,,YAHOO-CONTINUOUS-ZT,109.59375,price_points,2021-11-01T21:00:00Z,2021-11-01T21:01:00Z,YAHOO,proxy,continuous futures proxy
2021-11-02,,ERIS-YIT,99.27920000000002,price_points,2021-11-02T21:00:00Z,2021-11-02T21:01:00Z,ERIS,exact,
2021-11-02,,ERIS-YIW,97.64880000000001,price_points,2021-11-02T21:00:00Z,2021-11-02T21:01:00Z,ERIS,exact,
2021-11-02,,YAHOO-CONTINUOUS-ZF,121.96875,price_points,2021-11-02T21:00:00Z,2021-11-02T21:01:00Z,YAHOO,proxy,continuous futures proxy
2021-11-02,,YAHOO-CONTINUOUS-ZT,109.72265625,price_points,2021-11-02T21:00:00Z,2021-11-02T21:01:00Z,YAHOO,proxy,continuous futures proxy
2021-11-03,,ERIS-YIT,99.23320000000002,price_points,2021-11-03T21:00:00Z,2021-11-03T21:01:00Z,ERIS,exact,
2021-11-03,,ERIS-YIW,97.48,price_points,2021-11-03T21:00:00Z,2021-11-03T21:01:00Z,ERIS,exact,
2021-11-03,,YAHOO-CONTINUOUS-ZF,121.78125,price_points,2021-11-03T21:00:00Z,2021-11-03T21:01:00Z,YAHOO,proxy,continuous futures proxy
2021-11-03,,YAHOO-CONTINUOUS-ZT,109.671875,price_points,2021-11-03T21:00:00Z,2021-11-03T21:01:00Z,YAHOO,proxy,continuous futures proxy
2021-11-04,,ERIS-YIT,99.33600000000003,price_points,2021-11-04T21:00:00Z,2021-11-04T21:01:00Z,ERIS,exact,
2021-11-04,,ERIS-YIW,97.7831,price_points,2021-11-04T21:00:00Z,2021-11-04T21:01:00Z,ERIS,exact,
2021-11-04,,YAHOO-CONTINUOUS-ZF,122.2265625,price_points,2021-11-04T21:00:00Z,2021-11-04T21:01:00Z,YAHOO,proxy,continuous futures proxy
2021-11-04,,YAHOO-CONTINUOUS-ZT,109.80078125,price_points,2021-11-04T21:00:00Z,2021-11-04T21:01:00Z,YAHOO,proxy,continuous futures proxy
2021-11-05,,ERIS-YIT,99.38230000000001,price_points,2021-11-05T21:00:00Z,2021-11-05T21:01:00Z,ERIS,exact,
2021-11-05,,ERIS-YIW,98.0556,price_points,2021-11-05T21:00:00Z,2021-11-05T21:01:00Z,ERIS,exact,
2021-11-05,,YAHOO-CONTINUOUS-ZF,122.453125,price_points,2021-11-05T21:00:00Z,2021-11-05T21:01:00Z,YAHOO,proxy,continuous futures proxy
2021-11-05,,YAHOO-CONTINUOUS-ZT,109.84375,price_points,2021-11-05T21:00:00Z,2021-11-05T21:01:00Z,YAHOO,proxy,continuous futures proxy
2021-11-08,,ERIS-YIT,99.30560000000003,price_points,2021-11-08T21:00:00Z,2021-11-08T21:01:00Z,ERIS,exact,
2021-11-08,,ERIS-YIW,97.7668,price_points,2021-11-08T21:00:00Z,2021-11-08T21:01:00Z,ERIS,exact,
2021-11-08,,YAHOO-CONTINUOUS-ZF,122.125,price_points,2021-11-08T21:00:00Z,2021-11-08T21:01:00Z,YAHOO,proxy,continuous futures proxy
2021-11-08,,YAHOO-CONTINUOUS-ZT,109.74609375,price_points,2021-11-08T21:00:00Z,2021-11-08T21:01:00Z,YAHOO,proxy,continuous futures proxy
2021-11-09,,ERIS-YIT,99.35440000000003,price_points,2021-11-09T21:00:00Z,2021-11-09T21:01:00Z,ERIS,exact,
2021-11-09,,ERIS-YIW,97.9889,price_points,2021-11-09T21:00:00Z,2021-11-09T21:01:00Z,ERIS,exact,
2021-11-09,,YAHOO-CONTINUOUS-ZF,122.3828125,price_points,2021-11-09T21:00:00Z,2021-11-09T21:01:00Z,YAHOO,proxy,continuous futures proxy
2021-11-09,,YAHOO-CONTINUOUS-ZT,109.828125,price_points,2021-11-09T21:00:00Z,2021-11-09T21:01:00Z,YAHOO,proxy,continuous futures proxy
2021-11-10,,ERIS-YIT,99.19310000000002,price_points,2021-11-10T21:00:00Z,2021-11-10T21:01:00Z,ERIS,exact,
2021-11-10,,ERIS-YIW,97.3948,price_points,2021-11-10T21:00:00Z,2021-11-10T21:01:00Z,ERIS,exact,
2021-11-10,,YAHOO-CONTINUOUS-ZF,121.6171875,price_points,2021-11-10T21:00:00Z,2021-11-10T21:01:00Z,YAHOO,proxy,continuous futures proxy
2021-11-10,,YAHOO-CONTINUOUS-ZT,109.625,price_points,2021-11-10T21:00:00Z,2021-11-10T21:01:00Z,YAHOO,proxy,continuous futures proxy
2021-11-11,,ERIS-YIT,99.19310000000002,price_points,2021-11-11T21:00:00Z,2021-11-11T21:01:00Z,ERIS,exact,
2021-11-11,,ERIS-YIW,97.3948,price_points,2021-11-11T21:00:00Z,2021-11-11T21:01:00Z,ERIS,exact,
2021-11-11,,YAHOO-CONTINUOUS-ZF,121.3203125,price_points,2021-11-11T21:00:00Z,2021-11-11T21:01:00Z,YAHOO,proxy,continuous futures proxy
2021-11-11,,YAHOO-CONTINUOUS-ZT,109.53515625,price_points,2021-11-11T21:00:00Z,2021-11-11T21:01:00Z,YAHOO,proxy,continuous futures proxy
2021-11-12,,ERIS-YIT,99.12760000000002,price_points,2021-11-12T21:00:00Z,2021-11-12T21:01:00Z,ERIS,exact,
2021-11-12,,ERIS-YIW,97.2141,price_points,2021-11-12T21:00:00Z,2021-11-12T21:01:00Z,ERIS,exact,
2021-11-12,,YAHOO-CONTINUOUS-ZF,121.484375,price_points,2021-11-12T21:00:00Z,2021-11-12T21:01:00Z,YAHOO,proxy,continuous futures proxy
2021-11-12,,YAHOO-CONTINUOUS-ZT,109.59375,price_points,2021-11-12T21:00:00Z,2021-11-12T21:01:00Z,YAHOO,proxy,continuous futures proxy
2021-11-15,,ERIS-YIT,99.13220000000003,price_points,2021-11-15T21:00:00Z,2021-11-15T21:01:00Z,ERIS,exact,
2021-11-15,,ERIS-YIW,97.16680000000001,price_points,2021-11-15T21:00:00Z,2021-11-15T21:01:00Z,ERIS,exact,
2021-11-15,,YAHOO-CONTINUOUS-ZF,121.40625,price_points,2021-11-15T21:00:00Z,2021-11-15T21:01:00Z,YAHOO,proxy,continuous futures proxy
2021-11-15,,YAHOO-CONTINUOUS-ZT,109.5859375,price_points,2021-11-15T21:00:00Z,2021-11-15T21:01:00Z,YAHOO,proxy,continuous futures proxy
2021-11-16,,ERIS-YIT,99.12960000000002,price_points,2021-11-16T21:00:00Z,2021-11-16T21:01:00Z,ERIS,exact,
2021-11-16,,ERIS-YIW,97.08200000000001,price_points,2021-11-16T21:00:00Z,2021-11-16T21:01:00Z,ERIS,exact,
2021-11-16,,YAHOO-CONTINUOUS-ZF,121.34375,price_points,2021-11-16T21:00:00Z,2021-11-16T21:01:00Z,YAHOO,proxy,continuous futures proxy
2021-11-16,,YAHOO-CONTINUOUS-ZT,109.58203125,price_points,2021-11-16T21:00:00Z,2021-11-16T21:01:00Z,YAHOO,proxy,continuous futures proxy
2021-11-17,,ERIS-YIT,99.16470000000002,price_points,2021-11-17T21:00:00Z,2021-11-17T21:01:00Z,ERIS,exact,
2021-11-17,,ERIS-YIW,97.1966,price_points,2021-11-17T21:00:00Z,2021-11-17T21:01:00Z,ERIS,exact,
2021-11-17,,YAHOO-CONTINUOUS-ZF,121.4765625,price_points,2021-11-17T21:00:00Z,2021-11-17T21:01:00Z,YAHOO,proxy,continuous futures proxy
2021-11-17,,YAHOO-CONTINUOUS-ZT,109.6328125,price_points,2021-11-17T21:00:00Z,2021-11-17T21:01:00Z,YAHOO,proxy,continuous futures proxy
2021-11-18,,ERIS-YIT,99.18190000000003,price_points,2021-11-18T21:00:00Z,2021-11-18T21:01:00Z,ERIS,exact,
2021-11-18,,ERIS-YIW,97.3088,price_points,2021-11-18T21:00:00Z,2021-11-18T21:01:00Z,ERIS,exact,
2021-11-18,,YAHOO-CONTINUOUS-ZF,121.546875,price_points,2021-11-18T21:00:00Z,2021-11-18T21:01:00Z,YAHOO,proxy,continuous futures proxy
2021-11-18,,YAHOO-CONTINUOUS-ZT,109.64453125,price_points,2021-11-18T21:00:00Z,2021-11-18T21:01:00Z,YAHOO,proxy,continuous futures proxy
2021-11-19,,ERIS-YIT,99.16700000000002,price_points,2021-11-19T21:00:00Z,2021-11-19T21:01:00Z,ERIS,exact,
2021-11-19,,ERIS-YIW,97.3597,price_points,2021-11-19T21:00:00Z,2021-11-19T21:01:00Z,ERIS,exact,
2021-11-19,,YAHOO-CONTINUOUS-ZF,121.625,price_points,2021-11-19T21:00:00Z,2021-11-19T21:01:00Z,YAHOO,proxy,continuous futures proxy
2021-11-19,,YAHOO-CONTINUOUS-ZT,109.6640625,price_points,2021-11-19T21:00:00Z,2021-11-19T21:01:00Z,YAHOO,proxy,continuous futures proxy
2021-11-22,,ERIS-YIT,99.04660000000003,price_points,2021-11-22T21:00:00Z,2021-11-22T21:01:00Z,ERIS,exact,
2021-11-22,,ERIS-YIW,96.8925,price_points,2021-11-22T21:00:00Z,2021-11-22T21:01:00Z,ERIS,exact,
2021-11-22,,YAHOO-CONTINUOUS-ZF,121.078125,price_points,2021-11-22T21:00:00Z,2021-11-22T21:01:00Z,YAHOO,proxy,continuous futures proxy
2021-11-22,,YAHOO-CONTINUOUS-ZT,109.51953125,price_points,2021-11-22T21:00:00Z,2021-11-22T21:01:00Z,YAHOO,proxy,continuous futures proxy
2021-11-23,,ERIS-YIT,99.08300000000003,price_points,2021-11-23T21:00:00Z,2021-11-23T21:01:00Z,ERIS,exact,
2021-11-23,,ERIS-YIW,96.8685,price_points,2021-11-23T21:00:00Z,2021-11-23T21:01:00Z,ERIS,exact,
2021-11-23,,YAHOO-CONTINUOUS-ZF,121.078125,price_points,2021-11-23T21:00:00Z,2021-11-23T21:01:00Z,YAHOO,proxy,continuous futures proxy
2021-11-23,,YAHOO-CONTINUOUS-ZT,109.55859375,price_points,2021-11-23T21:00:00Z,2021-11-23T21:01:00Z,YAHOO,proxy,continuous futures proxy
2021-11-24,,ERIS-YIT,99.02410000000002,price_points,2021-11-24T21:00:00Z,2021-11-24T21:01:00Z,ERIS,exact,
2021-11-24,,ERIS-YIW,96.7927,price_points,2021-11-24T21:00:00Z,2021-11-24T21:01:00Z,ERIS,exact,
2021-11-24,,YAHOO-CONTINUOUS-ZF,120.9921875,price_points,2021-11-24T21:00:00Z,2021-11-24T21:01:00Z,YAHOO,proxy,continuous futures proxy
2021-11-24,,YAHOO-CONTINUOUS-ZT,109.48046875,price_points,2021-11-24T21:00:00Z,2021-11-24T21:01:00Z,YAHOO,proxy,continuous futures proxy
2021-11-26,,ERIS-YIT,99.24290000000002,price_points,2021-11-26T21:00:00Z,2021-11-26T21:01:00Z,ERIS,exact,
2021-11-26,,ERIS-YIW,97.4906,price_points,2021-11-26T21:00:00Z,2021-11-26T21:01:00Z,ERIS,exact,
2021-11-26,,YAHOO-CONTINUOUS-ZF,121.796875,price_points,2021-11-26T21:00:00Z,2021-11-26T21:01:00Z,YAHOO,proxy,continuous futures proxy
2021-11-26,,YAHOO-CONTINUOUS-ZT,109.69921875,price_points,2021-11-26T21:00:00Z,2021-11-26T21:01:00Z,YAHOO,proxy,continuous futures proxy
2021-11-29,,ERIS-YIT,99.24050000000003,price_points,2021-11-29T21:00:00Z,2021-11-29T21:01:00Z,ERIS,exact,
2021-11-29,,ERIS-YIW,97.4537,price_points,2021-11-29T21:00:00Z,2021-11-29T21:01:00Z,ERIS,exact,
2021-11-29,,YAHOO-CONTINUOUS-ZF,121.8046875,price_points,2021-11-29T21:00:00Z,2021-11-29T21:01:00Z,YAHOO,proxy,continuous futures proxy
2021-11-29,,YAHOO-CONTINUOUS-ZT,109.72265625,price_points,2021-11-29T21:00:00Z,2021-11-29T21:01:00Z,YAHOO,proxy,continuous futures proxy
2021-11-30,,ERIS-YIT,99.20200000000003,price_points,2021-11-30T21:00:00Z,2021-11-30T21:01:00Z,ERIS,exact,
2021-11-30,,ERIS-YIW,97.5557,price_points,2021-11-30T21:00:00Z,2021-11-30T21:01:00Z,ERIS,exact,
2021-11-30,,YAHOO-CONTINUOUS-ZF,121.9140625,price_points,2021-11-30T21:00:00Z,2021-11-30T21:01:00Z,YAHOO,proxy,continuous futures proxy
2021-11-30,,YAHOO-CONTINUOUS-ZT,109.703125,price_points,2021-11-30T21:00:00Z,2021-11-30T21:01:00Z,YAHOO,proxy,continuous futures proxy
2021-12-01,,ERIS-YIT,99.16010000000001,price_points,2021-12-01T21:00:00Z,2021-12-01T21:01:00Z,ERIS,exact,
2021-12-01,,ERIS-YIW,97.5678,price_points,2021-12-01T21:00:00Z,2021-12-01T21:01:00Z,ERIS,exact,
2021-12-01,,YAHOO-CONTINUOUS-ZF,121.8515625,price_points,2021-12-01T21:00:00Z,2021-12-01T21:01:00Z,YAHOO,proxy,continuous futures proxy
2021-12-01,,YAHOO-CONTINUOUS-ZT,109.625,price_points,2021-12-01T21:00:00Z,2021-12-01T21:01:00Z,YAHOO,proxy,continuous futures proxy
2021-12-02,,ERIS-YIT,99.08380000000002,price_points,2021-12-02T21:00:00Z,2021-12-02T21:01:00Z,ERIS,exact,
2021-12-02,,ERIS-YIW,97.37870000000001,price_points,2021-12-02T21:00:00Z,2021-12-02T21:01:00Z,ERIS,exact,
2021-12-02,,YAHOO-CONTINUOUS-ZF,121.546875,price_points,2021-12-02T21:00:00Z,2021-12-02T21:01:00Z,YAHOO,proxy,continuous futures proxy
2021-12-02,,YAHOO-CONTINUOUS-ZT,109.51953125,price_points,2021-12-02T21:00:00Z,2021-12-02T21:01:00Z,YAHOO,proxy,continuous futures proxy
2021-12-03,,ERIS-YIT,99.13910000000003,price_points,2021-12-03T21:00:00Z,2021-12-03T21:01:00Z,ERIS,exact,
2021-12-03,,ERIS-YIW,97.6906,price_points,2021-12-03T21:00:00Z,2021-12-03T21:01:00Z,ERIS,exact,
2021-12-03,,YAHOO-CONTINUOUS-ZF,121.96875,price_points,2021-12-03T21:00:00Z,2021-12-03T21:01:00Z,YAHOO,proxy,continuous futures proxy
2021-12-03,,YAHOO-CONTINUOUS-ZT,109.58203125,price_points,2021-12-03T21:00:00Z,2021-12-03T21:01:00Z,YAHOO,proxy,continuous futures proxy
2021-12-06,,ERIS-YIT,99.06990000000002,price_points,2021-12-06T21:00:00Z,2021-12-06T21:01:00Z,ERIS,exact,
2021-12-06,,ERIS-YIW,97.3017,price_points,2021-12-06T21:00:00Z,2021-12-06T21:01:00Z,ERIS,exact,
2021-12-06,,YAHOO-CONTINUOUS-ZF,121.5703125,price_points,2021-12-06T21:00:00Z,2021-12-06T21:01:00Z,YAHOO,proxy,continuous futures proxy
2021-12-06,,YAHOO-CONTINUOUS-ZT,109.5078125,price_points,2021-12-06T21:00:00Z,2021-12-06T21:01:00Z,YAHOO,proxy,continuous futures proxy
2021-12-07,,ERIS-YIT,99.00230000000002,price_points,2021-12-07T21:00:00Z,2021-12-07T21:01:00Z,ERIS,exact,
2021-12-07,,ERIS-YIW,97.105,price_points,2021-12-07T21:00:00Z,2021-12-07T21:01:00Z,ERIS,exact,
2021-12-07,,YAHOO-CONTINUOUS-ZF,121.328125,price_points,2021-12-07T21:00:00Z,2021-12-07T21:01:00Z,YAHOO,proxy,continuous futures proxy
2021-12-07,,YAHOO-CONTINUOUS-ZT,109.41015625,price_points,2021-12-07T21:00:00Z,2021-12-07T21:01:00Z,YAHOO,proxy,continuous futures proxy
2021-12-08,,ERIS-YIT,99.04010000000002,price_points,2021-12-08T21:00:00Z,2021-12-08T21:01:00Z,ERIS,exact,
2021-12-08,,ERIS-YIW,97.1239,price_points,2021-12-08T21:00:00Z,2021-12-08T21:01:00Z,ERIS,exact,
2021-12-08,,YAHOO-CONTINUOUS-ZF,121.3203125,price_points,2021-12-08T21:00:00Z,2021-12-08T21:01:00Z,YAHOO,proxy,continuous futures proxy
2021-12-08,,YAHOO-CONTINUOUS-ZT,109.4296875,price_points,2021-12-08T21:00:00Z,2021-12-08T21:01:00Z,YAHOO,proxy,continuous futures proxy
2021-12-09,,ERIS-YIT,99.01470000000002,price_points,2021-12-09T21:00:00Z,2021-12-09T21:01:00Z,ERIS,exact,
2021-12-09,,ERIS-YIW,97.14320000000001,price_points,2021-12-09T21:00:00Z,2021-12-09T21:01:00Z,ERIS,exact,
2021-12-09,,YAHOO-CONTINUOUS-ZF,121.3203125,price_points,2021-12-09T21:00:00Z,2021-12-09T21:01:00Z,YAHOO,proxy,continuous futures proxy
2021-12-09,,YAHOO-CONTINUOUS-ZT,109.41015625,price_points,2021-12-09T21:00:00Z,2021-12-09T21:01:00Z,YAHOO,proxy,continuous futures proxy
2021-12-10,,ERIS-YIT,99.05310000000001,price_points,2021-12-10T21:00:00Z,2021-12-10T21:01:00Z,ERIS,exact,
2021-12-10,,ERIS-YIW,97.1974,price_points,2021-12-10T21:00:00Z,2021-12-10T21:01:00Z,ERIS,exact,
2021-12-10,,YAHOO-CONTINUOUS-ZF,121.375,price_points,2021-12-10T21:00:00Z,2021-12-10T21:01:00Z,YAHOO,proxy,continuous futures proxy
2021-12-10,,YAHOO-CONTINUOUS-ZT,109.46484375,price_points,2021-12-10T21:00:00Z,2021-12-10T21:01:00Z,YAHOO,proxy,continuous futures proxy
2021-12-13,,ERIS-YIT,99.09030000000003,price_points,2021-12-13T21:00:00Z,2021-12-13T21:01:00Z,ERIS,exact,
2021-12-13,,ERIS-YIW,97.39580000000001,price_points,2021-12-13T21:00:00Z,2021-12-13T21:01:00Z,ERIS,exact,
2021-12-13,,YAHOO-CONTINUOUS-ZF,121.5546875,price_points,2021-12-13T21:00:00Z,2021-12-13T21:01:00Z,YAHOO,proxy,continuous futures proxy
2021-12-13,,YAHOO-CONTINUOUS-ZT,109.50390625,price_points,2021-12-13T21:00:00Z,2021-12-13T21:01:00Z,YAHOO,proxy,continuous futures proxy
2021-12-14,,ERIS-YIT,99.05150000000002,price_points,2021-12-14T21:00:00Z,2021-12-14T21:01:00Z,ERIS,exact,
2021-12-14,,ERIS-YIW,97.3087,price_points,2021-12-14T21:00:00Z,2021-12-14T21:01:00Z,ERIS,exact,
2021-12-14,,YAHOO-CONTINUOUS-ZF,121.4296875,price_points,2021-12-14T21:00:00Z,2021-12-14T21:01:00Z,YAHOO,proxy,continuous futures proxy
2021-12-14,,YAHOO-CONTINUOUS-ZT,109.4765625,price_points,2021-12-14T21:00:00Z,2021-12-14T21:01:00Z,YAHOO,proxy,continuous futures proxy
2021-12-15,,ERIS-YIT,98.99510000000002,price_points,2021-12-15T21:00:00Z,2021-12-15T21:01:00Z,ERIS,exact,
2021-12-15,,ERIS-YIW,97.2517,price_points,2021-12-15T21:00:00Z,2021-12-15T21:01:00Z,ERIS,exact,
2021-12-15,,YAHOO-CONTINUOUS-ZF,121.28125,price_points,2021-12-15T21:00:00Z,2021-12-15T21:01:00Z,YAHOO,proxy,continuous futures proxy
2021-12-15,,YAHOO-CONTINUOUS-ZT,109.4140625,price_points,2021-12-15T21:00:00Z,2021-12-15T21:01:00Z,YAHOO,proxy,continuous futures proxy
2021-12-16,,ERIS-YIT,99.07160000000002,price_points,2021-12-16T21:00:00Z,2021-12-16T21:01:00Z,ERIS,exact,
2021-12-16,,ERIS-YIW,97.6062,price_points,2021-12-16T21:00:00Z,2021-12-16T21:01:00Z,ERIS,exact,
2021-12-16,,YAHOO-CONTINUOUS-ZF,121.7578125,price_points,2021-12-16T21:00:00Z,2021-12-16T21:01:00Z,YAHOO,proxy,continuous futures proxy
2021-12-16,,YAHOO-CONTINUOUS-ZT,109.54296875,price_points,2021-12-16T21:00:00Z,2021-12-16T21:01:00Z,YAHOO,proxy,continuous futures proxy
2021-12-17,,ERIS-YIT,99.04350000000002,price_points,2021-12-17T21:00:00Z,2021-12-17T21:01:00Z,ERIS,exact,
2021-12-17,,ERIS-YIW,97.57820000000001,price_points,2021-12-17T21:00:00Z,2021-12-17T21:01:00Z,ERIS,exact,
2021-12-17,,YAHOO-CONTINUOUS-ZF,121.75,price_points,2021-12-17T21:00:00Z,2021-12-17T21:01:00Z,YAHOO,proxy,continuous futures proxy
2021-12-17,,YAHOO-CONTINUOUS-ZT,109.515625,price_points,2021-12-17T21:00:00Z,2021-12-17T21:01:00Z,YAHOO,proxy,continuous futures proxy
2021-12-20,,ERIS-YIT,99.07580000000002,price_points,2021-12-20T21:00:00Z,2021-12-20T21:01:00Z,ERIS,exact,
2021-12-20,,ERIS-YIW,97.5943,price_points,2021-12-20T21:00:00Z,2021-12-20T21:01:00Z,ERIS,exact,
2021-12-20,,YAHOO-CONTINUOUS-ZF,121.8359375,price_points,2021-12-20T21:00:00Z,2021-12-20T21:01:00Z,YAHOO,proxy,continuous futures proxy
2021-12-20,,YAHOO-CONTINUOUS-ZT,109.546875,price_points,2021-12-20T21:00:00Z,2021-12-20T21:01:00Z,YAHOO,proxy,continuous futures proxy
2021-12-21,,ERIS-YIT,99.01460000000002,price_points,2021-12-21T21:00:00Z,2021-12-21T21:01:00Z,ERIS,exact,
2021-12-21,,ERIS-YIW,97.3291,price_points,2021-12-21T21:00:00Z,2021-12-21T21:01:00Z,ERIS,exact,
2021-12-21,,YAHOO-CONTINUOUS-ZF,121.5078125,price_points,2021-12-21T21:00:00Z,2021-12-21T21:01:00Z,YAHOO,proxy,continuous futures proxy
2021-12-21,,YAHOO-CONTINUOUS-ZT,109.48046875,price_points,2021-12-21T21:00:00Z,2021-12-21T21:01:00Z,YAHOO,proxy,continuous futures proxy
2021-12-22,,ERIS-YIT,99.01190000000003,price_points,2021-12-22T21:00:00Z,2021-12-22T21:01:00Z,ERIS,exact,
2021-12-22,,ERIS-YIW,97.3533,price_points,2021-12-22T21:00:00Z,2021-12-22T21:01:00Z,ERIS,exact,
2021-12-22,,YAHOO-CONTINUOUS-ZF,121.5703125,price_points,2021-12-22T21:00:00Z,2021-12-22T21:01:00Z,YAHOO,proxy,continuous futures proxy
2021-12-22,,YAHOO-CONTINUOUS-ZT,109.4921875,price_points,2021-12-22T21:00:00Z,2021-12-22T21:01:00Z,YAHOO,proxy,continuous futures proxy
2021-12-23,,ERIS-YIT,98.97960000000002,price_points,2021-12-23T21:00:00Z,2021-12-23T21:01:00Z,ERIS,exact,
2021-12-23,,ERIS-YIW,97.2792,price_points,2021-12-23T21:00:00Z,2021-12-23T21:01:00Z,ERIS,exact,
2021-12-23,,YAHOO-CONTINUOUS-ZF,121.4921875,price_points,2021-12-23T21:00:00Z,2021-12-23T21:01:00Z,YAHOO,proxy,continuous futures proxy
2021-12-23,,YAHOO-CONTINUOUS-ZT,109.44921875,price_points,2021-12-23T21:00:00Z,2021-12-23T21:01:00Z,YAHOO,proxy,continuous futures proxy
2021-12-27,,ERIS-YIT,98.95090000000002,price_points,2021-12-27T21:00:00Z,2021-12-27T21:01:00Z,ERIS,exact,
2021-12-27,,ERIS-YIW,97.2335,price_points,2021-12-27T21:00:00Z,2021-12-27T21:01:00Z,ERIS,exact,
2021-12-27,,YAHOO-CONTINUOUS-ZF,121.4140625,price_points,2021-12-27T21:00:00Z,2021-12-27T21:01:00Z,YAHOO,proxy,continuous futures proxy
2021-12-27,,YAHOO-CONTINUOUS-ZT,109.40234375,price_points,2021-12-27T21:00:00Z,2021-12-27T21:01:00Z,YAHOO,proxy,continuous futures proxy
2021-12-28,,ERIS-YIT,98.95090000000002,price_points,2021-12-28T21:00:00Z,2021-12-28T21:01:00Z,ERIS,exact,
2021-12-28,,ERIS-YIW,97.2913,price_points,2021-12-28T21:00:00Z,2021-12-28T21:01:00Z,ERIS,exact,
2021-12-28,,YAHOO-CONTINUOUS-ZF,121.4375,price_points,2021-12-28T21:00:00Z,2021-12-28T21:01:00Z,YAHOO,proxy,continuous futures proxy
2021-12-28,,YAHOO-CONTINUOUS-ZT,109.39453125,price_points,2021-12-28T21:00:00Z,2021-12-28T21:01:00Z,YAHOO,proxy,continuous futures proxy
2021-12-29,,ERIS-YIT,98.93480000000002,price_points,2021-12-29T21:00:00Z,2021-12-29T21:01:00Z,ERIS,exact,
2021-12-29,,ERIS-YIW,97.1615,price_points,2021-12-29T21:00:00Z,2021-12-29T21:01:00Z,ERIS,exact,
2021-12-29,,YAHOO-CONTINUOUS-ZF,121.3203125,price_points,2021-12-29T21:00:00Z,2021-12-29T21:01:00Z,YAHOO,proxy,continuous futures proxy
2021-12-29,,YAHOO-CONTINUOUS-ZT,109.3984375,price_points,2021-12-29T21:00:00Z,2021-12-29T21:01:00Z,YAHOO,proxy,continuous futures proxy
2021-12-30,,ERIS-YIT,98.96620000000001,price_points,2021-12-30T21:00:00Z,2021-12-30T21:01:00Z,ERIS,exact,
2021-12-30,,ERIS-YIW,97.2212,price_points,2021-12-30T21:00:00Z,2021-12-30T21:01:00Z,ERIS,exact,
2021-12-30,,YAHOO-CONTINUOUS-ZF,121.4765625,price_points,2021-12-30T21:00:00Z,2021-12-30T21:01:00Z,YAHOO,proxy,continuous futures proxy
2021-12-30,,YAHOO-CONTINUOUS-ZT,109.43359375,price_points,2021-12-30T21:00:00Z,2021-12-30T21:01:00Z,YAHOO,proxy,continuous futures proxy
2021-12-31,,ERIS-YIT,98.98120000000002,price_points,2021-12-31T21:00:00Z,2021-12-31T21:01:00Z,ERIS,exact,
2021-12-31,,ERIS-YIW,97.2816,price_points,2021-12-31T21:00:00Z,2021-12-31T21:01:00Z,ERIS,exact,
2021-12-31,,YAHOO-CONTINUOUS-ZF,121.5546875,price_points,2021-12-31T21:00:00Z,2021-12-31T21:01:00Z,YAHOO,proxy,continuous futures proxy
2021-12-31,,YAHOO-CONTINUOUS-ZT,109.45703125,price_points,2021-12-31T21:00:00Z,2021-12-31T21:01:00Z,YAHOO,proxy,continuous futures proxy
