bucket,object_key,filename,folder,database_name,size_bytes,last_modified,etag,storage_class
quantt-historical-market-data,_recycle_bin/aha_sample/annual_survey.parquet,annual_survey.parquet,_recycle_bin/aha_sample,,735183,2026-07-02T11:14:38.722000+00:00,05a25195b17caf6e9710b2a5337a1060,STANDARD
quantt-historical-market-data,_recycle_bin/aha_sample/hcris.parquet,hcris.parquet,_recycle_bin/aha_sample,,137847,2026-07-02T11:14:39.011000+00:00,61a2f03e8d8eec593664d88a9b536094,STANDARD
quantt-historical-market-data,_recycle_bin/aha_sample/it_survey.parquet,it_survey.parquet,_recycle_bin/aha_sample,,341816,2026-07-02T11:14:39.462000+00:00,2bc28c4add597b0a100e337121652fcb,STANDARD
quantt-historical-market-data,_recycle_bin/aha_sample/summary_of_changes.parquet,summary_of_changes.parquet,_recycle_bin/aha_sample,,5875,2026-07-02T11:14:39.761000+00:00,d57e4ce50680d7d8e8e615e80e648e1b,STANDARD
quantt-historical-market-data,_recycle_bin/bank_premium_samp/bic_to_lei.parquet,bic_to_lei.parquet,_recycle_bin/bank_premium_samp,,4755,2026-07-02T11:14:40.060000+00:00,99a2e7da8cc8b4e72be5846a6ef46af9,STANDARD
quantt-historical-market-data,_recycle_bin/bank_premium_samp/idrssd_to_lei.parquet,idrssd_to_lei.parquet,_recycle_bin/bank_premium_samp,,11200,2026-07-02T11:14:40.330000+00:00,5e12f1302e0d5517829a1e4c794946a6,STANDARD
quantt-historical-market-data,_recycle_bin/bank_premium_samp/isin_to_lei.parquet,isin_to_lei.parquet,_recycle_bin/bank_premium_samp,,452564,2026-07-02T11:14:40.707000+00:00,13d63f1e37c77c86e65a404eeb05d601,STANDARD
quantt-historical-market-data,_recycle_bin/bank_premium_samp/lei_main.parquet,lei_main.parquet,_recycle_bin/bank_premium_samp,,1185124,2026-07-02T11:14:41.242000+00:00,01fa70453193b811505abd5f84f7c12d,STANDARD
quantt-historical-market-data,_recycle_bin/bank_premium_samp/rel_main.parquet,rel_main.parquet,_recycle_bin/bank_premium_samp,,686292,2026-07-02T11:14:41.589000+00:00,0310eec9aaf04990db459220871165dc,STANDARD
quantt-historical-market-data,_recycle_bin/bank_premium_samp/wrds_call_derived.parquet,wrds_call_derived.parquet,_recycle_bin/bank_premium_samp,,939795,2026-07-02T11:14:42.062000+00:00,de34948e778d59cff54561b6cb7b564b,STANDARD
quantt-historical-market-data,_recycle_bin/bank_premium_samp/wrds_call_frgn_rcfd.parquet,wrds_call_frgn_rcfd.parquet,_recycle_bin/bank_premium_samp,,248934,2026-07-02T11:14:42.357000+00:00,5b779792444d410f6497facd05161f68,STANDARD
quantt-historical-market-data,_recycle_bin/bank_premium_samp/wrds_call_research.parquet,wrds_call_research.parquet,_recycle_bin/bank_premium_samp,,1622858,2026-07-02T11:14:42.908000+00:00,f606baf8bf3d56f97a5b7e00246f6205,STANDARD
quantt-historical-market-data,_recycle_bin/bank_premium_samp/wrds_struct_rel_ultimate.parquet,wrds_struct_rel_ultimate.parquet,_recycle_bin/bank_premium_samp,,236346,2026-07-02T11:14:43.208000+00:00,d2fecbb5eb9b6319f13d8fe79efa2c99,STANDARD
quantt-historical-market-data,_recycle_bin/candid_samp/candid_3_year.parquet,candid_3_year.parquet,_recycle_bin/candid_samp,,37760,2026-07-02T11:14:43.541000+00:00,00e6fbb28f28c25e0204ffe3a7144740,STANDARD
quantt-historical-market-data,_recycle_bin/cboe_sample/eqhvol.parquet,eqhvol.parquet,_recycle_bin/cboe_sample,,83627,2026-07-02T11:14:43.848000+00:00,2c4880e790bfde00c864e50da6fa912c,STANDARD
quantt-historical-market-data,_recycle_bin/cboe_sample/eqmaster.parquet,eqmaster.parquet,_recycle_bin/cboe_sample,,3595,2026-07-02T11:14:44.139000+00:00,69e2fd1671523efbdd04d51f1f74f19c,STANDARD
quantt-historical-market-data,_recycle_bin/cboe_sample/eqprice.parquet,eqprice.parquet,_recycle_bin/cboe_sample,,15992,2026-07-02T11:14:44.423000+00:00,0591815b8bc1a4fc5b35af5a586425f6,STANDARD
quantt-historical-market-data,_recycle_bin/cboe_sample/ivlisted.parquet,ivlisted.parquet,_recycle_bin/cboe_sample,,2161041,2026-07-02T11:14:45.020000+00:00,72f0eb7c2316f222bc652bf6377de9fd,STANDARD
quantt-historical-market-data,_recycle_bin/cboe_sample/optcontract.parquet,optcontract.parquet,_recycle_bin/cboe_sample,,171149,2026-07-02T11:14:45.402000+00:00,2a7cd09470d39f065d99124abf0ea7e6,STANDARD
quantt-historical-market-data,_recycle_bin/cboe_sample/optprice.parquet,optprice.parquet,_recycle_bin/cboe_sample,,1550071,2026-07-02T11:14:45.832000+00:00,229dd6e625c7f7bba699c16eaa30be79,STANDARD
quantt-historical-market-data,_recycle_bin/cboe_sample/wrds_eq_opt_merged.parquet,wrds_eq_opt_merged.parquet,_recycle_bin/cboe_sample,,49999,2026-07-02T11:14:46.144000+00:00,2783a17a5d8a921656c71acb2f9b0ba9,STANDARD
quantt-historical-market-data,_recycle_bin/ciqsamp_capstrct/wrds_debt.parquet,wrds_debt.parquet,_recycle_bin/ciqsamp_capstrct,,222592,2026-07-02T11:14:46.462000+00:00,7f8e3757aa5f75606091e587f41ddb53,STANDARD
quantt-historical-market-data,_recycle_bin/ciqsamp_capstrct/wrds_debt_trial.parquet,wrds_debt_trial.parquet,_recycle_bin/ciqsamp_capstrct,,561858,2026-07-02T11:14:46.867000+00:00,485668dab7cf5f0b550ea9b6d609fecb,STANDARD
quantt-historical-market-data,_recycle_bin/ciqsamp_capstrct/wrds_equity.parquet,wrds_equity.parquet,_recycle_bin/ciqsamp_capstrct,,55323,2026-07-02T11:14:47.237000+00:00,9adb80cfc1012436800cf9e208af962a,STANDARD
quantt-historical-market-data,_recycle_bin/ciqsamp_capstrct/wrds_equity_trial.parquet,wrds_equity_trial.parquet,_recycle_bin/ciqsamp_capstrct,,372615,2026-07-02T11:14:47.531000+00:00,34eff139d623ccbe8be329bb8aa0c76b,STANDARD
quantt-historical-market-data,_recycle_bin/ciqsamp_capstrct/wrds_summary.parquet,wrds_summary.parquet,_recycle_bin/ciqsamp_capstrct,,327442,2026-07-02T11:14:47.850000+00:00,53f46d5e90f00e5b968aacb9c20130b4,STANDARD
quantt-historical-market-data,_recycle_bin/ciqsamp_common/wrds_cik.parquet,wrds_cik.parquet,_recycle_bin/ciqsamp_common,,5367,2026-07-02T11:14:48.170000+00:00,2c68c204bee3b72ab1ea469fa0e94ef2,STANDARD
quantt-historical-market-data,_recycle_bin/ciqsamp_common/wrds_cik_trial.parquet,wrds_cik_trial.parquet,_recycle_bin/ciqsamp_common,,4736,2026-07-02T11:14:48.479000+00:00,078e8f2432bf205a1b524e1416f1e266,STANDARD
quantt-historical-market-data,_recycle_bin/ciqsamp_common/wrds_ciqsymbol.parquet,wrds_ciqsymbol.parquet,_recycle_bin/ciqsamp_common,,8177462,2026-07-02T11:14:49.339000+00:00,180f2ef906bdc1535b97a84c3df444a1,STANDARD
quantt-historical-market-data,_recycle_bin/ciqsamp_common/wrds_ciqsymbol_primary.parquet,wrds_ciqsymbol_primary.parquet,_recycle_bin/ciqsamp_common,,20148,2026-07-02T11:14:49.631000+00:00,19b92183219f23b0adbec80cd2118478,STANDARD
quantt-historical-market-data,_recycle_bin/ciqsamp_common/wrds_cusip.parquet,wrds_cusip.parquet,_recycle_bin/ciqsamp_common,,477848,2026-07-02T11:14:49.928000+00:00,1ea980c85eab24be84fa8e236abc445e,STANDARD
quantt-historical-market-data,_recycle_bin/ciqsamp_common/wrds_cusip_trial.parquet,wrds_cusip_trial.parquet,_recycle_bin/ciqsamp_common,,250382,2026-07-02T11:14:50.263000+00:00,e45799f2e26fbe18c2fb794e8e4dd8fa,STANDARD
quantt-historical-market-data,_recycle_bin/ciqsamp_common/wrds_gvkey.parquet,wrds_gvkey.parquet,_recycle_bin/ciqsamp_common,,5176,2026-07-02T11:14:50.559000+00:00,4fcff2f92ba78704f848d637f52cd3bc,STANDARD
quantt-historical-market-data,_recycle_bin/ciqsamp_common/wrds_gvkey_trial.parquet,wrds_gvkey_trial.parquet,_recycle_bin/ciqsamp_common,,4660,2026-07-02T11:14:50.902000+00:00,acd0c74aca68ac840aabeadf18727bfc,STANDARD
quantt-historical-market-data,_recycle_bin/ciqsamp_common/wrds_isin.parquet,wrds_isin.parquet,_recycle_bin/ciqsamp_common,,1769937,2026-07-02T11:14:51.451000+00:00,c8ffa776a3534d698e8651eed9dc4886,STANDARD
quantt-historical-market-data,_recycle_bin/ciqsamp_common/wrds_isin_trial.parquet,wrds_isin_trial.parquet,_recycle_bin/ciqsamp_common,,1476574,2026-07-02T11:14:52.142000+00:00,8124558397616d558dd09b55be4fbc2b,STANDARD
quantt-historical-market-data,_recycle_bin/ciqsamp_common/wrds_ticker.parquet,wrds_ticker.parquet,_recycle_bin/ciqsamp_common,,1026416,2026-07-02T11:14:52.448000+00:00,0ec71a955f6e67a3d6e2ad2a69ce6c7d,STANDARD
quantt-historical-market-data,_recycle_bin/ciqsamp_common/wrds_ticker_trial.parquet,wrds_ticker_trial.parquet,_recycle_bin/ciqsamp_common,,1015419,2026-07-02T11:14:52.788000+00:00,9296d338b2587349538f74f43d6fff28,STANDARD
quantt-historical-market-data,_recycle_bin/ciqsamp_keydev/ciqkeydev.parquet,ciqkeydev.parquet,_recycle_bin/ciqsamp_keydev,,28790057,2026-07-02T11:14:54.097000+00:00,63994657f70a7e1bcd31aec87e26e3f6,STANDARD
quantt-historical-market-data,_recycle_bin/ciqsamp_keydev/wrds_keydev_div_trial.parquet,wrds_keydev_div_trial.parquet,_recycle_bin/ciqsamp_keydev,,937898,2026-07-02T11:14:54.416000+00:00,6e21cf0db6b0004832ef1cc0024858fd,STANDARD
quantt-historical-market-data,_recycle_bin/ciqsamp_keydev/wrds_keydev_trial.parquet,wrds_keydev_trial.parquet,_recycle_bin/ciqsamp_keydev,,5807800,2026-07-02T11:14:55.204000+00:00,58537a7f42d7291214e8e095a5b7709f,STANDARD
quantt-historical-market-data,_recycle_bin/ciqsamp_pplintel/wrds_cik_trial.parquet,wrds_cik_trial.parquet,_recycle_bin/ciqsamp_pplintel,,4766,2026-07-02T11:14:55.506000+00:00,77c1d9558d9a353e733ee1e0faccda0d,STANDARD
quantt-historical-market-data,_recycle_bin/ciqsamp_pplintel/wrds_compensation.parquet,wrds_compensation.parquet,_recycle_bin/ciqsamp_pplintel,,143762,2026-07-02T11:14:55.816000+00:00,998fed6f9a07f964f260ce3297b5b452,STANDARD
quantt-historical-market-data,_recycle_bin/ciqsamp_pplintel/wrds_compensation_trial.parquet,wrds_compensation_trial.parquet,_recycle_bin/ciqsamp_pplintel,,929446,2026-07-02T11:14:56.245000+00:00,8f11a889ce24f495effa799f0fb9ecd9,STANDARD
quantt-historical-market-data,_recycle_bin/ciqsamp_pplintel/wrds_compensationdetails.parquet,wrds_compensationdetails.parquet,_recycle_bin/ciqsamp_pplintel,,81844,2026-07-02T11:14:56.533000+00:00,03c2d3a5f70b9e83c274f835699e3901,STANDARD
quantt-historical-market-data,_recycle_bin/ciqsamp_pplintel/wrds_compensationdetails_trial.parquet,wrds_compensationdetails_trial.parquet,_recycle_bin/ciqsamp_pplintel,,629768,2026-07-02T11:14:56.851000+00:00,90c94815edb4bfb1a857e89b096f7e00,STANDARD
quantt-historical-market-data,_recycle_bin/ciqsamp_pplintel/wrds_cusip_trial.parquet,wrds_cusip_trial.parquet,_recycle_bin/ciqsamp_pplintel,,250453,2026-07-02T11:14:57.151000+00:00,14182264809146cb6662a65ed85ebe29,STANDARD
quantt-historical-market-data,_recycle_bin/ciqsamp_pplintel/wrds_debt_trial.parquet,wrds_debt_trial.parquet,_recycle_bin/ciqsamp_pplintel,,575334,2026-07-02T11:14:57.464000+00:00,f673bda7b997416e59e79fc078e728b7,STANDARD
quantt-historical-market-data,_recycle_bin/ciqsamp_pplintel/wrds_equity_trial.parquet,wrds_equity_trial.parquet,_recycle_bin/ciqsamp_pplintel,,394839,2026-07-02T11:14:57.765000+00:00,236b99bc69ec57c0bf14b5ee51b3335f,STANDARD
quantt-historical-market-data,_recycle_bin/ciqsamp_pplintel/wrds_gvkey_trial.parquet,wrds_gvkey_trial.parquet,_recycle_bin/ciqsamp_pplintel,,4701,2026-07-02T11:14:58.176000+00:00,ae0f197071a13bea6b1699c9c10925bd,STANDARD
quantt-historical-market-data,_recycle_bin/ciqsamp_pplintel/wrds_isin_trial.parquet,wrds_isin_trial.parquet,_recycle_bin/ciqsamp_pplintel,,1475405,2026-07-02T11:14:58.660000+00:00,be0d470faafcb04dfc0aa4febf82d6b8,STANDARD
quantt-historical-market-data,_recycle_bin/ciqsamp_pplintel/wrds_keydev_trial.parquet,wrds_keydev_trial.parquet,_recycle_bin/ciqsamp_pplintel,,1670856,2026-07-02T11:14:59.134000+00:00,c9a0261fa5089ef3a9d2737bfbd44354,STANDARD
quantt-historical-market-data,_recycle_bin/ciqsamp_pplintel/wrds_professional.parquet,wrds_professional.parquet,_recycle_bin/ciqsamp_pplintel,,1598298,2026-07-02T11:14:59.610000+00:00,9f9004a0dea98289f08da85d1c9452c1,STANDARD
quantt-historical-market-data,_recycle_bin/ciqsamp_pplintel/wrds_professional_trial.parquet,wrds_professional_trial.parquet,_recycle_bin/ciqsamp_pplintel,,1400425,2026-07-02T11:14:59.957000+00:00,e7344a1f3e64ab5b49a6adb967c4b330,STANDARD
quantt-historical-market-data,_recycle_bin/ciqsamp_pplintel/wrds_ticker_trial.parquet,wrds_ticker_trial.parquet,_recycle_bin/ciqsamp_pplintel,,1015563,2026-07-02T11:15:00.302000+00:00,908ed8daf352826257d5350ee2244dc0,STANDARD
quantt-historical-market-data,_recycle_bin/ciqsamp_ratings/ratings_ids.parquet,ratings_ids.parquet,_recycle_bin/ciqsamp_ratings,,4756091,2026-07-02T11:15:00.732000+00:00,8d5a4ee1514310f7e9b63acc598ed5e1,STANDARD
quantt-historical-market-data,_recycle_bin/ciqsamp_ratings/ratings_ids_trial.parquet,ratings_ids_trial.parquet,_recycle_bin/ciqsamp_ratings,,336391,2026-07-02T11:15:01.140000+00:00,2ad20b10ac5ee3e0fe5f1355af8fc89c,STANDARD
quantt-historical-market-data,_recycle_bin/ciqsamp_ratings/wrds_eassessment.parquet,wrds_eassessment.parquet,_recycle_bin/ciqsamp_ratings,,18602,2026-07-02T11:15:01.445000+00:00,ba6a16d9a03dc515a737dcc8c042cb13,STANDARD
quantt-historical-market-data,_recycle_bin/ciqsamp_ratings/wrds_entity_info.parquet,wrds_entity_info.parquet,_recycle_bin/ciqsamp_ratings,,13280,2026-07-02T11:15:01.739000+00:00,ffb56ad7a81ed7e0dfe7798fbb253c47,STANDARD
quantt-historical-market-data,_recycle_bin/ciqsamp_ratings/wrds_entity_info_trial.parquet,wrds_entity_info_trial.parquet,_recycle_bin/ciqsamp_ratings,,10494,2026-07-02T11:15:02.034000+00:00,dda08fc5723610d62ec0eb5d6111f1c8,STANDARD
quantt-historical-market-data,_recycle_bin/ciqsamp_ratings/wrds_erating.parquet,wrds_erating.parquet,_recycle_bin/ciqsamp_ratings,,11490,2026-07-02T11:15:02.319000+00:00,510d051b004dcdf6c258cbf15319949e,STANDARD
quantt-historical-market-data,_recycle_bin/ciqsamp_ratings/wrds_erating_trial.parquet,wrds_erating_trial.parquet,_recycle_bin/ciqsamp_ratings,,56651,2026-07-02T11:15:02.632000+00:00,556f3c7ee9df79e11795a88aed5abbef,STANDARD
quantt-historical-market-data,_recycle_bin/ciqsamp_ratings/wrds_inst_info.parquet,wrds_inst_info.parquet,_recycle_bin/ciqsamp_ratings,,3831301,2026-07-02T11:15:03.151000+00:00,12f7a44210f6538c488dbf537173313a,STANDARD
quantt-historical-market-data,_recycle_bin/ciqsamp_ratings/wrds_inst_info_trial.parquet,wrds_inst_info_trial.parquet,_recycle_bin/ciqsamp_ratings,,733035,2026-07-02T11:15:03.472000+00:00,f953165599ec524cb03970ca4dd4b77b,STANDARD
quantt-historical-market-data,_recycle_bin/ciqsamp_ratings/wrds_irating.parquet,wrds_irating.parquet,_recycle_bin/ciqsamp_ratings,,46276,2026-07-02T11:15:03.744000+00:00,22a34f94009bc34223c0cb050ff52ae2,STANDARD
quantt-historical-market-data,_recycle_bin/ciqsamp_ratings/wrds_irating_trial.parquet,wrds_irating_trial.parquet,_recycle_bin/ciqsamp_ratings,,247997,2026-07-02T11:15:04.039000+00:00,58dd6cf2dca75c04a73ed83e69dc726c,STANDARD
quantt-historical-market-data,_recycle_bin/ciqsamp_ratings/wrds_sassessment.parquet,wrds_sassessment.parquet,_recycle_bin/ciqsamp_ratings,,32334,2026-07-02T11:15:04.344000+00:00,05783956c00691538ea12100154bf9e7,STANDARD
quantt-historical-market-data,_recycle_bin/ciqsamp_ratings/wrds_sassessment_trial.parquet,wrds_sassessment_trial.parquet,_recycle_bin/ciqsamp_ratings,,170810,2026-07-02T11:15:04.629000+00:00,da241d262ddd24ca760cb0fe8f216b4b,STANDARD
quantt-historical-market-data,_recycle_bin/ciqsamp_ratings/wrds_sec_info.parquet,wrds_sec_info.parquet,_recycle_bin/ciqsamp_ratings,,151826,2026-07-02T11:15:04.952000+00:00,42602e0ac2f0b9a39fde40339b10c967,STANDARD
quantt-historical-market-data,_recycle_bin/ciqsamp_ratings/wrds_sec_info_trial.parquet,wrds_sec_info_trial.parquet,_recycle_bin/ciqsamp_ratings,,958417,2026-07-02T11:15:05.257000+00:00,0a14edc534f6db49e26dbcf15d10be6b,STANDARD
quantt-historical-market-data,_recycle_bin/ciqsamp_ratings/wrds_srating.parquet,wrds_srating.parquet,_recycle_bin/ciqsamp_ratings,,2092359,2026-07-02T11:15:05.975000+00:00,422cda8033bdf14c2ed57e104cfed16a,STANDARD
quantt-historical-market-data,_recycle_bin/ciqsamp_ratings/wrds_srating_trial.parquet,wrds_srating_trial.parquet,_recycle_bin/ciqsamp_ratings,,2547442,2026-07-02T11:15:06.414000+00:00,789d44fedc1e291ade3d9ac28ee271af,STANDARD
quantt-historical-market-data,_recycle_bin/ciqsamp_transactions/wrds_consideration_financials.parquet,wrds_consideration_financials.parquet,_recycle_bin/ciqsamp_transactions,,38277,2026-07-02T11:15:06.758000+00:00,23aee4a4a437a21f964868f075837b83,STANDARD
quantt-historical-market-data,_recycle_bin/ciqsamp_transactions/wrds_offerings.parquet,wrds_offerings.parquet,_recycle_bin/ciqsamp_transactions,,333303,2026-07-02T11:15:07.063000+00:00,45344e308c8d2feb31a384dde029adaa,STANDARD
quantt-historical-market-data,_recycle_bin/ciqsamp_transactions/wrds_offerings_advisors.parquet,wrds_offerings_advisors.parquet,_recycle_bin/ciqsamp_transactions,,112710,2026-07-02T11:15:07.389000+00:00,915ca4bac27502a8d6a2cc2e47f42135,STANDARD
quantt-historical-market-data,_recycle_bin/ciqsamp_transactions/wrds_offerings_feat.parquet,wrds_offerings_feat.parquet,_recycle_bin/ciqsamp_transactions,,50515,2026-07-02T11:15:07.671000+00:00,0ee70b0cbbe908f2d96c45f4d0ad340d,STANDARD
quantt-historical-market-data,_recycle_bin/ciqsamp_transactions/wrds_offerings_proceeds.parquet,wrds_offerings_proceeds.parquet,_recycle_bin/ciqsamp_transactions,,44390,2026-07-02T11:15:07.980000+00:00,822d4f277fc506245020c4c5665ca450,STANDARD
quantt-historical-market-data,_recycle_bin/ciqsamp_transactions/wrds_offerings_registration.parquet,wrds_offerings_registration.parquet,_recycle_bin/ciqsamp_transactions,,162380,2026-07-02T11:15:08.291000+00:00,45d41be5f7abf13626d9489942bd4f7e,STANDARD
quantt-historical-market-data,_recycle_bin/ciqsamp_transactions/wrds_offerings_rel.parquet,wrds_offerings_rel.parquet,_recycle_bin/ciqsamp_transactions,,46782,2026-07-02T11:15:08.607000+00:00,343e7448fc2786f8aa985969b3f471a7,STANDARD
quantt-historical-market-data,_recycle_bin/ciqsamp_transactions/wrds_trans_advisors.parquet,wrds_trans_advisors.parquet,_recycle_bin/ciqsamp_transactions,,23347,2026-07-02T11:15:08.913000+00:00,ef77a8906262314f692c377a06293e46,STANDARD
quantt-historical-market-data,_recycle_bin/ciqsamp_transactions/wrds_trans_conditions.parquet,wrds_trans_conditions.parquet,_recycle_bin/ciqsamp_transactions,,9337,2026-07-02T11:15:09.241000+00:00,3fbc81eb6c437ee4735323a257bc6d36,STANDARD
quantt-historical-market-data,_recycle_bin/ciqsamp_transactions/wrds_trans_considerations.parquet,wrds_trans_considerations.parquet,_recycle_bin/ciqsamp_transactions,,31127,2026-07-02T11:15:09.562000+00:00,ea8db8329e4d3b36b3cfa7ffc4e8637c,STANDARD
quantt-historical-market-data,_recycle_bin/ciqsamp_transactions/wrds_trans_features.parquet,wrds_trans_features.parquet,_recycle_bin/ciqsamp_transactions,,26704,2026-07-02T11:15:09.903000+00:00,b45c5c08fafb71c0f6456713b79648cc,STANDARD
quantt-historical-market-data,_recycle_bin/ciqsamp_transactions/wrds_transactions.parquet,wrds_transactions.parquet,_recycle_bin/ciqsamp_transactions,,578880,2026-07-02T11:15:10.261000+00:00,b07bde0f1e7a15b6afd05f5c56e988ab,STANDARD
quantt-historical-market-data,_recycle_bin/ciqsamp_transcripts/wrds_transcript_detail.parquet,wrds_transcript_detail.parquet,_recycle_bin/ciqsamp_transcripts,,8017,2026-07-02T11:15:10.577000+00:00,bc1cbc86c0f4ee8f653dc202aab2d99c,STANDARD
quantt-historical-market-data,_recycle_bin/ciqsamp_transcripts/wrds_transcript_person.parquet,wrds_transcript_person.parquet,_recycle_bin/ciqsamp_transcripts,,206255,2026-07-02T11:15:10.915000+00:00,5815b03b77da6a912550f967a5311edf,STANDARD
quantt-historical-market-data,_recycle_bin/compsamp_all/company.parquet,company.parquet,_recycle_bin/compsamp_all,,17472,2026-07-02T11:15:11.195000+00:00,ee52dc567f4725c9f37b6a3a3f6de9bd,STANDARD
quantt-historical-market-data,_recycle_bin/compsamp_all/compsamp.parquet,compsamp.parquet,_recycle_bin/compsamp_all,,1429980,2026-07-02T11:15:11.618000+00:00,6e16385bfe46186f6a454588301098f5,STANDARD
quantt-historical-market-data,_recycle_bin/compsamp_all/funda.parquet,funda.parquet,_recycle_bin/compsamp_all,,1217184,2026-07-02T11:15:11.989000+00:00,291fa3b39debcdaea6d82a3c29fe29fe,STANDARD
quantt-historical-market-data,_recycle_bin/compsamp_all/funda_fncd.parquet,funda_fncd.parquet,_recycle_bin/compsamp_all,,225113,2026-07-02T11:15:12.348000+00:00,0bc21f3b96dd0dc9367cfe254bc53ef8,STANDARD
quantt-historical-market-data,_recycle_bin/compsamp_all/fundq.parquet,fundq.parquet,_recycle_bin/compsamp_all,,2206708,2026-07-02T11:15:12.778000+00:00,b1a87e0a3ad66f3e7c21a6dfcfb24bd8,STANDARD
quantt-historical-market-data,_recycle_bin/compsamp_all/fundq_fncd.parquet,fundq_fncd.parquet,_recycle_bin/compsamp_all,,246828,2026-07-02T11:15:13.130000+00:00,6590a54159564233d218e92d83f63f9d,STANDARD
quantt-historical-market-data,_recycle_bin/compsamp_all/names.parquet,names.parquet,_recycle_bin/compsamp_all,,4941,2026-07-02T11:15:13.437000+00:00,1f505734329802799c6e2a5c9001876a,STANDARD
quantt-historical-market-data,_recycle_bin/compsamp_all/namesq.parquet,namesq.parquet,_recycle_bin/compsamp_all,,4932,2026-07-02T11:15:13.752000+00:00,23ded94edda96e2bf91f7fce168f61fe,STANDARD
quantt-historical-market-data,_recycle_bin/compsamp_all/secd.parquet,secd.parquet,_recycle_bin/compsamp_all,,2474092,2026-07-02T11:15:14.167000+00:00,c2f9241685d7c9bc1a02990ce909ce02,STANDARD
quantt-historical-market-data,_recycle_bin/compsamp_all/secm.parquet,secm.parquet,_recycle_bin/compsamp_all,,300083,2026-07-02T11:15:14.470000+00:00,9fe1c0d078ce4ef26183a27c7195631a,STANDARD
quantt-historical-market-data,_recycle_bin/compsamp_all/wrds_segmerged.parquet,wrds_segmerged.parquet,_recycle_bin/compsamp_all,,62366,2026-07-02T11:15:14.758000+00:00,604e26c241e79b74111900eba192252c,STANDARD
quantt-historical-market-data,_recycle_bin/compsamp_computext/computext_global.parquet,computext_global.parquet,_recycle_bin/compsamp_computext,,52332573,2026-07-02T11:15:16.807000+00:00,fd4202c2a4fc81727e210bb3a42717a7,STANDARD
quantt-historical-market-data,_recycle_bin/compsamp_computext/computext_us.parquet,computext_us.parquet,_recycle_bin/compsamp_computext,,167562991,2026-07-02T11:15:22.641000+00:00,5ffb4ed3423efe0043ac6493700e4b74,STANDARD
quantt-historical-market-data,_recycle_bin/compsamp_snapshot/wrds_cs_names.parquet,wrds_cs_names.parquet,_recycle_bin/compsamp_snapshot,,374295,2026-07-02T11:15:22.987000+00:00,5f50ceee4e8d44c8e4df21acbad2ae7d,STANDARD
quantt-historical-market-data,_recycle_bin/compsamp_snapshot/wrds_csa_pit.parquet,wrds_csa_pit.parquet,_recycle_bin/compsamp_snapshot,,58899349,2026-07-02T11:15:25.138000+00:00,e378cc46f7644e3d4c8b64dd0f0fc860,STANDARD
quantt-historical-market-data,_recycle_bin/compsamp_snapshot/wrds_csa_pit_sorted.parquet,wrds_csa_pit_sorted.parquet,_recycle_bin/compsamp_snapshot,,53762324,2026-07-02T11:15:27.336000+00:00,677db020c48b6f0395234d1ca6f4fff5,STANDARD
quantt-historical-market-data,_recycle_bin/compsamp_snapshot/wrds_csa_restated.parquet,wrds_csa_restated.parquet,_recycle_bin/compsamp_snapshot,,23321730,2026-07-02T11:15:28.462000+00:00,060db91983db2d0856b22b5167cb2f3d,STANDARD
quantt-historical-market-data,_recycle_bin/compsamp_snapshot/wrds_csa_unrestated.parquet,wrds_csa_unrestated.parquet,_recycle_bin/compsamp_snapshot,,23114106,2026-07-02T11:15:29.587000+00:00,dbe66d67084e1a2b03335cf89eaeaa30,STANDARD
quantt-historical-market-data,_recycle_bin/compsamp_snapshot/wrds_csq_pit.parquet,wrds_csq_pit.parquet,_recycle_bin/compsamp_snapshot,,155075577,2026-07-02T11:15:34.225000+00:00,6b5a8272ec03da8b94e923dbab298d71,STANDARD
quantt-historical-market-data,_recycle_bin/compsamp_snapshot/wrds_csq_pit_sorted.parquet,wrds_csq_pit_sorted.parquet,_recycle_bin/compsamp_snapshot,,134201523,2026-07-02T11:15:38.974000+00:00,ced6d750c84203dc94543f87858e51bd,STANDARD
quantt-historical-market-data,_recycle_bin/compsamp_snapshot/wrds_csq_restated.parquet,wrds_csq_restated.parquet,_recycle_bin/compsamp_snapshot,,49030457,2026-07-02T11:15:40.929000+00:00,47a46d18c3951231dc247fe5a1266541,STANDARD
quantt-historical-market-data,_recycle_bin/compsamp_snapshot/wrds_csq_unrestated.parquet,wrds_csq_unrestated.parquet,_recycle_bin/compsamp_snapshot,,49113215,2026-07-02T11:15:43.513000+00:00,a3a0c8c5f64b141f7deb714178162396,STANDARD
quantt-historical-market-data,_recycle_bin/crspsamp_all/ccmlinktable_trial.parquet,ccmlinktable_trial.parquet,_recycle_bin/crspsamp_all,,4154,2026-07-02T11:15:43.843000+00:00,650b8540a3f6adcf92bad73b703fbe84,STANDARD
quantt-historical-market-data,_recycle_bin/crspsamp_all/ccmnames_trial.parquet,ccmnames_trial.parquet,_recycle_bin/crspsamp_all,,18329,2026-07-02T11:15:44.134000+00:00,a2b3d3e3519084e2a3ac481391dfb61a,STANDARD
quantt-historical-market-data,_recycle_bin/crspsamp_all/ccmxpf_lnkhist.parquet,ccmxpf_lnkhist.parquet,_recycle_bin/crspsamp_all,,3730,2026-07-02T11:15:44.429000+00:00,4d91840525f2f63d16dffd79c3a44e19,STANDARD
quantt-historical-market-data,_recycle_bin/crspsamp_all/comphead.parquet,comphead.parquet,_recycle_bin/crspsamp_all,,17563,2026-07-02T11:15:44.720000+00:00,04038db9d7397f78086ccbea56cf73e2,STANDARD
quantt-historical-market-data,_recycle_bin/crspsamp_all/crspdsf.parquet,crspdsf.parquet,_recycle_bin/crspsamp_all,,5647806,2026-07-02T11:15:45.241000+00:00,5c9fb477c034501ffa97d9819fb689b7,STANDARD
quantt-historical-market-data,_recycle_bin/crspsamp_all/crspmsf.parquet,crspmsf.parquet,_recycle_bin/crspsamp_all,,397655,2026-07-02T11:15:45.534000+00:00,5b08acf75823ddf3b2bc3b06a0cb8733,STANDARD
quantt-historical-market-data,_recycle_bin/crspsamp_all/dsenames_trial.parquet,dsenames_trial.parquet,_recycle_bin/crspsamp_all,,9625,2026-07-02T11:15:45.828000+00:00,e3dbc26637728622123aca24585431b5,STANDARD
quantt-historical-market-data,_recycle_bin/crspsamp_all/dsf_v2.parquet,dsf_v2.parquet,_recycle_bin/crspsamp_all,,11458663,2026-07-02T11:15:46.679000+00:00,4d66f03f897c5a6fae0a9b96446d8496,STANDARD
quantt-historical-market-data,_recycle_bin/crspsamp_all/dsftrial.parquet,dsftrial.parquet,_recycle_bin/crspsamp_all,,5911681,2026-07-02T11:15:47.297000+00:00,f748511fdd44f713752ad5e5151a98ec,STANDARD
quantt-historical-market-data,_recycle_bin/crspsamp_all/inddlyseriesdata.parquet,inddlyseriesdata.parquet,_recycle_bin/crspsamp_all,,174534,2026-07-02T11:15:47.692000+00:00,779ac08405ef2809c7cf249ed676eebd,STANDARD
quantt-historical-market-data,_recycle_bin/crspsamp_all/indfamilyinfohdr.parquet,indfamilyinfohdr.parquet,_recycle_bin/crspsamp_all,,7038,2026-07-02T11:15:48.082000+00:00,337d93be2992dc338a786c78341d95ef,STANDARD
quantt-historical-market-data,_recycle_bin/crspsamp_all/indmthseriesdata.parquet,indmthseriesdata.parquet,_recycle_bin/crspsamp_all,,12624,2026-07-02T11:15:48.476000+00:00,b5fe56fcc55c9a91a7c3f973076d3cfe,STANDARD
quantt-historical-market-data,_recycle_bin/crspsamp_all/indseriesinfohdr.parquet,indseriesinfohdr.parquet,_recycle_bin/crspsamp_all,,4054,2026-07-02T11:15:48.769000+00:00,cf59ea8eb0ad14c5335c00cb5d65bbd4,STANDARD
quantt-historical-market-data,_recycle_bin/crspsamp_all/metacalendarperiod.parquet,metacalendarperiod.parquet,_recycle_bin/crspsamp_all,,1651367,2026-07-02T11:15:49.257000+00:00,9c06c8e67e0a3828093101cec3a7a0a8,STANDARD
quantt-historical-market-data,_recycle_bin/crspsamp_all/metacolumncoverage.parquet,metacolumncoverage.parquet,_recycle_bin/crspsamp_all,,9201,2026-07-02T11:15:49.603000+00:00,b0f76af6e1a4ce6f53c4a8067c3d0451,STANDARD
quantt-historical-market-data,_recycle_bin/crspsamp_all/metacolumninfo.parquet,metacolumninfo.parquet,_recycle_bin/crspsamp_all,,17451,2026-07-02T11:15:49.996000+00:00,05ed4a7c7fd514f7956a325454b487fa,STANDARD
quantt-historical-market-data,_recycle_bin/crspsamp_all/metaexchangecalendar.parquet,metaexchangecalendar.parquet,_recycle_bin/crspsamp_all,,232204,2026-07-02T11:15:50.320000+00:00,917b7b265da5f2e6db4d3ca15eaaac3b,STANDARD
quantt-historical-market-data,_recycle_bin/crspsamp_all/metafileinfo.parquet,metafileinfo.parquet,_recycle_bin/crspsamp_all,,11558,2026-07-02T11:15:50.615000+00:00,5a9b283b7cc4b26cfa69d1b4bee9d3c8,STANDARD
quantt-historical-market-data,_recycle_bin/crspsamp_all/metaflagcoverage.parquet,metaflagcoverage.parquet,_recycle_bin/crspsamp_all,,51958,2026-07-02T11:15:50.960000+00:00,15513d24813d7b414a402d93d33aee8a,STANDARD
quantt-historical-market-data,_recycle_bin/crspsamp_all/metaflaginfo.parquet,metaflaginfo.parquet,_recycle_bin/crspsamp_all,,48456,2026-07-02T11:15:51.270000+00:00,83f7537a8a429e8cc575f354ea3f4ca0,STANDARD
quantt-historical-market-data,_recycle_bin/crspsamp_all/metaflagtype.parquet,metaflagtype.parquet,_recycle_bin/crspsamp_all,,11232,2026-07-02T11:15:51.573000+00:00,ec059cee398f0b8dd091641eab270203,STANDARD
quantt-historical-market-data,_recycle_bin/crspsamp_all/metaiteminfo.parquet,metaiteminfo.parquet,_recycle_bin/crspsamp_all,,25721,2026-07-02T11:15:51.920000+00:00,d443c7a7e0791c1478cb6c9ba335a53b,STANDARD
quantt-historical-market-data,_recycle_bin/crspsamp_all/metasiztociz.parquet,metasiztociz.parquet,_recycle_bin/crspsamp_all,,24446,2026-07-02T11:15:52.227000+00:00,defc2d5e9d4544fea086b9020d47dfe5,STANDARD
quantt-historical-market-data,_recycle_bin/crspsamp_all/msf_v2.parquet,msf_v2.parquet,_recycle_bin/crspsamp_all,,633035,2026-07-02T11:15:52.571000+00:00,1f831f70fe03b9a00bf2d29ca1cbc4d7,STANDARD
quantt-historical-market-data,_recycle_bin/crspsamp_all/msftrial.parquet,msftrial.parquet,_recycle_bin/crspsamp_all,,472468,2026-07-02T11:15:52.897000+00:00,55f54127cdbcaf15b4ce84e05c6cbcc0,STANDARD
quantt-historical-market-data,_recycle_bin/crspsamp_all/stkannsecuritydata.parquet,stkannsecuritydata.parquet,_recycle_bin/crspsamp_all,,67668,2026-07-02T11:15:53.223000+00:00,9cb0ca45867a10a1bf2f8a7db8d051d0,STANDARD
quantt-historical-market-data,_recycle_bin/crspsamp_all/stkdelists.parquet,stkdelists.parquet,_recycle_bin/crspsamp_all,,6467,2026-07-02T11:15:53.524000+00:00,c2ea76541dcb10ae516109bd7a58f7a8,STANDARD
quantt-historical-market-data,_recycle_bin/crspsamp_all/stkdistributions.parquet,stkdistributions.parquet,_recycle_bin/crspsamp_all,,75758,2026-07-02T11:15:53.810000+00:00,6df1258e1f1e6285d29164feb1089774,STANDARD
quantt-historical-market-data,_recycle_bin/crspsamp_all/stkdlycumulativeadjfactor.parquet,stkdlycumulativeadjfactor.parquet,_recycle_bin/crspsamp_all,,598466,2026-07-02T11:15:54.123000+00:00,2d55ffb307abe47eb5a04eb070e0640f,STANDARD
quantt-historical-market-data,_recycle_bin/crspsamp_all/stkdlysecuritydata.parquet,stkdlysecuritydata.parquet,_recycle_bin/crspsamp_all,,11396686,2026-07-02T11:15:55.240000+00:00,380361590f5d01c3b70f35b63b0de1ea,STANDARD
quantt-historical-market-data,_recycle_bin/crspsamp_all/stkdlysecurityprimarydata.parquet,stkdlysecurityprimarydata.parquet,_recycle_bin/crspsamp_all,,4400957,2026-07-02T11:15:55.846000+00:00,8c610fc653ed3abd9c213d5f0a59fd48,STANDARD
quantt-historical-market-data,_recycle_bin/crspsamp_all/stkissuerinfohdr.parquet,stkissuerinfohdr.parquet,_recycle_bin/crspsamp_all,,6299,2026-07-02T11:15:56.141000+00:00,77d099075debe050abc75b91059c8a86,STANDARD
quantt-historical-market-data,_recycle_bin/crspsamp_all/stkissuerinfohist.parquet,stkissuerinfohist.parquet,_recycle_bin/crspsamp_all,,8779,2026-07-02T11:15:56.483000+00:00,ff4147137436eef73e075c0c2b61d5f1,STANDARD
quantt-historical-market-data,_recycle_bin/crspsamp_all/stkmthcumulativeadjfactor.parquet,stkmthcumulativeadjfactor.parquet,_recycle_bin/crspsamp_all,,43420,2026-07-02T11:15:56.795000+00:00,41f49d8d3a25ca362e21cf28eac6a1c7,STANDARD
quantt-historical-market-data,_recycle_bin/crspsamp_all/stkmthsecuritydata.parquet,stkmthsecuritydata.parquet,_recycle_bin/crspsamp_all,,609347,2026-07-02T11:15:57.211000+00:00,bb1c7e575feec2990736aa8df6c95199,STANDARD
quantt-historical-market-data,_recycle_bin/crspsamp_all/stkqtrsecuritydata.parquet,stkqtrsecuritydata.parquet,_recycle_bin/crspsamp_all,,217066,2026-07-02T11:15:57.525000+00:00,3a3bbd921b2cd4fd6967380e3927ed23,STANDARD
quantt-historical-market-data,_recycle_bin/crspsamp_all/stksecurityinfohdr.parquet,stksecurityinfohdr.parquet,_recycle_bin/crspsamp_all,,12896,2026-07-02T11:15:57.816000+00:00,08254acf37c47603d559ff013f9a8a60,STANDARD
quantt-historical-market-data,_recycle_bin/crspsamp_all/stksecurityinfohist.parquet,stksecurityinfohist.parquet,_recycle_bin/crspsamp_all,,17315,2026-07-02T11:15:58.104000+00:00,4893c7ef8a7c8c9e05d0d6ecfe0653ca,STANDARD
quantt-historical-market-data,_recycle_bin/crspsamp_all/stkshares.parquet,stkshares.parquet,_recycle_bin/crspsamp_all,,42999,2026-07-02T11:15:58.413000+00:00,63added8d4b9917f91a0f6089dfa809b,STANDARD
quantt-historical-market-data,_recycle_bin/crspsamp_all/stocknames_v2.parquet,stocknames_v2.parquet,_recycle_bin/crspsamp_all,,10501,2026-07-02T11:15:58.735000+00:00,38852e2308ab046fbd12375700f0c001,STANDARD
quantt-historical-market-data,_recycle_bin/crspsamp_all/wrds_dsfv2_query.parquet,wrds_dsfv2_query.parquet,_recycle_bin/crspsamp_all,,11940484,2026-07-02T11:15:59.415000+00:00,7f037fe199976b95f6b28fde95cf4412,STANDARD
quantt-historical-market-data,_recycle_bin/crspsamp_all/wrds_msfv2_query.parquet,wrds_msfv2_query.parquet,_recycle_bin/crspsamp_all,,776602,2026-07-02T11:15:59.836000+00:00,5b6f65b51d57e6cef0ca5cb3a1f8d26d,STANDARD
quantt-historical-market-data,_recycle_bin/crspsamp_all/wrds_names_query.parquet,wrds_names_query.parquet,_recycle_bin/crspsamp_all,,11722,2026-07-02T11:16:00.126000+00:00,a8ee8fd0d1196f2e67485f967e7b82f2,STANDARD
quantt-historical-market-data,_recycle_bin/crspsamp_mf/contact_info.parquet,contact_info.parquet,_recycle_bin/crspsamp_mf,,249258,2026-07-02T11:16:00.458000+00:00,fee2b1699715d8807908592ffd69bb1d,STANDARD
quantt-historical-market-data,_recycle_bin/crspsamp_mf/daily_nav_ret.parquet,daily_nav_ret.parquet,_recycle_bin/crspsamp_mf,,90348587,2026-07-02T11:16:03.573000+00:00,45874c590aab48b30787a1e3ab00e310,STANDARD
quantt-historical-market-data,_recycle_bin/crspsamp_mf/dividends.parquet,dividends.parquet,_recycle_bin/crspsamp_mf,,3346142,2026-07-02T11:16:04.189000+00:00,aed50efc11bfcf4a56c99333dc17c987,STANDARD
quantt-historical-market-data,_recycle_bin/crspsamp_mf/front_load.parquet,front_load.parquet,_recycle_bin/crspsamp_mf,,69397,2026-07-02T11:16:04.511000+00:00,9220cd2fc6e8093a298ccb1d51708850,STANDARD
quantt-historical-market-data,_recycle_bin/crspsamp_mf/front_load_grp.parquet,front_load_grp.parquet,_recycle_bin/crspsamp_mf,,39137,2026-07-02T11:16:04.820000+00:00,0698798ac9c69533adeccdd43b518e92,STANDARD
quantt-historical-market-data,_recycle_bin/crspsamp_mf/fund_fees.parquet,fund_fees.parquet,_recycle_bin/crspsamp_mf,,644847,2026-07-02T11:16:05.187000+00:00,ba2924b0fb571f026e77588a8514cd0d,STANDARD
quantt-historical-market-data,_recycle_bin/crspsamp_mf/fund_hdr_hist.parquet,fund_hdr_hist.parquet,_recycle_bin/crspsamp_mf,,1459152,2026-07-02T11:16:05.638000+00:00,11985b52b67d2799c95289db81eec92e,STANDARD
quantt-historical-market-data,_recycle_bin/crspsamp_mf/fund_names.parquet,fund_names.parquet,_recycle_bin/crspsamp_mf,,1888111,2026-07-02T11:16:06.232000+00:00,d7c246215f529ba021578c05d2168814,STANDARD
quantt-historical-market-data,_recycle_bin/crspsamp_mf/fund_style.parquet,fund_style.parquet,_recycle_bin/crspsamp_mf,,123063,2026-07-02T11:16:06.537000+00:00,d59fd308baa982ff1f5c0ce48670a86d,STANDARD
quantt-historical-market-data,_recycle_bin/crspsamp_mf/fund_summary.parquet,fund_summary.parquet,_recycle_bin/crspsamp_mf,,5903222,2026-07-02T11:16:07.074000+00:00,4a7dfd94d7400f90434654e581b83c3f,STANDARD
quantt-historical-market-data,_recycle_bin/crspsamp_mf/fund_summary2.parquet,fund_summary2.parquet,_recycle_bin/crspsamp_mf,,10559661,2026-07-02T11:16:07.646000+00:00,9795cbbff7b5ef9e20662fe221045be3,STANDARD
quantt-historical-market-data,_recycle_bin/crspsamp_mf/holdings.parquet,holdings.parquet,_recycle_bin/crspsamp_mf,,96977206,2026-07-02T11:16:11.275000+00:00,3801cd1950b2eff647af15ec3da759d5,STANDARD
quantt-historical-market-data,_recycle_bin/crspsamp_mf/monthly_tna_ret_nav.parquet,monthly_tna_ret_nav.parquet,_recycle_bin/crspsamp_mf,,9031650,2026-07-02T11:16:12.282000+00:00,45cfd888765813c1eb641e368d0aedad,STANDARD
quantt-historical-market-data,_recycle_bin/crspsamp_mf/portnomap.parquet,portnomap.parquet,_recycle_bin/crspsamp_mf,,206587,2026-07-02T11:16:12.595000+00:00,af9c216740c7a35992b4d2297eb72104,STANDARD
quantt-historical-market-data,_recycle_bin/crspsamp_mf/rear_load.parquet,rear_load.parquet,_recycle_bin/crspsamp_mf,,198632,2026-07-02T11:16:12.919000+00:00,2ee69b1943d8d33f690643af80be1c12,STANDARD
quantt-historical-market-data,_recycle_bin/crspsamp_mf/rear_load_grp.parquet,rear_load_grp.parquet,_recycle_bin/crspsamp_mf,,109967,2026-07-02T11:16:13.239000+00:00,502a928706a8da6382ff578b617c887e,STANDARD
quantt-historical-market-data,_recycle_bin/csmsamp_all/combas.parquet,combas.parquet,_recycle_bin/csmsamp_all,,401472,2026-07-02T11:16:13.549000+00:00,01329aafbc7f88dd3aea92dac546547d,STANDARD
quantt-historical-market-data,_recycle_bin/csmsamp_all/csmar_t_co.parquet,csmar_t_co.parquet,_recycle_bin/csmsamp_all,,10031,2026-07-02T11:16:13.856000+00:00,d630fd1267b172b8df0178d859f0365a,STANDARD
quantt-historical-market-data,_recycle_bin/csmsamp_all/csmar_t_dalyr.parquet,csmar_t_dalyr.parquet,_recycle_bin/csmsamp_all,,3330372,2026-07-02T11:16:14.509000+00:00,34666f5f1ed9d1f24b1e2e070d7b707e,STANDARD
quantt-historical-market-data,_recycle_bin/csmsamp_all/csmar_t_mnth.parquet,csmar_t_mnth.parquet,_recycle_bin/csmsamp_all,,167995,2026-07-02T11:16:14.832000+00:00,0d61b689340814742211016797dd6445,STANDARD
quantt-historical-market-data,_recycle_bin/csmsamp_all/fund_maininfo.parquet,fund_maininfo.parquet,_recycle_bin/csmsamp_all,,13721,2026-07-02T11:16:15.126000+00:00,ac5ffaabc23fa5e3712054dc4eb77f9b,STANDARD
quantt-historical-market-data,_recycle_bin/csmsamp_all/wrds_ipo_basics.parquet,wrds_ipo_basics.parquet,_recycle_bin/csmsamp_all,,45098,2026-07-02T11:16:15.412000+00:00,df7cd8ab4c26ed77c74b4c791386f964,STANDARD
quantt-historical-market-data,_recycle_bin/csmsamp_all/wrds_stk_ma_trading.parquet,wrds_stk_ma_trading.parquet,_recycle_bin/csmsamp_all,,32026,2026-07-02T11:16:15.693000+00:00,7573c6aeb1ac2ee5d2dc3ae39c71182e,STANDARD
quantt-historical-market-data,_recycle_bin/etfg_samp/analytics.parquet,analytics.parquet,_recycle_bin/etfg_samp,,29197,2026-07-02T11:16:16.166000+00:00,482a0a05fbfc8e5774860e8682eb18eb,STANDARD
quantt-historical-market-data,_recycle_bin/etfg_samp/constituents.parquet,constituents.parquet,_recycle_bin/etfg_samp,,2435365,2026-07-02T11:16:16.684000+00:00,7592da07e98cb051c27bddf40eccccf5,STANDARD
quantt-historical-market-data,_recycle_bin/etfg_samp/fund_flow.parquet,fund_flow.parquet,_recycle_bin/etfg_samp,,7846,2026-07-02T11:16:16.963000+00:00,6d4f296fcaf544b98bc5be32db928a6d,STANDARD
quantt-historical-market-data,_recycle_bin/etfg_samp/industry.parquet,industry.parquet,_recycle_bin/etfg_samp,,176497,2026-07-02T11:16:17.327000+00:00,7871bdca0860d8b1893d7413ba9d1ff5,STANDARD
quantt-historical-market-data,_recycle_bin/factsamp_all/funds.parquet,funds.parquet,_recycle_bin/factsamp_all,,20280,2026-07-02T11:16:17.602000+00:00,47ded3c5631004d1f177b9e8b0cbd3a0,STANDARD
quantt-historical-market-data,_recycle_bin/factsamp_all/monthly_prices_final_int.parquet,monthly_prices_final_int.parquet,_recycle_bin/factsamp_all,,296293,2026-07-02T11:16:17.899000+00:00,63de9ec47fbd1bdb13d42586c246d7fb,STANDARD
quantt-historical-market-data,_recycle_bin/factsamp_all/monthly_prices_final_int_sample.parquet,monthly_prices_final_int_sample.parquet,_recycle_bin/factsamp_all,,296293,2026-07-02T11:16:18.210000+00:00,63de9ec47fbd1bdb13d42586c246d7fb,STANDARD
quantt-historical-market-data,_recycle_bin/factsamp_all/monthly_prices_final_usc.parquet,monthly_prices_final_usc.parquet,_recycle_bin/factsamp_all,,566776,2026-07-02T11:16:18.546000+00:00,90af25c424af18e303e50e7a014d5300,STANDARD
quantt-historical-market-data,_recycle_bin/factsamp_all/monthly_prices_final_usc_sample.parquet,monthly_prices_final_usc_sample.parquet,_recycle_bin/factsamp_all,,566776,2026-07-02T11:16:18.899000+00:00,90af25c424af18e303e50e7a014d5300,STANDARD
quantt-historical-market-data,_recycle_bin/factsamp_all/wrds_fund_af_int.parquet,wrds_fund_af_int.parquet,_recycle_bin/factsamp_all,,3535425,2026-07-02T11:16:19.416000+00:00,2b1223479298e2882f8efa0a15965e4b,STANDARD
quantt-historical-market-data,_recycle_bin/factsamp_all/wrds_fund_af_int_sample.parquet,wrds_fund_af_int_sample.parquet,_recycle_bin/factsamp_all,,3535425,2026-07-02T11:16:19.997000+00:00,2b1223479298e2882f8efa0a15965e4b,STANDARD
quantt-historical-market-data,_recycle_bin/factsamp_all/wrds_fund_af_usc.parquet,wrds_fund_af_usc.parquet,_recycle_bin/factsamp_all,,4079231,2026-07-02T11:16:20.811000+00:00,704001dd1545b3f041cb87961b7749ad,STANDARD
quantt-historical-market-data,_recycle_bin/factsamp_all/wrds_fund_af_usc_sample.parquet,wrds_fund_af_usc_sample.parquet,_recycle_bin/factsamp_all,,4079231,2026-07-02T11:16:21.688000+00:00,704001dd1545b3f041cb87961b7749ad,STANDARD
quantt-historical-market-data,_recycle_bin/factsamp_all/wrds_fund_ltm_int.parquet,wrds_fund_ltm_int.parquet,_recycle_bin/factsamp_all,,928718,2026-07-02T11:16:22.031000+00:00,bed6942abf7aaaea149d3b4439c3f259,STANDARD
quantt-historical-market-data,_recycle_bin/factsamp_all/wrds_fund_ltm_int_sample.parquet,wrds_fund_ltm_int_sample.parquet,_recycle_bin/factsamp_all,,928718,2026-07-02T11:16:22.371000+00:00,bed6942abf7aaaea149d3b4439c3f259,STANDARD
quantt-historical-market-data,_recycle_bin/factsamp_all/wrds_fund_ltm_usc.parquet,wrds_fund_ltm_usc.parquet,_recycle_bin/factsamp_all,,1492905,2026-07-02T11:16:22.829000+00:00,c9034ef427c5084c73e2211493214704,STANDARD
quantt-historical-market-data,_recycle_bin/factsamp_all/wrds_fund_ltm_usc_sample.parquet,wrds_fund_ltm_usc_sample.parquet,_recycle_bin/factsamp_all,,1492905,2026-07-02T11:16:23.257000+00:00,c9034ef427c5084c73e2211493214704,STANDARD
quantt-historical-market-data,_recycle_bin/factsamp_all/wrds_fund_qf_int.parquet,wrds_fund_qf_int.parquet,_recycle_bin/factsamp_all,,3282689,2026-07-02T11:16:23.729000+00:00,fd6ed06342ed315ed582bffe382c7a50,STANDARD
quantt-historical-market-data,_recycle_bin/factsamp_all/wrds_fund_qf_int_sample.parquet,wrds_fund_qf_int_sample.parquet,_recycle_bin/factsamp_all,,3282689,2026-07-02T11:16:24.192000+00:00,fd6ed06342ed315ed582bffe382c7a50,STANDARD
quantt-historical-market-data,_recycle_bin/factsamp_all/wrds_fund_qf_usc.parquet,wrds_fund_qf_usc.parquet,_recycle_bin/factsamp_all,,5479783,2026-07-02T11:16:25.068000+00:00,320581b8cf6fc765ff814f4de70e8c4b,STANDARD
quantt-historical-market-data,_recycle_bin/factsamp_all/wrds_fund_qf_usc_sample.parquet,wrds_fund_qf_usc_sample.parquet,_recycle_bin/factsamp_all,,5479783,2026-07-02T11:16:25.591000+00:00,320581b8cf6fc765ff814f4de70e8c4b,STANDARD
quantt-historical-market-data,_recycle_bin/factsamp_all/wrds_fund_r_af_int.parquet,wrds_fund_r_af_int.parquet,_recycle_bin/factsamp_all,,306819,2026-07-02T11:16:26.074000+00:00,740f4aa46ce142c25a0051b835189139,STANDARD
quantt-historical-market-data,_recycle_bin/factsamp_all/wrds_fund_r_af_int_sample.parquet,wrds_fund_r_af_int_sample.parquet,_recycle_bin/factsamp_all,,306819,2026-07-02T11:16:26.405000+00:00,740f4aa46ce142c25a0051b835189139,STANDARD
quantt-historical-market-data,_recycle_bin/factsamp_all/wrds_fund_r_af_usc.parquet,wrds_fund_r_af_usc.parquet,_recycle_bin/factsamp_all,,390471,2026-07-02T11:16:26.699000+00:00,063e97bf53a59e083af7e3f0dbaa6180,STANDARD
quantt-historical-market-data,_recycle_bin/factsamp_all/wrds_fund_r_af_usc_sample.parquet,wrds_fund_r_af_usc_sample.parquet,_recycle_bin/factsamp_all,,390471,2026-07-02T11:16:27.014000+00:00,063e97bf53a59e083af7e3f0dbaa6180,STANDARD
quantt-historical-market-data,_recycle_bin/factsamp_all/wrds_fund_saf_int.parquet,wrds_fund_saf_int.parquet,_recycle_bin/factsamp_all,,162294,2026-07-02T11:16:27.284000+00:00,eb3e9ec4aa10f8e4d61e1ebc7f7ba138,STANDARD
quantt-historical-market-data,_recycle_bin/factsamp_all/wrds_fund_saf_int_sample.parquet,wrds_fund_saf_int_sample.parquet,_recycle_bin/factsamp_all,,162294,2026-07-02T11:16:27.598000+00:00,eb3e9ec4aa10f8e4d61e1ebc7f7ba138,STANDARD
quantt-historical-market-data,_recycle_bin/factsamp_all/wrds_fund_saf_usc.parquet,wrds_fund_saf_usc.parquet,_recycle_bin/factsamp_all,,137479,2026-07-02T11:16:27.903000+00:00,54d9dc0ef61eee2e9baa892710fe830f,STANDARD
quantt-historical-market-data,_recycle_bin/factsamp_all/wrds_fund_saf_usc_sample.parquet,wrds_fund_saf_usc_sample.parquet,_recycle_bin/factsamp_all,,137479,2026-07-02T11:16:28.236000+00:00,54d9dc0ef61eee2e9baa892710fe830f,STANDARD
quantt-historical-market-data,_recycle_bin/factsamp_all/wrds_institutions.parquet,wrds_institutions.parquet,_recycle_bin/factsamp_all,,4820,2026-07-02T11:16:28.526000+00:00,9aec40864865a201654287de953cac22,STANDARD
quantt-historical-market-data,_recycle_bin/factsamp_all/wrds_unadj_13f_holdings_hist.parquet,wrds_unadj_13f_holdings_hist.parquet,_recycle_bin/factsamp_all,,3800487,2026-07-02T11:16:29.155000+00:00,1acb78e2818c2755d2935320f6afbf90,STANDARD
quantt-historical-market-data,_recycle_bin/factsamp_all/wrds_unadj_fund_holdings_hist.parquet,wrds_unadj_fund_holdings_hist.parquet,_recycle_bin/factsamp_all,,2774828,2026-07-02T11:16:29.653000+00:00,4bee34f3ef2bbfe43c5a96aec05f2975,STANDARD
quantt-historical-market-data,_recycle_bin/factsamp_revere/wrds_company.parquet,wrds_company.parquet,_recycle_bin/factsamp_revere,,18225,2026-07-02T11:16:29.951000+00:00,376187dbdffa718e4539f83a7510726c,STANDARD
quantt-historical-market-data,_recycle_bin/factsamp_revere/wrds_company_hist.parquet,wrds_company_hist.parquet,_recycle_bin/factsamp_revere,,34218,2026-07-02T11:16:30.224000+00:00,f19985380faf71bf4fd00863908b4d17,STANDARD
quantt-historical-market-data,_recycle_bin/factsamp_revere/wrds_company_segrev_detail.parquet,wrds_company_segrev_detail.parquet,_recycle_bin/factsamp_revere,,86413,2026-07-02T11:16:30.523000+00:00,cc45d0d5170ab39fbf3b10750e9884e2,STANDARD
quantt-historical-market-data,_recycle_bin/factsamp_revere/wrds_company_segrev_report.parquet,wrds_company_segrev_report.parquet,_recycle_bin/factsamp_revere,,16052,2026-07-02T11:16:30.819000+00:00,92a1ba34587302194af0f9fc4dd1eb6c,STANDARD
quantt-historical-market-data,_recycle_bin/factsamp_revere/wrds_company_segrev_summary.parquet,wrds_company_segrev_summary.parquet,_recycle_bin/factsamp_revere,,160249,2026-07-02T11:16:31.107000+00:00,7b42493e7aecc98341366eaa7f05fe25,STANDARD
quantt-historical-market-data,_recycle_bin/factsamp_revere/wrds_geo_exp.parquet,wrds_geo_exp.parquet,_recycle_bin/factsamp_revere,,1237015,2026-07-02T11:16:31.518000+00:00,419d986060f5f5d7eaa02efd587fa916,STANDARD
quantt-historical-market-data,_recycle_bin/factsamp_revere/wrds_geo_exp_all.parquet,wrds_geo_exp_all.parquet,_recycle_bin/factsamp_revere,,12537660,2026-07-02T11:16:32.407000+00:00,3dd6efbabd3926c3cc608b07a0a41e5d,STANDARD
quantt-historical-market-data,_recycle_bin/factsamp_revere/wrds_product_merged.parquet,wrds_product_merged.parquet,_recycle_bin/factsamp_revere,,587636,2026-07-02T11:16:32.710000+00:00,4a83b2da50db1290e104ba722658a845,STANDARD
quantt-historical-market-data,_recycle_bin/factsamp_revere/wrds_product_sector.parquet,wrds_product_sector.parquet,_recycle_bin/factsamp_revere,,4487328,2026-07-02T11:16:33.256000+00:00,629c44ff82fa23e3e4a74ccfc86f30d6,STANDARD
quantt-historical-market-data,_recycle_bin/factsamp_revere/wrds_relationship.parquet,wrds_relationship.parquet,_recycle_bin/factsamp_revere,,996850,2026-07-02T11:16:33.656000+00:00,cef9f09aca739dca7da05bf18f5daa4e,STANDARD
quantt-historical-market-data,_recycle_bin/factsamp_revere/wrds_sector.parquet,wrds_sector.parquet,_recycle_bin/factsamp_revere,,3398082,2026-07-02T11:16:34.153000+00:00,d32aedcca80f6489a8acb28fbf60def0,STANDARD
quantt-historical-market-data,_recycle_bin/fisdsamp_all/fisd_issue_samp.parquet,fisd_issue_samp.parquet,_recycle_bin/fisdsamp_all,,21795,2026-07-02T11:16:34.476000+00:00,dfd05f636ce5f4e7611dbc591a2561dd,STANDARD
quantt-historical-market-data,_recycle_bin/fisdsamp_all/fisd_issuer_samp.parquet,fisd_issuer_samp.parquet,_recycle_bin/fisdsamp_all,,3374,2026-07-02T11:16:34.764000+00:00,48c6105b2e7f6618bdd9cef6c1cb7184,STANDARD
quantt-historical-market-data,_recycle_bin/fisdsamp_all/fisd_mergedissue_samp.parquet,fisd_mergedissue_samp.parquet,_recycle_bin/fisdsamp_all,,68281,2026-07-02T11:16:35.051000+00:00,ca4ffadc84c132db19554d0ed336886a,STANDARD
quantt-historical-market-data,_recycle_bin/fisdsamp_all/fisd_mergedissuer_samp.parquet,fisd_mergedissuer_samp.parquet,_recycle_bin/fisdsamp_all,,8378,2026-07-02T11:16:35.328000+00:00,1080773ed7fa019514f03f52a91dabeb,STANDARD
quantt-historical-market-data,_recycle_bin/fisdsamp_all/fisd_mergedredemption_samp.parquet,fisd_mergedredemption_samp.parquet,_recycle_bin/fisdsamp_all,,8743,2026-07-02T11:16:35.617000+00:00,2c33d7a00af2008dc601122beb3e830f,STANDARD
quantt-historical-market-data,_recycle_bin/fisdsamp_all/fisd_ratings_samp.parquet,fisd_ratings_samp.parquet,_recycle_bin/fisdsamp_all,,4816,2026-07-02T11:16:36.107000+00:00,2a949be2edf0ad12ce0ab2598b019316,STANDARD
quantt-historical-market-data,_recycle_bin/fisdsamp_all/fisd_tsales_samp.parquet,fisd_tsales_samp.parquet,_recycle_bin/fisdsamp_all,,4726847,2026-07-02T11:16:36.695000+00:00,2f6bddc1cbc34233d518eafc87b05c28,STANDARD
quantt-historical-market-data,_recycle_bin/fisdsamp_all/issue_issuer_samp.parquet,issue_issuer_samp.parquet,_recycle_bin/fisdsamp_all,,40719,2026-07-02T11:16:36.989000+00:00,fc1643e5150ad8671aa467904917b2f7,STANDARD
quantt-historical-market-data,_recycle_bin/fisdsamp_all/naic_bond_transactions_samp.parquet,naic_bond_transactions_samp.parquet,_recycle_bin/fisdsamp_all,,143908,2026-07-02T11:16:37.280000+00:00,b9ea41cdc38988bc3dba9b55bf30e7f8,STANDARD
quantt-historical-market-data,_recycle_bin/ftsesamp_russell_us/ctr_monthly_us.parquet,ctr_monthly_us.parquet,_recycle_bin/ftsesamp_russell_us,,210131,2026-07-02T11:16:37.576000+00:00,c80dd9652736169cf0db51c14fd08e5d,STANDARD
quantt-historical-market-data,_recycle_bin/ftsesamp_russell_us/idx_holdings_us.parquet,idx_holdings_us.parquet,_recycle_bin/ftsesamp_russell_us,,1067330,2026-07-02T11:16:37.911000+00:00,b589babeaa932757a1bc9f1dd6c7be5f,STANDARD
quantt-historical-market-data,_recycle_bin/ftsesamp_russell_us/rgs_sw_us.parquet,rgs_sw_us.parquet,_recycle_bin/ftsesamp_russell_us,,244105,2026-07-02T11:16:38.203000+00:00,fa5fe8c85919c15763cb78d816fa5c89,STANDARD
quantt-historical-market-data,_recycle_bin/hfrsamp_hfrdb/asset.parquet,asset.parquet,_recycle_bin/hfrsamp_hfrdb,,25469,2026-07-02T11:16:38.514000+00:00,2b63faa5a41f086d7b8cf5209df58741,STANDARD
quantt-historical-market-data,_recycle_bin/hfrsamp_hfrdb/fund.parquet,fund.parquet,_recycle_bin/hfrsamp_hfrdb,,34340,2026-07-02T11:16:38.796000+00:00,bf6055bc255645d8dc763edcca67050c,STANDARD
quantt-historical-market-data,_recycle_bin/hfrsamp_hfrdb/hfri_const.parquet,hfri_const.parquet,_recycle_bin/hfrsamp_hfrdb,,2075,2026-07-02T11:16:39.145000+00:00,c488fbd570c44f18915245178e997348,STANDARD
quantt-historical-market-data,_recycle_bin/hfrsamp_hfrdb/hfrx_const.parquet,hfrx_const.parquet,_recycle_bin/hfrsamp_hfrdb,,2115,2026-07-02T11:16:39.468000+00:00,5e8ef5dc84520106121701f48ed2ac87,STANDARD
quantt-historical-market-data,_recycle_bin/hfrsamp_hfrdb/instrument.parquet,instrument.parquet,_recycle_bin/hfrsamp_hfrdb,,9605,2026-07-02T11:16:39.752000+00:00,70c86a9c082f6abf323bde4c11535fd3,STANDARD
quantt-historical-market-data,_recycle_bin/hfrsamp_hfrdb/region.parquet,region.parquet,_recycle_bin/hfrsamp_hfrdb,,8247,2026-07-02T11:16:40.049000+00:00,68bce6ca958906c600c522e252081905,STANDARD
quantt-historical-market-data,_recycle_bin/hfrsamp_hfrdb/ror.parquet,ror.parquet,_recycle_bin/hfrsamp_hfrdb,,47919,2026-07-02T11:16:40.328000+00:00,071315d7977bf8f9b0a76c7ffc87e285,STANDARD
quantt-historical-market-data,_recycle_bin/ibessamp_kpi/act_kpiint.parquet,act_kpiint.parquet,_recycle_bin/ibessamp_kpi,,31002,2026-07-02T11:16:40.628000+00:00,0be8fd1a3e4116e971149305bf79a183,STANDARD
quantt-historical-market-data,_recycle_bin/ibessamp_kpi/act_kpius.parquet,act_kpius.parquet,_recycle_bin/ibessamp_kpi,,354193,2026-07-02T11:16:40.943000+00:00,eb56910ee803d7c521282bb5dc4003db,STANDARD
quantt-historical-market-data,_recycle_bin/ibessamp_kpi/companies.parquet,companies.parquet,_recycle_bin/ibessamp_kpi,,9293,2026-07-02T11:16:41.219000+00:00,d39546a6c68d5e8e0c1343d9994ac436,STANDARD
quantt-historical-market-data,_recycle_bin/ibessamp_kpi/det_kpiint.parquet,det_kpiint.parquet,_recycle_bin/ibessamp_kpi,,204826,2026-07-02T11:16:41.545000+00:00,a373ad8b4572d967de3ce90485f289a1,STANDARD
quantt-historical-market-data,_recycle_bin/ibessamp_kpi/det_kpius.parquet,det_kpius.parquet,_recycle_bin/ibessamp_kpi,,5257142,2026-07-02T11:16:42.036000+00:00,7f20bc1ac42b937a507609d094a61063,STANDARD
quantt-historical-market-data,_recycle_bin/ibessamp_kpi/measures.parquet,measures.parquet,_recycle_bin/ibessamp_kpi,,9692,2026-07-02T11:16:42.312000+00:00,f559d510a1fe24ea956e5edc85d231f6,STANDARD
quantt-historical-market-data,_recycle_bin/ibessamp_kpi/statsum_kpiint.parquet,statsum_kpiint.parquet,_recycle_bin/ibessamp_kpi,,190159,2026-07-02T11:16:42.593000+00:00,9d2b88018c53e964eb9a7a0408e9dcaf,STANDARD
quantt-historical-market-data,_recycle_bin/ibessamp_kpi/statsum_kpius.parquet,statsum_kpius.parquet,_recycle_bin/ibessamp_kpi,,4534643,2026-07-02T11:16:43.262000+00:00,4aa5846e106ae6d6047ce90366b69e8c,STANDARD
quantt-historical-market-data,_recycle_bin/infogroupsamp_business/abi_ticker_map.parquet,abi_ticker_map.parquet,_recycle_bin/infogroupsamp_business,,229349,2026-07-02T11:16:43.590000+00:00,5cec162108335ab7b7c12e7e1f304f15,STANDARD
quantt-historical-market-data,_recycle_bin/infogroupsamp_business/business.parquet,business.parquet,_recycle_bin/infogroupsamp_business,,97772,2026-07-02T11:16:43.885000+00:00,c471f79d2b24c53bf3db4eed5a340d0b,STANDARD
quantt-historical-market-data,_recycle_bin/infogroupsamp_residential/residential.parquet,residential.parquet,_recycle_bin/infogroupsamp_residential,,26996,2026-07-02T11:16:44.196000+00:00,be1ded9eb52c37727d65123e01c38d69,STANDARD
quantt-historical-market-data,_recycle_bin/infraclear_samp/contract_organization_sample.parquet,contract_organization_sample.parquet,_recycle_bin/infraclear_samp,,9879,2026-07-02T11:16:44.610000+00:00,f041c6bffffd8899912aab5e47a82ee5,STANDARD
quantt-historical-market-data,_recycle_bin/infraclear_samp/contract_sample.parquet,contract_sample.parquet,_recycle_bin/infraclear_samp,,39050,2026-07-02T11:16:44.905000+00:00,a6e8ace467693fdee2ed59715b284ecb,STANDARD
quantt-historical-market-data,_recycle_bin/infraclear_samp/key_values_sample.parquet,key_values_sample.parquet,_recycle_bin/infraclear_samp,,878239,2026-07-02T11:16:45.285000+00:00,1e6b2b0902236370a1449b6bc8d1dd97,STANDARD
quantt-historical-market-data,_recycle_bin/infraclear_samp/organization_sample.parquet,organization_sample.parquet,_recycle_bin/infraclear_samp,,90617,2026-07-02T11:16:45.635000+00:00,69860c2bb65b1e968a3846c36f818410,STANDARD
quantt-historical-market-data,_recycle_bin/infraclear_samp/project_sample.parquet,project_sample.parquet,_recycle_bin/infraclear_samp,,200181,2026-07-02T11:16:46.027000+00:00,d7f28104e4cdbc41c513ef24bb119de1,STANDARD
quantt-historical-market-data,_recycle_bin/morningstarsamp_cisdm/active_fund_info.parquet,active_fund_info.parquet,_recycle_bin/morningstarsamp_cisdm,,61953,2026-07-02T11:16:46.317000+00:00,e9ffd2848a7641d87e27b0877a62ce9a,STANDARD
quantt-historical-market-data,_recycle_bin/morningstarsamp_cisdm/active_returns_assets.parquet,active_returns_assets.parquet,_recycle_bin/morningstarsamp_cisdm,,48622,2026-07-02T11:16:46.594000+00:00,786a38122652da5def4c0e55594aa534,STANDARD
quantt-historical-market-data,_recycle_bin/mpsych_sample/sample.parquet,sample.parquet,_recycle_bin/mpsych_sample,,17633223,2026-07-02T11:16:47.781000+00:00,182824133a28f51675c2d0f45db819c6,STANDARD
quantt-historical-market-data,_recycle_bin/mrktsamp_cds/cds2011.parquet,cds2011.parquet,_recycle_bin/mrktsamp_cds,,4408969,2026-07-02T11:16:48.336000+00:00,2657aef1a1f65fb278413db8216bd42d,STANDARD
quantt-historical-market-data,_recycle_bin/mrktsamp_cdx/cdxcomps.parquet,cdxcomps.parquet,_recycle_bin/mrktsamp_cdx,,44085,2026-07-02T11:16:48.612000+00:00,1ede91659f9de8406abb1ea906340953,STANDARD
quantt-historical-market-data,_recycle_bin/mrktsamp_cdx/cdxconst.parquet,cdxconst.parquet,_recycle_bin/mrktsamp_cdx,,50798,2026-07-02T11:16:48.940000+00:00,fd1ee871aca423f643e4bdf7b8cce492,STANDARD
quantt-historical-market-data,_recycle_bin/mrktsamp_msf/amereqty2011.parquet,amereqty2011.parquet,_recycle_bin/mrktsamp_msf,,2411984,2026-07-02T11:16:49.363000+00:00,2254b1cb9da418e01cc804a8b5abb7ef,STANDARD
quantt-historical-market-data,_recycle_bin/mrktsamp_msf/amereqtyi2011.parquet,amereqtyi2011.parquet,_recycle_bin/mrktsamp_msf,,2979858,2026-07-02T11:16:50.086000+00:00,543173acdc9299c6a887706a0dd8dc82,STANDARD
quantt-historical-market-data,_recycle_bin/mrktsamp_msf/corpbond2011.parquet,corpbond2011.parquet,_recycle_bin/mrktsamp_msf,,7603532,2026-07-02T11:16:50.778000+00:00,2ed4f088eb291c35f9a5088ee4435fe8,STANDARD
quantt-historical-market-data,_recycle_bin/mrktsamp_msf/corporatebonds2011.parquet,corporatebonds2011.parquet,_recycle_bin/mrktsamp_msf,,9285131,2026-07-02T11:16:51.490000+00:00,fc2b81b38deddca56e5d2e02981bb68e,STANDARD
quantt-historical-market-data,_recycle_bin/msci_climate_samp/capex.parquet,capex.parquet,_recycle_bin/msci_climate_samp,,9133,2026-07-02T11:16:51.769000+00:00,1b4ff2d32321c1fcd4ebaf8af04dd17d,STANDARD
quantt-historical-market-data,_recycle_bin/msci_climate_samp/carbon_emiss_n_ener_use.parquet,carbon_emiss_n_ener_use.parquet,_recycle_bin/msci_climate_samp,,40104,2026-07-02T11:16:52.124000+00:00,2be0f295708cfc221d356a6a9b796ac5,STANDARD
quantt-historical-market-data,_recycle_bin/msci_climate_samp/carbon_emiss_scope_3_est.parquet,carbon_emiss_scope_3_est.parquet,_recycle_bin/msci_climate_samp,,46477,2026-07-02T11:16:52.403000+00:00,c8d6d730aac3b7c164907a7ad536665b,STANDARD
quantt-historical-market-data,_recycle_bin/msci_climate_samp/climate_change_targ_n_commit.parquet,climate_change_targ_n_commit.parquet,_recycle_bin/msci_climate_samp,,22037,2026-07-02T11:16:52.687000+00:00,a764f80960dfa2409aa006b356419585,STANDARD
quantt-historical-market-data,_recycle_bin/msci_climate_samp/climate_change_targ_n_commit_sum.parquet,climate_change_targ_n_commit_sum.parquet,_recycle_bin/msci_climate_samp,,14965,2026-07-02T11:16:52.971000+00:00,739cc5189efb539e695fcaf5027fbaa1,STANDARD
quantt-historical-market-data,_recycle_bin/msci_climate_samp/country_climate_change_data.parquet,country_climate_change_data.parquet,_recycle_bin/msci_climate_samp,,32531,2026-07-02T11:16:53.265000+00:00,738575acee784d7ce7b847e8e8bb316d,STANDARD
quantt-historical-market-data,_recycle_bin/msci_climate_samp/country_climate_change_data_ts.parquet,country_climate_change_data_ts.parquet,_recycle_bin/msci_climate_samp,,17902,2026-07-02T11:16:53.532000+00:00,fe0c85a243581c100722c2fdc37878bc,STANDARD
quantt-historical-market-data,_recycle_bin/msci_climate_samp/emissions_intensity_ts.parquet,emissions_intensity_ts.parquet,_recycle_bin/msci_climate_samp,,40760,2026-07-02T11:16:53.843000+00:00,02d3b473a637ddce1e5b632a6ccd37ba,STANDARD
quantt-historical-market-data,_recycle_bin/msci_climate_samp/environmental_impact_revenue.parquet,environmental_impact_revenue.parquet,_recycle_bin/msci_climate_samp,,28071,2026-07-02T11:16:54.201000+00:00,4915ec154b861d616e58784b57fc3111,STANDARD
quantt-historical-market-data,_recycle_bin/msci_climate_samp/fossil_fuel_prod_n_res.parquet,fossil_fuel_prod_n_res.parquet,_recycle_bin/msci_climate_samp,,49580,2026-07-02T11:16:54.492000+00:00,508c23f27874fe4f073fabb290deb138,STANDARD
quantt-historical-market-data,_recycle_bin/msci_climate_samp/low_carbon_patents.parquet,low_carbon_patents.parquet,_recycle_bin/msci_climate_samp,,17620,2026-07-02T11:16:54.770000+00:00,c6e54f0de728f2e5a18f794e59dd2138,STANDARD
quantt-historical-market-data,_recycle_bin/msci_climate_samp/low_carbon_transition_scores.parquet,low_carbon_transition_scores.parquet,_recycle_bin/msci_climate_samp,,2692,2026-07-02T11:16:55.050000+00:00,3b4c25ab87f533be12ec2c8923ad37d8,STANDARD
quantt-historical-market-data,_recycle_bin/msci_climate_samp/power_generation_n_capacity.parquet,power_generation_n_capacity.parquet,_recycle_bin/msci_climate_samp,,7523,2026-07-02T11:16:55.332000+00:00,0f2ff5d70e8b9e7c6d06363cf014c680,STANDARD
quantt-historical-market-data,_recycle_bin/msci_climate_samp/prod_based_emiss_intensities.parquet,prod_based_emiss_intensities.parquet,_recycle_bin/msci_climate_samp,,18170,2026-07-02T11:16:55.695000+00:00,078ac77bbfeeeaaffc836fee6efbbf68,STANDARD
quantt-historical-market-data,_recycle_bin/msci_climate_samp/prod_based_emiss_intensities_ts.parquet,prod_based_emiss_intensities_ts.parquet,_recycle_bin/msci_climate_samp,,20303,2026-07-02T11:16:56.005000+00:00,b0d425e7eca3f41f8d3ac76480ca07df,STANDARD
quantt-historical-market-data,_recycle_bin/msci_climate_samp/supplemental_carbon_emissions.parquet,supplemental_carbon_emissions.parquet,_recycle_bin/msci_climate_samp,,10397,2026-07-02T11:16:56.278000+00:00,dd426dbe1b64926adf6ff0edf7e35e08,STANDARD
quantt-historical-market-data,_recycle_bin/msci_esg_samp/agm_data.parquet,agm_data.parquet,_recycle_bin/msci_esg_samp,,10297,2026-07-02T11:16:56.553000+00:00,6c76ff9c4f70a8d0c2bf7ab1d1240b3d,STANDARD
quantt-historical-market-data,_recycle_bin/msci_esg_samp/comp_env_qual_inds.parquet,comp_env_qual_inds.parquet,_recycle_bin/msci_esg_samp,,44379,2026-07-02T11:16:56.867000+00:00,1dde660994b851ae7d24c7492a859aa4,STANDARD
quantt-historical-market-data,_recycle_bin/msci_esg_samp/comp_soc_n_corp_beh_qual_inds.parquet,comp_soc_n_corp_beh_qual_inds.parquet,_recycle_bin/msci_esg_samp,,66135,2026-07-02T11:16:57.170000+00:00,af6d1e91d25454235ad3932b6cc5ffce,STANDARD
quantt-historical-market-data,_recycle_bin/msci_esg_samp/controversies.parquet,controversies.parquet,_recycle_bin/msci_esg_samp,,43694,2026-07-02T11:16:57.547000+00:00,2e0c199e5947e4ab3b75580cc0ce03ae,STANDARD
quantt-historical-market-data,_recycle_bin/msci_esg_samp/derived_esg_metrics.parquet,derived_esg_metrics.parquet,_recycle_bin/msci_esg_samp,,68525,2026-07-02T11:16:57.832000+00:00,dbf3b103abc69dfee1598808f8d28105,STANDARD
quantt-historical-market-data,_recycle_bin/msci_esg_samp/drill_down.parquet,drill_down.parquet,_recycle_bin/msci_esg_samp,,143026,2026-07-02T11:16:58.133000+00:00,1eff5957aaf546258e1859f2c3b97106,STANDARD
quantt-historical-market-data,_recycle_bin/msci_esg_samp/governance_data.parquet,governance_data.parquet,_recycle_bin/msci_esg_samp,,34995,2026-07-02T11:16:58.476000+00:00,03af0cff5c6fcb094337c5863bee5d2f,STANDARD
quantt-historical-market-data,_recycle_bin/msci_esg_samp/msci_esg_ratings.parquet,msci_esg_ratings.parquet,_recycle_bin/msci_esg_samp,,282069,2026-07-02T11:16:58.799000+00:00,0e4f7dcd296bb72d3893e3d16eff79ac,STANDARD
quantt-historical-market-data,_recycle_bin/msci_esg_samp/nat_cap_n_pol.parquet,nat_cap_n_pol.parquet,_recycle_bin/msci_esg_samp,,16546,2026-07-02T11:16:59.096000+00:00,2858d172a4d3f91ae81f3287c6d9d99d,STANDARD
quantt-historical-market-data,_recycle_bin/msci_esg_samp/soc_n_corp_beh.parquet,soc_n_corp_beh.parquet,_recycle_bin/msci_esg_samp,,3365,2026-07-02T11:16:59.387000+00:00,e5b5d2a6dfa9fea4ea1cb9d052b53075,STANDARD
quantt-historical-market-data,_recycle_bin/msci_esg_samp/summary_scores.parquet,summary_scores.parquet,_recycle_bin/msci_esg_samp,,87806,2026-07-02T11:16:59.686000+00:00,8aed70d226cc5eed6c4d210a1362d3c9,STANDARD
quantt-historical-market-data,_recycle_bin/msci_esg_samp/workforce_and_diversity.parquet,workforce_and_diversity.parquet,_recycle_bin/msci_esg_samp,,39500,2026-07-02T11:17:00.096000+00:00,f8911a7f731427bf770b087ac8131837,STANDARD
quantt-historical-market-data,_recycle_bin/msrbsamp_all/msrb_trial.parquet,msrb_trial.parquet,_recycle_bin/msrbsamp_all,,3610584,2026-07-02T11:17:00.705000+00:00,89150a3d8f69f5bc40ce741b3c6a5da4,STANDARD
quantt-historical-market-data,_recycle_bin/optionmsamp_europe/distribution.parquet,distribution.parquet,_recycle_bin/optionmsamp_europe,,3424,2026-07-02T11:17:01.167000+00:00,c12e729d8676a344d5024ee790333638,STANDARD
quantt-historical-market-data,_recycle_bin/optionmsamp_europe/historical_volatility.parquet,historical_volatility.parquet,_recycle_bin/optionmsamp_europe,,3061,2026-07-02T11:17:01.475000+00:00,630653b4798f3f137c059107c5bef785,STANDARD
quantt-historical-market-data,_recycle_bin/optionmsamp_europe/option_history.parquet,option_history.parquet,_recycle_bin/optionmsamp_europe,,73157,2026-07-02T11:17:01.797000+00:00,d5019be718b3cec2a545a5c026fedf2f,STANDARD
quantt-historical-market-data,_recycle_bin/optionmsamp_europe/option_price_2013.parquet,option_price_2013.parquet,_recycle_bin/optionmsamp_europe,,196204,2026-07-02T11:17:02.232000+00:00,e1dbb2ed41cfab92ac8a9aa092ee9fc2,STANDARD
quantt-historical-market-data,_recycle_bin/optionmsamp_europe/optionmeurnames.parquet,optionmeurnames.parquet,_recycle_bin/optionmsamp_europe,,60833,2026-07-02T11:17:02.517000+00:00,e631c3a1673ecb910b6341dbf31a6aa4,STANDARD
quantt-historical-market-data,_recycle_bin/optionmsamp_europe/security_name.parquet,security_name.parquet,_recycle_bin/optionmsamp_europe,,1829,2026-07-02T11:17:02.799000+00:00,7c4a702976af70b17a536829e1addf2d,STANDARD
quantt-historical-market-data,_recycle_bin/optionmsamp_europe/security_price.parquet,security_price.parquet,_recycle_bin/optionmsamp_europe,,6412,2026-07-02T11:17:03.072000+00:00,1d53be79c805926c43fc40ba6b5de717,STANDARD
quantt-historical-market-data,_recycle_bin/optionmsamp_europe/std_option_price_2013.parquet,std_option_price_2013.parquet,_recycle_bin/optionmsamp_europe,,18102,2026-07-02T11:17:03.365000+00:00,c6601ffda4196840dffbb2230e7d07b0,STANDARD
quantt-historical-market-data,_recycle_bin/optionmsamp_europe/tick_option_price_2013.parquet,tick_option_price_2013.parquet,_recycle_bin/optionmsamp_europe,,268450,2026-07-02T11:17:03.680000+00:00,693cf4ce6e82f7d056b4b871d80f2760,STANDARD
quantt-historical-market-data,_recycle_bin/optionmsamp_europe/tick_std_option_price_2013.parquet,tick_std_option_price_2013.parquet,_recycle_bin/optionmsamp_europe,,18102,2026-07-02T11:17:03.976000+00:00,8341a2aa1fd2ff1286e1bcc560513ffa,STANDARD
quantt-historical-market-data,_recycle_bin/optionmsamp_europe/tick_volatility_surface_2013.parquet,tick_volatility_surface_2013.parquet,_recycle_bin/optionmsamp_europe,,86424,2026-07-02T11:17:04.250000+00:00,26da50b0bfaff53456c452fd2e863e8a,STANDARD
quantt-historical-market-data,_recycle_bin/optionmsamp_europe/volatility_surface_2013.parquet,volatility_surface_2013.parquet,_recycle_bin/optionmsamp_europe,,85154,2026-07-02T11:17:04.528000+00:00,9e579a768492d7392d4ad02e8f26a270,STANDARD
quantt-historical-market-data,_recycle_bin/optionmsamp_us/distrd.parquet,distrd.parquet,_recycle_bin/optionmsamp_us,,4441,2026-07-02T11:17:04.806000+00:00,cfbc531cbce54077c610086a51c02d8a,STANDARD
quantt-historical-market-data,_recycle_bin/optionmsamp_us/exchgd.parquet,exchgd.parquet,_recycle_bin/optionmsamp_us,,1936,2026-07-02T11:17:05.098000+00:00,043039d246b9aa8cd206d74c5ecdfec7,STANDARD
quantt-historical-market-data,_recycle_bin/optionmsamp_us/hvold2014.parquet,hvold2014.parquet,_recycle_bin/optionmsamp_us,,2641,2026-07-02T11:17:05.379000+00:00,e7dd16d9ff2a784cbc8d922d1d09f53c,STANDARD
quantt-historical-market-data,_recycle_bin/optionmsamp_us/opinfd.parquet,opinfd.parquet,_recycle_bin/optionmsamp_us,,1182,2026-07-02T11:17:05.677000+00:00,bcce992acd2419e1a5aa7638f5f46371,STANDARD
quantt-historical-market-data,_recycle_bin/optionmsamp_us/opprcd2014.parquet,opprcd2014.parquet,_recycle_bin/optionmsamp_us,,1265505,2026-07-02T11:17:06.186000+00:00,fe9920dc6e0da04be1f3c05af49293cc,STANDARD
quantt-historical-market-data,_recycle_bin/optionmsamp_us/opvold.parquet,opvold.parquet,_recycle_bin/optionmsamp_us,,2004,2026-07-02T11:17:06.469000+00:00,4a3e8a4075c992408d9b50f9e04de1e6,STANDARD
quantt-historical-market-data,_recycle_bin/optionmsamp_us/secnmd.parquet,secnmd.parquet,_recycle_bin/optionmsamp_us,,2182,2026-07-02T11:17:06.867000+00:00,46bc7bec1a1fc0f073d2fd8253f61768,STANDARD
quantt-historical-market-data,_recycle_bin/optionmsamp_us/secprd.parquet,secprd.parquet,_recycle_bin/optionmsamp_us,,3793,2026-07-02T11:17:07.150000+00:00,dd0eee4d5e3ba42d2e05f57d8bcad973,STANDARD
quantt-historical-market-data,_recycle_bin/optionmsamp_us/secprd2014.parquet,secprd2014.parquet,_recycle_bin/optionmsamp_us,,3793,2026-07-02T11:17:07.456000+00:00,dd0eee4d5e3ba42d2e05f57d8bcad973,STANDARD
quantt-historical-market-data,_recycle_bin/optionmsamp_us/securd1.parquet,securd1.parquet,_recycle_bin/optionmsamp_us,,2709,2026-07-02T11:17:07.742000+00:00,4b552b9c3c339fbf4a5b9a5e72894c47,STANDARD
quantt-historical-market-data,_recycle_bin/optionmsamp_us/stdopd2014.parquet,stdopd2014.parquet,_recycle_bin/optionmsamp_us,,15261,2026-07-02T11:17:08.039000+00:00,253064299d5fd3cfa7fba95859730508,STANDARD
quantt-historical-market-data,_recycle_bin/optionmsamp_us/vsurfd2014.parquet,vsurfd2014.parquet,_recycle_bin/optionmsamp_us,,94342,2026-07-02T11:17:08.312000+00:00,3f9ad396cf5481574782eca8e99fffb9,STANDARD
quantt-historical-market-data,_recycle_bin/panjiva_samp/boexport.parquet,boexport.parquet,_recycle_bin/panjiva_samp,,333933,2026-07-02T11:17:08.718000+00:00,73c86c0d1660c4bd05a49864d5f04dd1,STANDARD
quantt-historical-market-data,_recycle_bin/panjiva_samp/boimport.parquet,boimport.parquet,_recycle_bin/panjiva_samp,,11971462,2026-07-02T11:17:09.452000+00:00,0dd17d047e063fce65727ae560e33462,STANDARD
quantt-historical-market-data,_recycle_bin/panjiva_samp/usexport.parquet,usexport.parquet,_recycle_bin/panjiva_samp,,41284099,2026-07-02T11:17:10.984000+00:00,099691cdba58c8cf7123e41dcf2816e5,STANDARD
quantt-historical-market-data,_recycle_bin/panjiva_samp/usimport.parquet,usimport.parquet,_recycle_bin/panjiva_samp,,642523855,2026-07-02T11:17:30.482000+00:00,3587aba3b5240d46467bce64fd7c0410,STANDARD
quantt-historical-market-data,_recycle_bin/preqsamp_all/benchmarks.parquet,benchmarks.parquet,_recycle_bin/preqsamp_all,,8786688,2026-07-02T11:17:31.255000+00:00,9a8d1bd26e6ddb18b708fe747e50af6b,STANDARD
quantt-historical-market-data,_recycle_bin/preqsamp_all/buyoutdealsdetails.parquet,buyoutdealsdetails.parquet,_recycle_bin/preqsamp_all,,44258,2026-07-02T11:17:31.593000+00:00,835f3c8b44293e3673e92b5c86bd5a43,STANDARD
quantt-historical-market-data,_recycle_bin/preqsamp_all/cashflow.parquet,cashflow.parquet,_recycle_bin/preqsamp_all,,5530,2026-07-02T11:17:31.925000+00:00,e5b408003930dabd2290523cd05fee10,STANDARD
quantt-historical-market-data,_recycle_bin/preqsamp_all/funddetails.parquet,funddetails.parquet,_recycle_bin/preqsamp_all,,20780,2026-07-02T11:17:32.202000+00:00,434cf668f1cf4c0b4bf757fb31f5c5cd,STANDARD
quantt-historical-market-data,_recycle_bin/preqsamp_all/fundhistoricperformance.parquet,fundhistoricperformance.parquet,_recycle_bin/preqsamp_all,,5890,2026-07-02T11:17:32.480000+00:00,2e0be426e13aee3adebde96131cb85d6,STANDARD
quantt-historical-market-data,_recycle_bin/preqsamp_all/fundterms.parquet,fundterms.parquet,_recycle_bin/preqsamp_all,,7333,2026-07-02T11:17:32.759000+00:00,571fea7c156d5a564a046a8a2a1add20,STANDARD
quantt-historical-market-data,_recycle_bin/preqsamp_all/investordetails.parquet,investordetails.parquet,_recycle_bin/preqsamp_all,,29528,2026-07-02T11:17:33.031000+00:00,8ae275500cd1e7801549e0edd26a2a2a,STANDARD
quantt-historical-market-data,_recycle_bin/preqsamp_all/investorportfolio.parquet,investorportfolio.parquet,_recycle_bin/preqsamp_all,,2929,2026-07-02T11:17:33.314000+00:00,fe4594c57d6da3142f955575328b0705,STANDARD
quantt-historical-market-data,_recycle_bin/preqsamp_all/managerdetails.parquet,managerdetails.parquet,_recycle_bin/preqsamp_all,,43361,2026-07-02T11:17:33.605000+00:00,02997b420086acf5746d405543da2e54,STANDARD
quantt-historical-market-data,_recycle_bin/preqsamp_all/managerinvestmenttypes.parquet,managerinvestmenttypes.parquet,_recycle_bin/preqsamp_all,,19196,2026-07-02T11:17:33.922000+00:00,5ed2c39f026eafbe7479388d84705db9,STANDARD
quantt-historical-market-data,_recycle_bin/preqsamp_all/venturedealsdetails.parquet,venturedealsdetails.parquet,_recycle_bin/preqsamp_all,,32685,2026-07-02T11:17:34.218000+00:00,9da3b5e919724f9aed4c7aaf11a14ff3,STANDARD
quantt-historical-market-data,_recycle_bin/reprisk_sample/pm_company_identifiers.parquet,pm_company_identifiers.parquet,_recycle_bin/reprisk_sample,,8286,2026-07-02T11:17:34.505000+00:00,d26b9d86a8d49588bba82ba9ca376d46,STANDARD
quantt-historical-market-data,_recycle_bin/reprisk_sample/pm_issue_data.parquet,pm_issue_data.parquet,_recycle_bin/reprisk_sample,,3893,2026-07-02T11:17:34.801000+00:00,e3561925c334eb8770563068ca84535b,STANDARD
quantt-historical-market-data,_recycle_bin/reprisk_sample/pm_location_data.parquet,pm_location_data.parquet,_recycle_bin/reprisk_sample,,3590,2026-07-02T11:17:35.119000+00:00,155a6221c02455a28312b7bceec33212,STANDARD
quantt-historical-market-data,_recycle_bin/reprisk_sample/pm_news_data.parquet,pm_news_data.parquet,_recycle_bin/reprisk_sample,,7789,2026-07-02T11:17:35.409000+00:00,8cd59691e8d39b894c3394fd9fd3aa4e,STANDARD
quantt-historical-market-data,_recycle_bin/reprisk_sample/pm_rri_data.parquet,pm_rri_data.parquet,_recycle_bin/reprisk_sample,,4353,2026-07-02T11:17:35.708000+00:00,739abe95c077ae282faf11af12f8ca2d,STANDARD
quantt-historical-market-data,_recycle_bin/reprisk_sample/pm_tag_data.parquet,pm_tag_data.parquet,_recycle_bin/reprisk_sample,,3394,2026-07-02T11:17:36.022000+00:00,8b94477790c7e7d93a74078afe6698b9,STANDARD
quantt-historical-market-data,_recycle_bin/reprisk_sample/reprisk_company_lookup.parquet,reprisk_company_lookup.parquet,_recycle_bin/reprisk_sample,,2591,2026-07-02T11:17:36.317000+00:00,0d9b2772970d2e06f179069094fc1e5d,STANDARD
quantt-historical-market-data,_recycle_bin/reprisk_sample/v2_company_identifiers.parquet,v2_company_identifiers.parquet,_recycle_bin/reprisk_sample,,18559,2026-07-02T11:17:36.623000+00:00,fe0509aeba4c06ceb3f5527b4fa6ccb6,STANDARD
quantt-historical-market-data,_recycle_bin/reprisk_sample/v2_metrics.parquet,v2_metrics.parquet,_recycle_bin/reprisk_sample,,7706,2026-07-02T11:17:36.943000+00:00,c759813438c509fae7f4295086127cf9,STANDARD
quantt-historical-market-data,_recycle_bin/reprisk_sample/v2_risk_incidents.parquet,v2_risk_incidents.parquet,_recycle_bin/reprisk_sample,,36737,2026-07-02T11:17:37.252000+00:00,0af081793b1ebe0b333a288f4e1cb04f,STANDARD
quantt-historical-market-data,_recycle_bin/reprisk_sample/v2_wrds_company_lookup.parquet,v2_wrds_company_lookup.parquet,_recycle_bin/reprisk_sample,,13922,2026-07-02T11:17:37.554000+00:00,2dfff1738fe978bef17c8ba208f5a4ce,STANDARD
quantt-historical-market-data,_recycle_bin/revelio_samp/company_mapping.parquet,company_mapping.parquet,_recycle_bin/revelio_samp,,16840,2026-07-02T11:17:37.894000+00:00,8c7d2659a2260ba324c0f5fe6ea8870c,STANDARD
quantt-historical-market-data,_recycle_bin/revelio_samp/individual_positions.parquet,individual_positions.parquet,_recycle_bin/revelio_samp,,125516864,2026-07-02T11:17:42.929000+00:00,3b7691122bd6ca7288d3e690cdce2499,STANDARD
quantt-historical-market-data,_recycle_bin/revelio_samp/individual_positions_raw.parquet,individual_positions_raw.parquet,_recycle_bin/revelio_samp,,312726377,2026-07-02T11:17:52.403000+00:00,afafcb1fd382041dae770e6a9e3635b0,STANDARD
quantt-historical-market-data,_recycle_bin/revelio_samp/individual_role_lookup.parquet,individual_role_lookup.parquet,_recycle_bin/revelio_samp,,44283,2026-07-02T11:17:52.697000+00:00,994e98b9a6d2508a0d2697b69ecfed5e,STANDARD
quantt-historical-market-data,_recycle_bin/revelio_samp/individual_role_lookup_v3.parquet,individual_role_lookup_v3.parquet,_recycle_bin/revelio_samp,,605400,2026-07-02T11:17:53.003000+00:00,0213f935e35ff45f80ba8f38bdbad6eb,STANDARD
quantt-historical-market-data,_recycle_bin/revelio_samp/individual_user.parquet,individual_user.parquet,_recycle_bin/revelio_samp,,90654503,2026-07-02T11:17:57.239000+00:00,5bc49e4e8c9e9c2abbde7d000a6667d9,STANDARD
quantt-historical-market-data,_recycle_bin/revelio_samp/individual_user_education.parquet,individual_user_education.parquet,_recycle_bin/revelio_samp,,38926374,2026-07-02T11:17:58.579000+00:00,47e90e7c06b333962fa92dce807f137d,STANDARD
quantt-historical-market-data,_recycle_bin/revelio_samp/individual_user_education_raw.parquet,individual_user_education_raw.parquet,_recycle_bin/revelio_samp,,131498483,2026-07-02T11:18:02.780000+00:00,295136d68bbf4a4a6e4427f6a7dffa24,STANDARD
quantt-historical-market-data,_recycle_bin/revelio_samp/individual_user_raw.parquet,individual_user_raw.parquet,_recycle_bin/revelio_samp,,319892979,2026-07-02T11:18:11.774000+00:00,ee526e1b5ee2b508a0c91157ad90670e,STANDARD
quantt-historical-market-data,_recycle_bin/revelio_samp/individual_user_skill_lookup.parquet,individual_user_skill_lookup.parquet,_recycle_bin/revelio_samp,,713348,2026-07-02T11:18:12.101000+00:00,81b3a87832606aea206f195e4f740731,STANDARD
quantt-historical-market-data,_recycle_bin/revelio_samp/individual_user_skills.parquet,individual_user_skills.parquet,_recycle_bin/revelio_samp,,864865040,2026-07-02T11:18:35.430000+00:00,0935cfbfc102047b3dff6e82bba00161,STANDARD
quantt-historical-market-data,_recycle_bin/revelio_samp/layoffs.parquet,layoffs.parquet,_recycle_bin/revelio_samp,,8557,2026-07-02T11:18:35.733000+00:00,2399026eccb39ef448312ab8adc73060,STANDARD
quantt-historical-market-data,_recycle_bin/revelio_samp/postings_cosmos.parquet,postings_cosmos.parquet,_recycle_bin/revelio_samp,,28355662,2026-07-02T11:18:37.071000+00:00,f35cb8cf76c5c5ecf30149348a9f6759,STANDARD
quantt-historical-market-data,_recycle_bin/revelio_samp/postings_cosmos_raw.parquet,postings_cosmos_raw.parquet,_recycle_bin/revelio_samp,,11764324,2026-07-02T11:18:37.917000+00:00,3792aa856edb3e52dddc23c1e8e06491,STANDARD
quantt-historical-market-data,_recycle_bin/revelio_samp/postings_role_lookup_v3.parquet,postings_role_lookup_v3.parquet,_recycle_bin/revelio_samp,,523405,2026-07-02T11:18:38.248000+00:00,63647d53bb0a98f0e13f0b9cd8e8778d,STANDARD
quantt-historical-market-data,_recycle_bin/revelio_samp/regions.parquet,regions.parquet,_recycle_bin/revelio_samp,,3790,2026-07-02T11:18:38.527000+00:00,d4835f96f38eb11534b076f534e6bfb4,STANDARD
quantt-historical-market-data,_recycle_bin/revelio_samp/school_mapping.parquet,school_mapping.parquet,_recycle_bin/revelio_samp,,5687964,2026-07-02T11:18:39.019000+00:00,ebb9fa61e810c7a18fdde40cce126b72,STANDARD
quantt-historical-market-data,_recycle_bin/revelio_samp/sentiment_individual_reviews.parquet,sentiment_individual_reviews.parquet,_recycle_bin/revelio_samp,,17346385,2026-07-02T11:18:39.887000+00:00,d5d2751fcb5f8efe3bfa7cae9db40c60,STANDARD
quantt-historical-market-data,_recycle_bin/revelio_samp/sentiment_role_lookup.parquet,sentiment_role_lookup.parquet,_recycle_bin/revelio_samp,,782693,2026-07-02T11:18:40.223000+00:00,d98738ca7186d0a782732181db674a66,STANDARD
quantt-historical-market-data,_recycle_bin/revelio_samp/sentiment_scores.parquet,sentiment_scores.parquet,_recycle_bin/revelio_samp,,5817,2026-07-02T11:18:40.507000+00:00,fa4cf26458040b72e3baf516c4b63d21,STANDARD
quantt-historical-market-data,_recycle_bin/revelio_samp/workforce_dynamics_geo.parquet,workforce_dynamics_geo.parquet,_recycle_bin/revelio_samp,,808905244,2026-07-02T11:19:04.888000+00:00,71ed5af79f7af8b318ac5b71d1787181,STANDARD
quantt-historical-market-data,_recycle_bin/risksamp_all/beneown.parquet,beneown.parquet,_recycle_bin/risksamp_all,,5099,2026-07-02T11:19:05.182000+00:00,6202557c540ebf1adcd52f99e48642e9,STANDARD
quantt-historical-market-data,_recycle_bin/risksamp_all/bhown.parquet,bhown.parquet,_recycle_bin/risksamp_all,,6701,2026-07-02T11:19:05.504000+00:00,110a4324ef64ac72cf8b4215420c08a5,STANDARD
quantt-historical-market-data,_recycle_bin/risksamp_all/companyfy.parquet,companyfy.parquet,_recycle_bin/risksamp_all,,18652,2026-07-02T11:19:05.861000+00:00,b04a9fc3bf7f80258c4c32f033c66a14,STANDARD
quantt-historical-market-data,_recycle_bin/risksamp_all/comppeer.parquet,comppeer.parquet,_recycle_bin/risksamp_all,,5599,2026-07-02T11:19:06.175000+00:00,58550e30dfd8fada88697b8813e36d8c,STANDARD
quantt-historical-market-data,_recycle_bin/risksamp_all/consultant.parquet,consultant.parquet,_recycle_bin/risksamp_all,,5608,2026-07-02T11:19:06.514000+00:00,578d8fb5fd465364b3bf27fb4c6473f2,STANDARD
quantt-historical-market-data,_recycle_bin/risksamp_all/dircomp.parquet,dircomp.parquet,_recycle_bin/risksamp_all,,7472,2026-07-02T11:19:06.822000+00:00,2fdb34c4b562e8ea8dbbb0d5625f763f,STANDARD
quantt-historical-market-data,_recycle_bin/risksamp_all/exervest.parquet,exervest.parquet,_recycle_bin/risksamp_all,,5947,2026-07-02T11:19:07.109000+00:00,e37ec01e5f4f1781974d041376ec31fd,STANDARD
quantt-historical-market-data,_recycle_bin/risksamp_all/globalvoteresults.parquet,globalvoteresults.parquet,_recycle_bin/risksamp_all,,298020,2026-07-02T11:19:07.423000+00:00,20d37c8bb2266a61e0dba969a62500bf,STANDARD
quantt-historical-market-data,_recycle_bin/risksamp_all/gpbaabs.parquet,gpbaabs.parquet,_recycle_bin/risksamp_all,,16789,2026-07-02T11:19:07.731000+00:00,7a4287eef6145ae23901fbaa062b9100,STANDARD
quantt-historical-market-data,_recycle_bin/risksamp_all/gpbaacc.parquet,gpbaacc.parquet,_recycle_bin/risksamp_all,,21237,2026-07-02T11:19:08.075000+00:00,2608c917a7b58230bc2fcdf39d267c7e,STANDARD
quantt-historical-market-data,_recycle_bin/risksamp_all/gpbaaccpeer.parquet,gpbaaccpeer.parquet,_recycle_bin/risksamp_all,,4567,2026-07-02T11:19:08.369000+00:00,4390257b60a9e263569a35de721f19be,STANDARD
quantt-historical-market-data,_recycle_bin/risksamp_all/gpbagrant.parquet,gpbagrant.parquet,_recycle_bin/risksamp_all,,22510,2026-07-02T11:19:08.710000+00:00,117a72d9248f7ab69174dbeb3ee82a3f,STANDARD
quantt-historical-market-data,_recycle_bin/risksamp_all/gpbarel.parquet,gpbarel.parquet,_recycle_bin/risksamp_all,,17609,2026-07-02T11:19:09.118000+00:00,143f9bb47c71454a14a559d5d0b7d8bc,STANDARD
quantt-historical-market-data,_recycle_bin/risksamp_all/gpbarelpeer.parquet,gpbarelpeer.parquet,_recycle_bin/risksamp_all,,5721,2026-07-02T11:19:09.469000+00:00,a68ec99a7e96d38662806939d5e78552,STANDARD
quantt-historical-market-data,_recycle_bin/risksamp_all/holdingreq.parquet,holdingreq.parquet,_recycle_bin/risksamp_all,,7682,2026-07-02T11:19:09.795000+00:00,6df147ea1742e0de3756430015f47cc9,STANDARD
quantt-historical-market-data,_recycle_bin/risksamp_all/oeoption.parquet,oeoption.parquet,_recycle_bin/risksamp_all,,7326,2026-07-02T11:19:10.101000+00:00,e448df5e336da79d1a27d28af4079141,STANDARD
quantt-historical-market-data,_recycle_bin/risksamp_all/oestock.parquet,oestock.parquet,_recycle_bin/risksamp_all,,6822,2026-07-02T11:19:10.473000+00:00,ecd1c1d409383c31e11727c711978fdc,STANDARD
quantt-historical-market-data,_recycle_bin/risksamp_all/participantfy.parquet,participantfy.parquet,_recycle_bin/risksamp_all,,12187,2026-07-02T11:19:10.777000+00:00,2c0abf1a2fe92988fc6b1ac56e3ecbd6,STANDARD
quantt-historical-market-data,_recycle_bin/risksamp_all/proposals.parquet,proposals.parquet,_recycle_bin/risksamp_all,,30389,2026-07-02T11:19:11.159000+00:00,ab2283b5f4b131d0391e2928181eecd0,STANDARD
quantt-historical-market-data,_recycle_bin/risksamp_all/rmdirectors.parquet,rmdirectors.parquet,_recycle_bin/risksamp_all,,194079,2026-07-02T11:19:11.658000+00:00,b684fd140f07f3741ceb5a7410600464,STANDARD
quantt-historical-market-data,_recycle_bin/risksamp_all/rmgovernance.parquet,rmgovernance.parquet,_recycle_bin/risksamp_all,,31159,2026-07-02T11:19:11.955000+00:00,8a1a8848377b80c89f54347cfe9488d4,STANDARD
quantt-historical-market-data,_recycle_bin/risksamp_all/sumcomp.parquet,sumcomp.parquet,_recycle_bin/risksamp_all,,10033,2026-07-02T11:19:12.278000+00:00,d19f21aca6060153edb5af39c28b5bee,STANDARD
quantt-historical-market-data,_recycle_bin/risksamp_all/va_proposals.parquet,va_proposals.parquet,_recycle_bin/risksamp_all,,113887,2026-07-02T11:19:12.622000+00:00,05552dcbf870feab5531feb15cea09b4,STANDARD
quantt-historical-market-data,_recycle_bin/risksamp_all/vavoteresults.parquet,vavoteresults.parquet,_recycle_bin/risksamp_all,,293870,2026-07-02T11:19:12.951000+00:00,479c65e9115961d24967e192d9d8fcd4,STANDARD
quantt-historical-market-data,_recycle_bin/risksamp_all/voteanalysis_npx.parquet,voteanalysis_npx.parquet,_recycle_bin/risksamp_all,,142256,2026-07-02T11:19:13.295000+00:00,b9d289de813ebe38c6572c3752f8cea9,STANDARD
quantt-historical-market-data,_recycle_bin/risksamp_all/votes.parquet,votes.parquet,_recycle_bin/risksamp_all,,36474,2026-07-02T11:19:13.610000+00:00,21c95a0476b87dff4ae1bc69d4b3a356,STANDARD
quantt-historical-market-data,_recycle_bin/rstat_samp/royalties.parquet,royalties.parquet,_recycle_bin/rstat_samp,,31520,2026-07-02T11:19:13.900000+00:00,20fc095924c4a6f7b29d55e3301213b5,STANDARD
quantt-historical-market-data,_recycle_bin/secsamp_all/_forms_.parquet,_forms_.parquet,_recycle_bin/secsamp_all,,22838,2026-07-02T11:19:14.207000+00:00,49c6dfd6c5031c31fd20547412b3b6cc,STANDARD
quantt-historical-market-data,_recycle_bin/secsamp_all/_names_.parquet,_names_.parquet,_recycle_bin/secsamp_all,,11927907,2026-07-02T11:19:15.132000+00:00,d170293bde8a738f8ad7ca1bff0c3003,STANDARD
quantt-historical-market-data,_recycle_bin/secsamp_all/_regtypes_.parquet,_regtypes_.parquet,_recycle_bin/secsamp_all,,874,2026-07-02T11:19:15.433000+00:00,aff9b7be7e4bea55135f010fd8212d7d,STANDARD
quantt-historical-market-data,_recycle_bin/secsamp_all/bow_2022.parquet,bow_2022.parquet,_recycle_bin/secsamp_all,,13021626,2026-07-02T11:19:16.303000+00:00,d95d36a70af20c7f041fdc8fd1cc4ddd,STANDARD
quantt-historical-market-data,_recycle_bin/secsamp_all/bow_cossim.parquet,bow_cossim.parquet,_recycle_bin/secsamp_all,,910472,2026-07-02T11:19:16.635000+00:00,e96ed5ad0e3ea3be090c0016e99df44c,STANDARD
quantt-historical-market-data,_recycle_bin/secsamp_all/bow_filingsummary.parquet,bow_filingsummary.parquet,_recycle_bin/secsamp_all,,258457,2026-07-02T11:19:16.993000+00:00,d74689e66164711bb87dfc2ef29c5b9b,STANDARD
quantt-historical-market-data,_recycle_bin/secsamp_all/bow_wordsummary.parquet,bow_wordsummary.parquet,_recycle_bin/secsamp_all,,15940926,2026-07-02T11:19:18.111000+00:00,8527e4b15c2c5c1c703d231a19c09eb7,STANDARD
quantt-historical-market-data,_recycle_bin/secsamp_all/cisdf.parquet,cisdf.parquet,_recycle_bin/secsamp_all,,11359,2026-07-02T11:19:18.428000+00:00,c752547d6be8f9895c50c346a45ab460,STANDARD
quantt-historical-market-data,_recycle_bin/secsamp_all/derivatives.parquet,derivatives.parquet,_recycle_bin/secsamp_all,,589241,2026-07-02T11:19:18.724000+00:00,4389f36103384da707f57cf32b53991d,STANDARD
quantt-historical-market-data,_recycle_bin/secsamp_all/dforms.parquet,dforms.parquet,_recycle_bin/secsamp_all,,943317,2026-07-02T11:19:19.063000+00:00,32613b93bb9cc3f9a4099ceab1fa4aa3,STANDARD
quantt-historical-market-data,_recycle_bin/secsamp_all/document_info.parquet,document_info.parquet,_recycle_bin/secsamp_all,,1311054,2026-07-02T11:19:19.496000+00:00,4cc75ce792e3a05e256637def04d3eef,STANDARD
quantt-historical-market-data,_recycle_bin/secsamp_all/exhibits.parquet,exhibits.parquet,_recycle_bin/secsamp_all,,527390,2026-07-02T11:19:19.857000+00:00,7fac2ac95faeb238a57ff87f20ac7dba,STANDARD
quantt-historical-market-data,_recycle_bin/secsamp_all/fforms.parquet,fforms.parquet,_recycle_bin/secsamp_all,,821392,2026-07-02T11:19:20.205000+00:00,9a73dae229597e9a339718c45ddfc18c,STANDARD
quantt-historical-market-data,_recycle_bin/secsamp_all/footnotes.parquet,footnotes.parquet,_recycle_bin/secsamp_all,,1694472,2026-07-02T11:19:20.658000+00:00,2a2b0ff2ad45e48841b8c7e435534295,STANDARD
quantt-historical-market-data,_recycle_bin/secsamp_all/forms.parquet,forms.parquet,_recycle_bin/secsamp_all,,111875,2026-07-02T11:19:20.968000+00:00,fe9875f38540e88f9cdcc9da855d6ed7,STANDARD
quantt-historical-market-data,_recycle_bin/secsamp_all/items8k.parquet,items8k.parquet,_recycle_bin/secsamp_all,,46452,2026-07-02T11:19:21.453000+00:00,277475a5c9943f8c87ed84dd6edc8318,STANDARD
quantt-historical-market-data,_recycle_bin/secsamp_all/items8k_list.parquet,items8k_list.parquet,_recycle_bin/secsamp_all,,2718,2026-07-02T11:19:21.865000+00:00,ebe925d8172034826b9ef4cd5381c6f0,STANDARD
quantt-historical-market-data,_recycle_bin/secsamp_all/missing_forms.parquet,missing_forms.parquet,_recycle_bin/secsamp_all,,1184351,2026-07-02T11:19:22.358000+00:00,d4870fd7c1bf17a1490d9a3828f7efd7,STANDARD
quantt-historical-market-data,_recycle_bin/secsamp_all/nonderivatives.parquet,nonderivatives.parquet,_recycle_bin/secsamp_all,,861640,2026-07-02T11:19:22.768000+00:00,1e15e358cc5088430a7420810f0b35dd,STANDARD
quantt-historical-market-data,_recycle_bin/secsamp_all/reporting_owners.parquet,reporting_owners.parquet,_recycle_bin/secsamp_all,,397016,2026-07-02T11:19:23.098000+00:00,e2e875fcda5026baa5a8997876760b88,STANDARD
quantt-historical-market-data,_recycle_bin/secsamp_all/sample_ciks.parquet,sample_ciks.parquet,_recycle_bin/secsamp_all,,3456,2026-07-02T11:19:23.406000+00:00,d5ccf2b75fb886f35146c63b13297fe7,STANDARD
quantt-historical-market-data,_recycle_bin/secsamp_all/sec_item_scores.parquet,sec_item_scores.parquet,_recycle_bin/secsamp_all,,1680538,2026-07-02T11:19:23.833000+00:00,da8c191f3b71d112366f5aade8a5de70,STANDARD
quantt-historical-market-data,_recycle_bin/secsamp_all/signatures.parquet,signatures.parquet,_recycle_bin/secsamp_all,,281752,2026-07-02T11:19:24.174000+00:00,d74c42e97cd37c79d12279969801dcc6,STANDARD
quantt-historical-market-data,_recycle_bin/secsamp_all/wciklink_cusip.parquet,wciklink_cusip.parquet,_recycle_bin/secsamp_all,,16770,2026-07-02T11:19:24.468000+00:00,2dcaa77908507c88ed8aee31e4605532,STANDARD
quantt-historical-market-data,_recycle_bin/secsamp_all/wciklink_gvkey.parquet,wciklink_gvkey.parquet,_recycle_bin/secsamp_all,,21535,2026-07-02T11:19:24.793000+00:00,5c01beab9a132967795ab8dc3d69948d,STANDARD
quantt-historical-market-data,_recycle_bin/secsamp_all/wciklink_names.parquet,wciklink_names.parquet,_recycle_bin/secsamp_all,,21643,2026-07-02T11:19:25.080000+00:00,75159a120e87e8c1897d9b03fbafcf5f,STANDARD
quantt-historical-market-data,_recycle_bin/secsamp_all/wciklink_ticker.parquet,wciklink_ticker.parquet,_recycle_bin/secsamp_all,,5595,2026-07-02T11:19:25.385000+00:00,79cf8dabb496aaafe38170aa0d6c71ec,STANDARD
quantt-historical-market-data,_recycle_bin/secsamp_all/wrds_13f_holdings.parquet,wrds_13f_holdings.parquet,_recycle_bin/secsamp_all,,517695,2026-07-02T11:19:25.781000+00:00,0daf1d2bf87a5bf38402a86c6feab19b,STANDARD
quantt-historical-market-data,_recycle_bin/secsamp_all/wrds_13f_link.parquet,wrds_13f_link.parquet,_recycle_bin/secsamp_all,,2812,2026-07-02T11:19:26.067000+00:00,65e18b347eefab3b01d416cacba71ff0,STANDARD
quantt-historical-market-data,_recycle_bin/secsamp_all/wrds_13f_summary.parquet,wrds_13f_summary.parquet,_recycle_bin/secsamp_all,,9377,2026-07-02T11:19:26.408000+00:00,5ede9cdb3ab9eaedf811239b43f18f8d,STANDARD
quantt-historical-market-data,_recycle_bin/secsamp_all/wrds_forms.parquet,wrds_forms.parquet,_recycle_bin/secsamp_all,,231994,2026-07-02T11:19:26.746000+00:00,56fdb0b6653d48543c36543d4e59d434,STANDARD
quantt-historical-market-data,_recycle_bin/secsamp_all/wrds_forms_reg.parquet,wrds_forms_reg.parquet,_recycle_bin/secsamp_all,,273312,2026-07-02T11:19:27.124000+00:00,e6872deec48b203893fb3825a3f0b9d1,STANDARD
quantt-historical-market-data,_recycle_bin/secsamp_all/wrds_nlpsa.parquet,wrds_nlpsa.parquet,_recycle_bin/secsamp_all,,836301,2026-07-02T11:19:27.457000+00:00,ead3a9bfdc86bff6cc65cc0c681b9a77,STANDARD
quantt-historical-market-data,_recycle_bin/sustainalyticssamp_all/esgrr_clusters.parquet,esgrr_clusters.parquet,_recycle_bin/sustainalyticssamp_all,,24255,2026-07-02T11:19:27.778000+00:00,a1f14b2b3b68506e45e144f929c2bd76,STANDARD
quantt-historical-market-data,_recycle_bin/sustainalyticssamp_all/esgrr_focus.parquet,esgrr_focus.parquet,_recycle_bin/sustainalyticssamp_all,,73860,2026-07-02T11:19:28.061000+00:00,1ad4413bffc16bff179e9fe1647cf61d,STANDARD
quantt-historical-market-data,_recycle_bin/sustainalyticssamp_all/esgrr_indicators.parquet,esgrr_indicators.parquet,_recycle_bin/sustainalyticssamp_all,,461428,2026-07-02T11:19:28.375000+00:00,359147bf6bb811051982295609625ec9,STANDARD
quantt-historical-market-data,_recycle_bin/sustainalyticssamp_all/esgrr_meis.parquet,esgrr_meis.parquet,_recycle_bin/sustainalyticssamp_all,,202126,2026-07-02T11:19:28.757000+00:00,3ac40a94e74845c2017c631372691f69,STANDARD
quantt-historical-market-data,_recycle_bin/sustainalyticssamp_all/hist_raw_score.parquet,hist_raw_score.parquet,_recycle_bin/sustainalyticssamp_all,,66358,2026-07-02T11:19:29.053000+00:00,1f28286fcec2379ec4630451d7e60666,STANDARD
quantt-historical-market-data,_recycle_bin/sustainalyticssamp_all/hist_weighted_score.parquet,hist_weighted_score.parquet,_recycle_bin/sustainalyticssamp_all,,110104,2026-07-02T11:19:29.354000+00:00,ad776f40115954ad510ef424522be53d,STANDARD
quantt-historical-market-data,_recycle_bin/sustainalyticssamp_all/hist_weights.parquet,hist_weights.parquet,_recycle_bin/sustainalyticssamp_all,,97130,2026-07-02T11:19:29.654000+00:00,b0b95e2c91daa66d9a4419c2291bed4b,STANDARD
quantt-historical-market-data,_recycle_bin/sustainalyticssamp_all/reference_data.parquet,reference_data.parquet,_recycle_bin/sustainalyticssamp_all,,47277,2026-07-02T11:19:29.951000+00:00,1d61edeed29d8831193c204b71cd515e,STANDARD
quantt-historical-market-data,_recycle_bin/taqmsamp_all/arca_idf_x100_20211004.parquet,arca_idf_x100_20211004.parquet,_recycle_bin/taqmsamp_all,,4582416595,2026-07-03T18:19:32.778000+00:00,d78799798079d547ddd8582c5042ba45,STANDARD
quantt-historical-market-data,_recycle_bin/taqmsamp_all/arca_idf_x100_20211005.parquet,arca_idf_x100_20211005.parquet,_recycle_bin/taqmsamp_all,,3023072414,2026-07-03T18:20:57.525000+00:00,53e0f7bfc48d2c5330224debf1d19ff6,STANDARD
quantt-historical-market-data,_recycle_bin/taqmsamp_all/arca_idf_x101_20211004.parquet,arca_idf_x101_20211004.parquet,_recycle_bin/taqmsamp_all,,317873770,2026-07-03T18:21:10.982000+00:00,32473acc84c4a520ca4e8c9372cfcf0b,STANDARD
quantt-historical-market-data,_recycle_bin/taqmsamp_all/arca_idf_x101_20211005.parquet,arca_idf_x101_20211005.parquet,_recycle_bin/taqmsamp_all,,212958292,2026-07-03T18:21:19.615000+00:00,68f4a955d39b835a4a08788137fce77f,STANDARD
quantt-historical-market-data,_recycle_bin/taqmsamp_all/arca_idf_x102_20211004.parquet,arca_idf_x102_20211004.parquet,_recycle_bin/taqmsamp_all,,4196026063,2026-07-03T18:23:48.940000+00:00,110b078ee18b45bcd3eb50cd7e0ba221,STANDARD
quantt-historical-market-data,_recycle_bin/taqmsamp_all/arca_idf_x102_20211005.parquet,arca_idf_x102_20211005.parquet,_recycle_bin/taqmsamp_all,,2750680582,2026-07-03T18:25:02.555000+00:00,b5fecd6e82d9f0d3356e14bbc878b2b6,STANDARD
quantt-historical-market-data,_recycle_bin/taqmsamp_all/arca_idf_x103_20211004.parquet,arca_idf_x103_20211004.parquet,_recycle_bin/taqmsamp_all,,116018046,2026-07-03T18:25:07.466000+00:00,ff42da23b66f88fb63696074059a2b6a,STANDARD
quantt-historical-market-data,_recycle_bin/taqmsamp_all/arca_idf_x103_20211005.parquet,arca_idf_x103_20211005.parquet,_recycle_bin/taqmsamp_all,,91074779,2026-07-03T18:25:12.215000+00:00,6e6ea746dcf66cdeefaf2f81ffcfd8ef,STANDARD
quantt-historical-market-data,_recycle_bin/taqmsamp_all/arca_idf_x104_20211004.parquet,arca_idf_x104_20211004.parquet,_recycle_bin/taqmsamp_all,,1211115270,2026-07-03T18:25:49.969000+00:00,e5adde02c1b64d351c42885d552b9f3a,STANDARD
quantt-historical-market-data,_recycle_bin/taqmsamp_all/arca_idf_x104_20211005.parquet,arca_idf_x104_20211005.parquet,_recycle_bin/taqmsamp_all,,790426699,2026-07-03T18:26:13.100000+00:00,4923ecd62c8ab1869db15924e8931259,STANDARD
quantt-historical-market-data,_recycle_bin/taqmsamp_all/arca_idf_x105_20211004.parquet,arca_idf_x105_20211004.parquet,_recycle_bin/taqmsamp_all,,106123238,2026-07-03T18:26:16.608000+00:00,8d782643026822c461096d795581fc87,STANDARD
quantt-historical-market-data,_recycle_bin/taqmsamp_all/arca_idf_x105_20211005.parquet,arca_idf_x105_20211005.parquet,_recycle_bin/taqmsamp_all,,84385575,2026-07-03T18:26:20.759000+00:00,6b82c48897384cd34760583222d620e4,STANDARD
quantt-historical-market-data,_recycle_bin/taqmsamp_all/arca_idf_x110_20211004.parquet,arca_idf_x110_20211004.parquet,_recycle_bin/taqmsamp_all,,18033333,2026-07-03T18:26:20.562000+00:00,96e08a109d4fcc32d3996df090d86c30,STANDARD
quantt-historical-market-data,_recycle_bin/taqmsamp_all/arca_idf_x110_20211005.parquet,arca_idf_x110_20211005.parquet,_recycle_bin/taqmsamp_all,,15905642,2026-07-03T18:26:22.008000+00:00,2d816f2bc2d9657172bd841fd66717ba,STANDARD
quantt-historical-market-data,_recycle_bin/taqmsamp_all/arca_idf_x111_20211004.parquet,arca_idf_x111_20211004.parquet,_recycle_bin/taqmsamp_all,,133448,2026-07-03T18:26:22.065000+00:00,f071e239fbf08a1da8cc516e2e32db39,STANDARD
quantt-historical-market-data,_recycle_bin/taqmsamp_all/arca_idf_x111_20211005.parquet,arca_idf_x111_20211005.parquet,_recycle_bin/taqmsamp_all,,125054,2026-07-03T18:26:22.526000+00:00,55d48034fe9c9b58008763777e995710,STANDARD
quantt-historical-market-data,_recycle_bin/taqmsamp_all/arca_idf_x114_20211004.parquet,arca_idf_x114_20211004.parquet,_recycle_bin/taqmsamp_all,,807618545,2026-07-03T18:26:55.642000+00:00,0f0151a86bd9af33c6314309b739e80c,STANDARD
quantt-historical-market-data,_recycle_bin/taqmsamp_all/arca_idf_x114_20211005.parquet,arca_idf_x114_20211005.parquet,_recycle_bin/taqmsamp_all,,687248907,2026-07-03T18:27:18.342000+00:00,8785435e2c99650ca37304e8bd873e04,STANDARD
quantt-historical-market-data,_recycle_bin/taqmsamp_all/arca_idf_x34_20211004.parquet,arca_idf_x34_20211004.parquet,_recycle_bin/taqmsamp_all,,602950,2026-07-03T18:27:18.256000+00:00,72efb0ab75d65038e6d3d1f5b37dd7dc,STANDARD
quantt-historical-market-data,_recycle_bin/taqmsamp_all/arca_idf_x34_20211005.parquet,arca_idf_x34_20211005.parquet,_recycle_bin/taqmsamp_all,,597598,2026-07-03T18:27:18.815000+00:00,33aa762e9cb64a6e3caca14cab0d4bad,STANDARD
quantt-historical-market-data,_recycle_bin/taqmsamp_all/arca_idf_x3_20211004.parquet,arca_idf_x3_20211004.parquet,_recycle_bin/taqmsamp_all,,144173,2026-07-03T18:27:19.212000+00:00,984281f7c2bb371a4231ba0b7f7b5403,STANDARD
quantt-historical-market-data,_recycle_bin/taqmsamp_all/arca_idf_x3_20211005.parquet,arca_idf_x3_20211005.parquet,_recycle_bin/taqmsamp_all,,142277,2026-07-03T18:27:19.560000+00:00,0031b47260598b616605b52a4d526603,STANDARD
quantt-historical-market-data,_recycle_bin/taqmsamp_all/cqm_20090213.parquet,cqm_20090213.parquet,_recycle_bin/taqmsamp_all,,7047891219,2026-07-03T18:47:22.990000+00:00,247e0cfbd601e235fc61da248a4fc198-14,STANDARD
quantt-historical-market-data,_recycle_bin/taqmsamp_all/ctm_20090213.parquet,ctm_20090213.parquet,_recycle_bin/taqmsamp_all,,381360765,2026-07-03T18:27:33.899000+00:00,6ac27a7113403f70efdeee3b65971fc9,STANDARD
quantt-historical-market-data,_recycle_bin/taqmsamp_all/ix_cqm_20090213.parquet,ix_cqm_20090213.parquet,_recycle_bin/taqmsamp_all,,168902,2026-07-03T18:27:34.588000+00:00,2a7434ca96071e1ace2665e9258a7071,STANDARD
quantt-historical-market-data,_recycle_bin/taqmsamp_all/ix_ctm_20090213.parquet,ix_ctm_20090213.parquet,_recycle_bin/taqmsamp_all,,151607,2026-07-03T18:27:35.093000+00:00,1576dc4e59303482ddf66b97303143dc,STANDARD
quantt-historical-market-data,_recycle_bin/taqmsamp_all/ix_nbbom_20090213.parquet,ix_nbbom_20090213.parquet,_recycle_bin/taqmsamp_all,,165297,2026-07-03T18:27:35.593000+00:00,89e119bc09eae1dc211146675070858c,STANDARD
quantt-historical-market-data,_recycle_bin/taqmsamp_all/nbbom_20090213.parquet,nbbom_20090213.parquet,_recycle_bin/taqmsamp_all,,2581164641,2026-07-03T18:28:51.757000+00:00,fce90d616dd239df0f51e293e76f7316,STANDARD
quantt-historical-market-data,_recycle_bin/taqmsamp_all/nyse_idf_x100_20211004.parquet,nyse_idf_x100_20211004.parquet,_recycle_bin/taqmsamp_all,,4335297310,2026-07-03T18:30:57.856000+00:00,ec3b97adcc82667887e078e7dffbb53e,STANDARD
quantt-historical-market-data,_recycle_bin/taqmsamp_all/nyse_idf_x100_20211005.parquet,nyse_idf_x100_20211005.parquet,_recycle_bin/taqmsamp_all,,3038892014,2026-07-03T18:32:32.717000+00:00,8a2e29a65754b882eb332590ee91581e,STANDARD
quantt-historical-market-data,_recycle_bin/taqmsamp_all/nyse_idf_x101_20211004.parquet,nyse_idf_x101_20211004.parquet,_recycle_bin/taqmsamp_all,,212237789,2026-07-03T18:32:41.115000+00:00,4f0aa2fa27ad7798cb994250dcdac0e5,STANDARD
quantt-historical-market-data,_recycle_bin/taqmsamp_all/nyse_idf_x101_20211005.parquet,nyse_idf_x101_20211005.parquet,_recycle_bin/taqmsamp_all,,155927696,2026-07-03T18:32:46.702000+00:00,b380b494d06549699fa88253ab32cfbc,STANDARD
quantt-historical-market-data,_recycle_bin/taqmsamp_all/nyse_idf_x102_20211004.parquet,nyse_idf_x102_20211004.parquet,_recycle_bin/taqmsamp_all,,3873773258,2026-07-03T18:35:01.231000+00:00,7b99eaeb5d5f4dd52e1891b3fb1bae95,STANDARD
quantt-historical-market-data,_recycle_bin/taqmsamp_all/nyse_idf_x102_20211005.parquet,nyse_idf_x102_20211005.parquet,_recycle_bin/taqmsamp_all,,2674435481,2026-07-03T18:36:23.642000+00:00,d2c53ee56d669646a6b93330dc7d09c0,STANDARD
quantt-historical-market-data,_recycle_bin/taqmsamp_all/nyse_idf_x103_20211004.parquet,nyse_idf_x103_20211004.parquet,_recycle_bin/taqmsamp_all,,196798930,2026-07-03T18:36:30.483000+00:00,187d71cde6314e2a8b6e164d97fbd1c4,STANDARD
quantt-historical-market-data,_recycle_bin/taqmsamp_all/nyse_idf_x103_20211005.parquet,nyse_idf_x103_20211005.parquet,_recycle_bin/taqmsamp_all,,162732578,2026-07-03T18:36:35.579000+00:00,60e474e78811d266d84c1bbed98e227f,STANDARD
quantt-historical-market-data,_recycle_bin/taqmsamp_all/nyse_idf_x104_20211004.parquet,nyse_idf_x104_20211004.parquet,_recycle_bin/taqmsamp_all,,441012248,2026-07-03T18:36:50.947000+00:00,6b4f2e85e1f869435b5f36733815060b,STANDARD
quantt-historical-market-data,_recycle_bin/taqmsamp_all/nyse_idf_x104_20211005.parquet,nyse_idf_x104_20211005.parquet,_recycle_bin/taqmsamp_all,,332475415,2026-07-03T18:37:02.474000+00:00,cde3baa684141b523bbba1eaaf4c2364,STANDARD
quantt-historical-market-data,_recycle_bin/taqmsamp_all/nyse_idf_x105_20211004.parquet,nyse_idf_x105_20211004.parquet,_recycle_bin/taqmsamp_all,,15966568,2026-07-03T18:37:03.976000+00:00,5e50d64366c8c9ee7097da6256337774,STANDARD
quantt-historical-market-data,_recycle_bin/taqmsamp_all/nyse_idf_x105_20211005.parquet,nyse_idf_x105_20211005.parquet,_recycle_bin/taqmsamp_all,,14030983,2026-07-03T18:37:04.832000+00:00,f90f9248a982d88c67ec815f0044829e,STANDARD
quantt-historical-market-data,_recycle_bin/taqmsamp_all/nyse_idf_x110_20211004.parquet,nyse_idf_x110_20211004.parquet,_recycle_bin/taqmsamp_all,,37663432,2026-07-03T18:37:06.518000+00:00,0393b620f586039cf15c3db49ab6a01f,STANDARD
quantt-historical-market-data,_recycle_bin/taqmsamp_all/nyse_idf_x110_20211005.parquet,nyse_idf_x110_20211005.parquet,_recycle_bin/taqmsamp_all,,33112545,2026-07-03T18:37:07.974000+00:00,a38f04bcb8573ab49a363f3cf86997e4,STANDARD
quantt-historical-market-data,_recycle_bin/taqmsamp_all/nyse_idf_x111_20211004.parquet,nyse_idf_x111_20211004.parquet,_recycle_bin/taqmsamp_all,,250002,2026-07-03T18:37:08.409000+00:00,94d68339917ac633cc0ce1ed0066c831,STANDARD
quantt-historical-market-data,_recycle_bin/taqmsamp_all/nyse_idf_x111_20211005.parquet,nyse_idf_x111_20211005.parquet,_recycle_bin/taqmsamp_all,,245253,2026-07-03T18:37:08.907000+00:00,6ac01fb69b7557caa89696dbd518345e,STANDARD
quantt-historical-market-data,_recycle_bin/taqmsamp_all/nyse_idf_x114_20211004.parquet,nyse_idf_x114_20211004.parquet,_recycle_bin/taqmsamp_all,,743184954,2026-07-03T18:37:32.412000+00:00,8e0a9f52cd1e539c47eb23d000502adb,STANDARD
quantt-historical-market-data,_recycle_bin/taqmsamp_all/nyse_idf_x114_20211005.parquet,nyse_idf_x114_20211005.parquet,_recycle_bin/taqmsamp_all,,963798329,2026-07-03T18:37:59.687000+00:00,7b7455dc73b6542d43a73d5aa8c3631e,STANDARD
quantt-historical-market-data,_recycle_bin/taqmsamp_all/nyse_idf_x34_20211004.parquet,nyse_idf_x34_20211004.parquet,_recycle_bin/taqmsamp_all,,835755,2026-07-03T18:38:00.503000+00:00,9c14b4f5cc322af980feca1e729ed8b0,STANDARD
quantt-historical-market-data,_recycle_bin/taqmsamp_all/nyse_idf_x34_20211005.parquet,nyse_idf_x34_20211005.parquet,_recycle_bin/taqmsamp_all,,826529,2026-07-03T18:38:00.965000+00:00,e5b5cdcd8aaa4b4a8e0d4cf8f0df54b2,STANDARD
quantt-historical-market-data,_recycle_bin/taqmsamp_all/nyse_idf_x3_20211004.parquet,nyse_idf_x3_20211004.parquet,_recycle_bin/taqmsamp_all,,250500,2026-07-03T18:38:01.479000+00:00,45e27547f9656bfc2fcfa5ce1c499f77,STANDARD
quantt-historical-market-data,_recycle_bin/taqmsamp_all/nyse_idf_x3_20211005.parquet,nyse_idf_x3_20211005.parquet,_recycle_bin/taqmsamp_all,,243867,2026-07-03T18:38:01.947000+00:00,bcb402a1aae8fedb9a4f15f7201e04d5,STANDARD
quantt-historical-market-data,_recycle_bin/taqsamp_all/cq_20080107.parquet,cq_20080107.parquet,_recycle_bin/taqsamp_all,,1675929531,2026-07-03T18:38:53.977000+00:00,094f452b46d2b68e973edfb99417962c,STANDARD
quantt-historical-market-data,_recycle_bin/taqsamp_all/cq_20080108.parquet,cq_20080108.parquet,_recycle_bin/taqsamp_all,,1728214966,2026-07-03T18:39:58.441000+00:00,4af38bde65b877df9f70c8cb788cbe82,STANDARD
quantt-historical-market-data,_recycle_bin/taqsamp_all/cq_20080109.parquet,cq_20080109.parquet,_recycle_bin/taqsamp_all,,1814460894,2026-07-03T18:41:01.358000+00:00,2ba67657da1c1e3d57a33f0378836afa,STANDARD
quantt-historical-market-data,_recycle_bin/twoiq_samp/insiderfeedglobal.parquet,insiderfeedglobal.parquet,_recycle_bin/twoiq_samp,,1677900,2026-07-03T18:41:01.969000+00:00,39a56165d3d9642ad0e236b65280e19e,STANDARD
quantt-historical-market-data,_recycle_bin/twoiq_samp/insiderfeedglobalaggregated.parquet,insiderfeedglobalaggregated.parquet,_recycle_bin/twoiq_samp,,535514,2026-07-03T18:41:02.428000+00:00,b425c4c0238f6e588910131931c030e1,STANDARD
quantt-historical-market-data,_recycle_bin/wrds/cboe/cboe.parquet,cboe.parquet,_recycle_bin/wrds/cboe,,415432,2026-07-04T02:07:25.529000+00:00,7def6f5b091559f9fb84f2741b0584c3,STANDARD
quantt-historical-market-data,_recycle_bin/wrds/comp/company.parquet,company.parquet,_recycle_bin/wrds/comp,,10811074,2026-07-04T02:07:26.912000+00:00,fec6c0d9ba263dad57c78d7e4e577458,STANDARD
quantt-historical-market-data,_recycle_bin/wrds/comp/funda.parquet,funda.parquet,_recycle_bin/wrds/comp,,476961958,2026-07-04T02:07:52.938000+00:00,763c89a2487bf258ed7812cc92786dac,STANDARD
quantt-historical-market-data,_recycle_bin/wrds/comp/fundq.parquet,fundq.parquet,_recycle_bin/wrds/comp,,1038234636,2026-07-04T02:08:44.351000+00:00,758aa8fd109009d2940df8b5816debf2,STANDARD
quantt-historical-market-data,_recycle_bin/wrds/comp/g_funda.parquet,g_funda.parquet,_recycle_bin/wrds/comp,,622827576,2026-07-04T02:09:15.340000+00:00,aa687c421d06c7480c31feec6035d5a5,STANDARD
quantt-historical-market-data,_recycle_bin/wrds/comp/g_fundq.parquet,g_fundq.parquet,_recycle_bin/wrds/comp,,1851695859,2026-07-04T02:14:25.067000+00:00,f4f4d6ed0178f82d6d73bbeaa55b6ec5,STANDARD
quantt-historical-market-data,_recycle_bin/wrds/crsp/ccmxpf_lnkhist.parquet,ccmxpf_lnkhist.parquet,_recycle_bin/wrds/crsp,,1584733,2026-07-04T02:14:25.449000+00:00,d6f8004eac25b680eca8267797e5ba70,STANDARD
quantt-historical-market-data,_recycle_bin/wrds/crsp/dse.parquet,dse.parquet,_recycle_bin/wrds/crsp,,101510491,2026-07-04T02:14:29.271000+00:00,5a759cb1d91cd34aab4f6beff6e70591,STANDARD
quantt-historical-market-data,_recycle_bin/wrds/crsp/dsenames.parquet,dsenames.parquet,_recycle_bin/wrds/crsp,,4593051,2026-07-04T02:14:29.804000+00:00,b51d0cdde20ae0a0d37c374c9e9298ca,STANDARD
quantt-historical-market-data,_recycle_bin/wrds/crsp/dsf.parquet,dsf.parquet,_recycle_bin/wrds/crsp,,2205285285,2026-07-04T02:16:22.960000+00:00,15b7006594029a3f735f5f0662a5acaa,STANDARD
quantt-historical-market-data,_recycle_bin/wrds/crsp/dsi.parquet,dsi.parquet,_recycle_bin/wrds/crsp,,1289659,2026-07-04T02:16:23.550000+00:00,af7ff24a21d2a67068a74d38bef36007,STANDARD
quantt-historical-market-data,_recycle_bin/wrds/crsp/msedelist.parquet,msedelist.parquet,_recycle_bin/wrds/crsp,,1933144,2026-07-04T02:16:24.149000+00:00,cb3706e1a39ba89569b235b1b147af3b,STANDARD
quantt-historical-market-data,_recycle_bin/wrds/crsp/msf.parquet,msf.parquet,_recycle_bin/wrds/crsp,,127904649,2026-07-04T02:16:30.322000+00:00,46af7b8f887f703d06822b299cfb6a05,STANDARD
quantt-historical-market-data,_recycle_bin/wrds/crsp/msi.parquet,msi.parquet,_recycle_bin/wrds/crsp,,75964,2026-07-04T02:16:30.714000+00:00,a01f147337268e13a87825d145722941,STANDARD
quantt-historical-market-data,_recycle_bin/wrds/djones/djdaily.parquet,djdaily.parquet,_recycle_bin/wrds/djones,,689761,2026-07-04T02:16:31.210000+00:00,5eb474ed6cec3fee586ff802107cd765,STANDARD
quantt-historical-market-data,_recycle_bin/wrds/ff/factors_china.parquet,factors_china.parquet,_recycle_bin/wrds/ff,,6780,2026-07-04T02:16:31.644000+00:00,28d5f1c4da9f5f197bbaa9eafec82b36,STANDARD
quantt-historical-market-data,_recycle_bin/wrds/ff/factors_daily.parquet,factors_daily.parquet,_recycle_bin/wrds/ff,,300364,2026-07-04T02:16:32.178000+00:00,1a425fde47f50de1142561d1fd76ec48,STANDARD
quantt-historical-market-data,_recycle_bin/wrds/ff/factors_monthly.parquet,factors_monthly.parquet,_recycle_bin/wrds/ff,,36134,2026-07-04T02:16:32.708000+00:00,c7ee8444be3160dd189a01f6c6634e07,STANDARD
quantt-historical-market-data,_recycle_bin/wrds/ff/fivefactors_daily.parquet,fivefactors_daily.parquet,_recycle_bin/wrds/ff,,219654,2026-07-04T02:16:33.148000+00:00,ea34111c0b3ff01395a562928a2c83f0,STANDARD
quantt-historical-market-data,_recycle_bin/wrds/ff/fivefactors_monthly.parquet,fivefactors_monthly.parquet,_recycle_bin/wrds/ff,,30808,2026-07-04T02:16:33.570000+00:00,685ab6d50219b456bdc47a9641db586e,STANDARD
quantt-historical-market-data,_recycle_bin/wrds/ff/industry12.parquet,industry12.parquet,_recycle_bin/wrds/ff,,3221,2026-07-04T02:16:33.958000+00:00,69c7e92b4a3fa7486a4d5f5f85a555eb,STANDARD
quantt-historical-market-data,_recycle_bin/wrds/ff/industry48.parquet,industry48.parquet,_recycle_bin/wrds/ff,,21702,2026-07-04T02:16:34.340000+00:00,876d4c9dcd813bb736234cbdfdadc24d,STANDARD
quantt-historical-market-data,_recycle_bin/wrds/ff/liq_ps.parquet,liq_ps.parquet,_recycle_bin/wrds/ff,,30554,2026-07-04T02:16:34.980000+00:00,a2d3edd43d422f750d11ece1d811bcde,STANDARD
quantt-historical-market-data,_recycle_bin/wrds/ff/liq_sadka.parquet,liq_sadka.parquet,_recycle_bin/wrds/ff,,10441,2026-07-04T02:16:35.350000+00:00,3336f691fceff28f004896c7a0c8ab40,STANDARD
quantt-historical-market-data,_recycle_bin/wrds/ff/portfolios.parquet,portfolios.parquet,_recycle_bin/wrds/ff,,230073,2026-07-04T02:16:35.808000+00:00,5a5aa9079267949d2a255d70872b547d,STANDARD
quantt-historical-market-data,_recycle_bin/wrds/ff/portfolios25.parquet,portfolios25.parquet,_recycle_bin/wrds/ff,,892731,2026-07-04T02:16:36.526000+00:00,638fd12089e3a309293cd9fcb5a51585,STANDARD
quantt-historical-market-data,_recycle_bin/wrds/ff/portfolios_d.parquet,portfolios_d.parquet,_recycle_bin/wrds/ff,,1510016,2026-07-04T02:16:37.264000+00:00,537dbd99f973cb6c11acaa3a5319a4c7,STANDARD
quantt-historical-market-data,_recycle_bin/wrds/frb/rates_daily.parquet,rates_daily.parquet,_recycle_bin/wrds/frb,,1214965,2026-07-04T02:16:37.673000+00:00,b08b78de841db356dd9a02e512144fd6,STANDARD
quantt-historical-market-data,_recycle_bin/wrds_insiders_samp/fdic_derivatives.parquet,fdic_derivatives.parquet,_recycle_bin/wrds_insiders_samp,,8557,2026-07-03T18:41:02.873000+00:00,ea157783786ee3ba65d8a2850db504c9,STANDARD
quantt-historical-market-data,_recycle_bin/wrds_insiders_samp/fdic_document_info.parquet,fdic_document_info.parquet,_recycle_bin/wrds_insiders_samp,,11641,2026-07-03T18:41:03.219000+00:00,e1fbc71de37679bef438403a0fac13be,STANDARD
quantt-historical-market-data,_recycle_bin/wrds_insiders_samp/fdic_footnotes.parquet,fdic_footnotes.parquet,_recycle_bin/wrds_insiders_samp,,4739,2026-07-03T18:41:03.634000+00:00,57850de9af7acbbd6696a3ad594b8ddf,STANDARD
quantt-historical-market-data,_recycle_bin/wrds_insiders_samp/fdic_nonderivatives.parquet,fdic_nonderivatives.parquet,_recycle_bin/wrds_insiders_samp,,10613,2026-07-03T18:41:04.104000+00:00,9f3755212a50809567e60564e7823ce4,STANDARD
quantt-historical-market-data,_recycle_bin/wrds_insiders_samp/fdic_reporting_owners.parquet,fdic_reporting_owners.parquet,_recycle_bin/wrds_insiders_samp,,8621,2026-07-03T18:41:04.812000+00:00,6cb518444f60dba8286fc3bb4b38975e,STANDARD
quantt-historical-market-data,_recycle_bin/wrds_insiders_samp/fdic_signatures.parquet,fdic_signatures.parquet,_recycle_bin/wrds_insiders_samp,,5078,2026-07-03T18:41:05.229000+00:00,151b72223b4b348e75c4c58d8c9518d0,STANDARD
quantt-historical-market-data,_recycle_bin/wrds_insiders_samp/sec_derivatives.parquet,sec_derivatives.parquet,_recycle_bin/wrds_insiders_samp,,26363,2026-07-03T18:41:05.590000+00:00,20b971ffde6122059fdabf42e9ae1434,STANDARD
quantt-historical-market-data,_recycle_bin/wrds_insiders_samp/sec_document_info.parquet,sec_document_info.parquet,_recycle_bin/wrds_insiders_samp,,52970,2026-07-03T18:41:05.997000+00:00,ff86f0986c03895347ace131c5a5b78c,STANDARD
quantt-historical-market-data,_recycle_bin/wrds_insiders_samp/sec_footnotes.parquet,sec_footnotes.parquet,_recycle_bin/wrds_insiders_samp,,107139,2026-07-03T18:41:06.478000+00:00,3596e3cae71d29f45ff879ae524ab3f3,STANDARD
quantt-historical-market-data,_recycle_bin/wrds_insiders_samp/sec_nonderivatives.parquet,sec_nonderivatives.parquet,_recycle_bin/wrds_insiders_samp,,42724,2026-07-03T18:41:06.830000+00:00,e8333c71cd6d8a13a5d5d100cbb51687,STANDARD
quantt-historical-market-data,_recycle_bin/wrds_insiders_samp/sec_reporting_owners.parquet,sec_reporting_owners.parquet,_recycle_bin/wrds_insiders_samp,,61036,2026-07-03T18:41:07.440000+00:00,19c5d2dd9320120fecfa0683ce9143a1,STANDARD
quantt-historical-market-data,_recycle_bin/wrds_insiders_samp/wrds_table_1.parquet,wrds_table_1.parquet,_recycle_bin/wrds_insiders_samp,,152973,2026-07-03T18:41:07.795000+00:00,3b1f20c30db9f52f25c1c1869da94c40,STANDARD
quantt-historical-market-data,_recycle_bin/wrds_insiders_samp/wrds_table_2.parquet,wrds_table_2.parquet,_recycle_bin/wrds_insiders_samp,,76841,2026-07-03T18:41:08.177000+00:00,fbb7e4eed8a58e162b85ad5f78b87e60,STANDARD
quantt-historical-market-data,_recycle_bin/wrds_insiders_samp/wrds_table_3.parquet,wrds_table_3.parquet,_recycle_bin/wrds_insiders_samp,,21586,2026-07-03T18:41:08.545000+00:00,bfe860abe766464b50c571f7fac48296,STANDARD
quantt-historical-market-data,_recycle_bin/zacksamp_all/company_info.parquet,company_info.parquet,_recycle_bin/zacksamp_all,,2449,2026-07-03T18:41:08.902000+00:00,536622d00177b84abaf2612d6df0e08f,STANDARD
quantt-historical-market-data,_recycle_bin/zacksamp_all/eps_cons_daily.parquet,eps_cons_daily.parquet,_recycle_bin/zacksamp_all,,1998404,2026-07-03T18:41:09.563000+00:00,4b1d23b9a8bd75ec7241bfe9bfbd9e68,STANDARD
quantt-historical-market-data,_recycle_bin/zacksamp_all/eps_cons_weekly.parquet,eps_cons_weekly.parquet,_recycle_bin/zacksamp_all,,1336066,2026-07-03T18:41:10.031000+00:00,c3a3cbc237ceeda390591428523b10de,STANDARD
quantt-historical-market-data,_recycle_bin/zacksamp_all/eps_detail.parquet,eps_detail.parquet,_recycle_bin/zacksamp_all,,452147,2026-07-03T18:41:10.577000+00:00,f0716531ba0d38e5f897de270092dc32,STANDARD
quantt-historical-market-data,_recycle_bin/zacksamp_all/eps_ltg_cons_daily.parquet,eps_ltg_cons_daily.parquet,_recycle_bin/zacksamp_all,,122233,2026-07-03T18:41:10.978000+00:00,dea94564cb846ac6a12879f05ee81cd1,STANDARD
quantt-historical-market-data,_recycle_bin/zacksamp_all/eps_ltg_cons_weekly.parquet,eps_ltg_cons_weekly.parquet,_recycle_bin/zacksamp_all,,97040,2026-07-03T18:41:11.494000+00:00,a64565517b17dc4d108ab3c84d7b42fc,STANDARD
quantt-historical-market-data,_recycle_bin/zacksamp_all/eps_surp.parquet,eps_surp.parquet,_recycle_bin/zacksamp_all,,24689,2026-07-03T18:41:12.013000+00:00,642cef4193908bed005edcc6ac535941,STANDARD
quantt-historical-market-data,_recycle_bin/zacksamp_all/preann.parquet,preann.parquet,_recycle_bin/zacksamp_all,,25680,2026-07-03T18:41:12.389000+00:00,9c90c0fca9472fb34e4405b8b42505e6,STANDARD
quantt-historical-market-data,_recycle_bin/zacksamp_all/ratings_cons_daily.parquet,ratings_cons_daily.parquet,_recycle_bin/zacksamp_all,,53142,2026-07-03T18:41:12.745000+00:00,fa23b544e7e122fb6f9428317101ea02,STANDARD
quantt-historical-market-data,_recycle_bin/zacksamp_all/ratings_cons_weekly.parquet,ratings_cons_weekly.parquet,_recycle_bin/zacksamp_all,,36017,2026-07-03T18:41:13.098000+00:00,62066dbed1da527e199109fbe0c51494,STANDARD
quantt-historical-market-data,_recycle_bin/zacksamp_all/sales_cons.parquet,sales_cons.parquet,_recycle_bin/zacksamp_all,,772138,2026-07-03T18:41:13.517000+00:00,1b94b0c7a45c81ddf8067a8973a36d2a,STANDARD
quantt-historical-market-data,_recycle_bin/zacksamp_all/sales_surp.parquet,sales_surp.parquet,_recycle_bin/zacksamp_all,,23042,2026-07-03T18:41:13.920000+00:00,2d2f7a25922c16581bb5077b3300dd8e,STANDARD
quantt-historical-market-data,_recycle_bin/zacksamp_all/sales_terminations.parquet,sales_terminations.parquet,_recycle_bin/zacksamp_all,,6580,2026-07-03T18:41:14.435000+00:00,94027f36d6e006a02dddaa7add9b1e79,STANDARD
quantt-historical-market-data,_recycle_bin/zacksamp_all/samp_zids.parquet,samp_zids.parquet,_recycle_bin/zacksamp_all,,535,2026-07-03T18:41:14.772000+00:00,739ce256a40766d4bf50a2371c3fb888,STANDARD
quantt-historical-market-data,_recycle_bin/zacksamp_all/tgtprice_cons.parquet,tgtprice_cons.parquet,_recycle_bin/zacksamp_all,,86277,2026-07-03T18:41:15.142000+00:00,e80813e8217e44208010c9e2fd9dc14c,STANDARD
quantt-historical-market-data,_recycle_bin/zacksamp_all/tgtprice_terminations.parquet,tgtprice_terminations.parquet,_recycle_bin/zacksamp_all,,1111,2026-07-03T18:41:15.513000+00:00,564cf52e6316a30ff58f59cd756fee06,STANDARD
quantt-historical-market-data,options/GLD/tick/2023-10.parquet,2023-10.parquet,options/GLD/tick,,3255447,2026-07-14T13:00:48.005000+00:00,39a54bad8251fedcd97426720bf75766,STANDARD
quantt-historical-market-data,options/GLD/tick/2023-11.parquet,2023-11.parquet,options/GLD/tick,,2329413,2026-07-14T12:00:47.492000+00:00,4e56fd0cbd50388f9096bfaaa51a05da,STANDARD
quantt-historical-market-data,options/GLD/tick/2023-12.parquet,2023-12.parquet,options/GLD/tick,,3079681,2026-07-14T12:00:21.681000+00:00,eb80ff086c03eb6b2f62fac97afd937a,STANDARD
quantt-historical-market-data,options/GLD/tick/2024-01.parquet,2024-01.parquet,options/GLD/tick,,2080334,2026-07-14T11:00:20.441000+00:00,c56877ee0c12de4232b438256b838194,STANDARD
quantt-historical-market-data,options/GLD/tick/2024-02.parquet,2024-02.parquet,options/GLD/tick,,2140858,2026-07-14T10:00:21.258000+00:00,07e38307865666d613f68588aeb72c53,STANDARD
quantt-historical-market-data,options/GLD/tick/2024-03.parquet,2024-03.parquet,options/GLD/tick,,3125193,2026-07-14T09:00:40.646000+00:00,49642f8bdd0d80bafe7e9a5e5523973a,STANDARD
quantt-historical-market-data,options/GLD/tick/2024-04.parquet,2024-04.parquet,options/GLD/tick,,4419428,2026-07-14T08:00:40.666000+00:00,d5b9e82b02aa9c094fa837e9587c95d9,STANDARD
quantt-historical-market-data,options/GLD/tick/2024-05.parquet,2024-05.parquet,options/GLD/tick,,2756027,2026-07-14T08:00:14.198000+00:00,9ceceb7f2fcd37f082e5fcaab215fe69,STANDARD
quantt-historical-market-data,options/GLD/tick/2024-06.parquet,2024-06.parquet,options/GLD/tick,,2064099,2026-07-14T07:00:15.896000+00:00,e38afae5aaa164ca466bb8be595b7593,STANDARD
quantt-historical-market-data,options/GLD/tick/2024-07.parquet,2024-07.parquet,options/GLD/tick,,3040606,2026-07-14T06:00:17.384000+00:00,e2064419d2553f2e66dfa8f981d467fa,STANDARD
quantt-historical-market-data,options/GLD/tick/2024-08.parquet,2024-08.parquet,options/GLD/tick,,3456651,2026-07-14T05:00:35.717000+00:00,59159ffa7a1c286cd548e3924a981275,STANDARD
quantt-historical-market-data,options/GLD/tick/2024-09.parquet,2024-09.parquet,options/GLD/tick,,3615387,2026-07-14T04:00:35.250000+00:00,c3fdfe3e02f12861612a1cb5319e5fa1,STANDARD
quantt-historical-market-data,options/GLD/tick/2024-10.parquet,2024-10.parquet,options/GLD/tick,,4074642,2026-07-14T04:00:08.871000+00:00,11c95d144a2766feed0a6f8e45172e5f,STANDARD
quantt-historical-market-data,options/GLD/tick/2024-11.parquet,2024-11.parquet,options/GLD/tick,,3762058,2026-07-14T03:00:28.143000+00:00,d4e4a3a831823b095753eb240518289f,STANDARD
quantt-historical-market-data,options/GLD/tick/2024-12.parquet,2024-12.parquet,options/GLD/tick,,2410549,2026-07-14T02:00:26.553000+00:00,4b2ee8bac99e3c79c0e7897751098a4e,STANDARD
quantt-historical-market-data,options/GLD/tick/2025-01.parquet,2025-01.parquet,options/GLD/tick,,2560504,2026-07-14T01:00:43.596000+00:00,ff185a08d8901c9b920e25f832f0201b,STANDARD
quantt-historical-market-data,options/GLD/tick/2025-02.parquet,2025-02.parquet,options/GLD/tick,,3639067,2026-07-14T00:00:43.039000+00:00,a8672d98484310dd05d20d1f355b72ff,STANDARD
quantt-historical-market-data,options/GLD/tick/2025-03.parquet,2025-03.parquet,options/GLD/tick,,4179424,2026-07-14T00:00:16.366000+00:00,15da9bdbeaafaf0815f61c92171d566c,STANDARD
quantt-historical-market-data,options/GLD/tick/2025-04.parquet,2025-04.parquet,options/GLD/tick,,10640078,2026-07-13T23:00:14.611000+00:00,a04b1db217070c85fda163b89e2d5f6c-2,STANDARD
quantt-historical-market-data,options/GLD/tick/2025-05.parquet,2025-05.parquet,options/GLD/tick,,8559075,2026-07-13T22:00:15.043000+00:00,3af88ac682d769315b6709acd56a7519-2,STANDARD
quantt-historical-market-data,options/GLD/tick/2025-06.parquet,2025-06.parquet,options/GLD/tick,,6783423,2026-07-13T21:00:36.820000+00:00,060c781936eeb3ceae045f242fc2b43c,STANDARD
quantt-historical-market-data,options/GLD/tick/2025-07.parquet,2025-07.parquet,options/GLD/tick,,6504519,2026-07-13T20:00:39.385000+00:00,059581b900e916cf4669c1ac72f9c90f,STANDARD
quantt-historical-market-data,options/GLD/tick/2025-08.parquet,2025-08.parquet,options/GLD/tick,,6475117,2026-07-13T20:00:12.244000+00:00,c90f7a216e4f60c789b2403739d9df6f,STANDARD
quantt-historical-market-data,options/GLD/tick/2025-09.parquet,2025-09.parquet,options/GLD/tick,,10920873,2026-07-13T19:00:16.742000+00:00,fba86a6bbbcdab9f91c62d2db58b16df-2,STANDARD
quantt-historical-market-data,options/GLD/tick/2025-10.parquet,2025-10.parquet,options/GLD/tick,,23208368,2026-07-13T18:00:19.388000+00:00,e4f80186ec225d6e74c4e1ec2e7ae8b4-3,STANDARD
quantt-historical-market-data,options/GLD/tick/2025-11.parquet,2025-11.parquet,options/GLD/tick,,11328675,2026-07-13T17:00:41.669000+00:00,49022c6a7a4076360ea986a1b53c1a31-2,STANDARD
quantt-historical-market-data,options/GLD/tick/2025-12.parquet,2025-12.parquet,options/GLD/tick,,13142684,2026-07-13T16:00:40.173000+00:00,173cdf692b5394b49b82585f7e6d0b1f-2,STANDARD
quantt-historical-market-data,options/GLD/tick/2026-01.parquet,2026-01.parquet,options/GLD/tick,,20256639,2026-07-13T16:00:11.198000+00:00,8b62c78e65ba4455234af8b40e929022-3,STANDARD
quantt-historical-market-data,options/GLD/tick/2026-02.parquet,2026-02.parquet,options/GLD/tick,,13342743,2026-07-13T15:00:10.454000+00:00,97f277c2166cf59a0bcce3799bf0b6f7-2,STANDARD
quantt-historical-market-data,options/GLD/tick/2026-03.parquet,2026-03.parquet,options/GLD/tick,,13930469,2026-07-13T14:00:30.680000+00:00,b490ced3666ffea942ffa704ab558393-2,STANDARD
quantt-historical-market-data,options/GLD/tick/2026-04.parquet,2026-04.parquet,options/GLD/tick,,9274083,2026-07-13T13:00:48.584000+00:00,88634203cbc59e58b0f9ce930e1db0a3-2,STANDARD
quantt-historical-market-data,options/GLD/tick/2026-05.parquet,2026-05.parquet,options/GLD/tick,,8109022,2026-07-13T12:00:48.776000+00:00,1cc8e79eae940fa485f49e2a0ff9e6e3,STANDARD
quantt-historical-market-data,options/GLD/tick/2026-06.parquet,2026-06.parquet,options/GLD/tick,,8879881,2026-07-13T12:00:21.176000+00:00,5cad0f5f32d382bdfc3858d96869e79c-2,STANDARD
quantt-historical-market-data,options/GLD/tick/2026-07.parquet,2026-07.parquet,options/GLD/tick,,2876847,2026-07-13T11:55:27.788000+00:00,2afee164ffa26fce5360e4484a98388b,STANDARD
quantt-historical-market-data,options/IWM/tick/2023-10.parquet,2023-10.parquet,options/IWM/tick,,10269107,2026-07-14T13:00:26.142000+00:00,042b951402c73012eb81406267111e3f-2,STANDARD
quantt-historical-market-data,options/IWM/tick/2023-11.parquet,2023-11.parquet,options/IWM/tick,,11216123,2026-07-14T12:00:46.852000+00:00,1ece9fa568dd433826ba571a3b09953d-2,STANDARD
quantt-historical-market-data,options/IWM/tick/2023-12.parquet,2023-12.parquet,options/IWM/tick,,14576998,2026-07-14T11:00:45.220000+00:00,f8414138264e3c1482385fbbce5d1980-2,STANDARD
quantt-historical-market-data,options/IWM/tick/2024-01.parquet,2024-01.parquet,options/IWM/tick,,14459457,2026-07-14T11:00:19.216000+00:00,bc9dbc3dc5775e65bc0f47d509d0334a-2,STANDARD
quantt-historical-market-data,options/IWM/tick/2024-02.parquet,2024-02.parquet,options/IWM/tick,,14885168,2026-07-14T10:00:19.938000+00:00,534c3fa24e0a907edcbbb11b3afd61b2-2,STANDARD
quantt-historical-market-data,options/IWM/tick/2024-03.parquet,2024-03.parquet,options/IWM/tick,,12389287,2026-07-14T09:00:18.087000+00:00,e0713781405bda8ca2e41ba2f194deda-2,STANDARD
quantt-historical-market-data,options/IWM/tick/2024-04.parquet,2024-04.parquet,options/IWM/tick,,14224744,2026-07-14T08:00:39.893000+00:00,a24382d74181a462a3c7cb77c9b2b8e6-2,STANDARD
quantt-historical-market-data,options/IWM/tick/2024-05.parquet,2024-05.parquet,options/IWM/tick,,11191468,2026-07-14T07:00:39.331000+00:00,53321c4e6500110566e6f2b04b631879-2,STANDARD
quantt-historical-market-data,options/IWM/tick/2024-06.parquet,2024-06.parquet,options/IWM/tick,,11656494,2026-07-14T07:00:14.608000+00:00,dfbefc9433d0a896be81bcc68c0c2549-2,STANDARD
quantt-historical-market-data,options/IWM/tick/2024-07.parquet,2024-07.parquet,options/IWM/tick,,26446912,2026-07-14T06:00:16.470000+00:00,5b66106367258c19684ab54a89517f77-4,STANDARD
quantt-historical-market-data,options/IWM/tick/2024-08.parquet,2024-08.parquet,options/IWM/tick,,23398554,2026-07-14T05:00:14.396000+00:00,ece99d946fc929a028ebe39fb269961c-3,STANDARD
quantt-historical-market-data,options/IWM/tick/2024-09.parquet,2024-09.parquet,options/IWM/tick,,18056356,2026-07-14T04:00:34.406000+00:00,28c062065eea1fc00df493f2f7df0fbd-3,STANDARD
quantt-historical-market-data,options/IWM/tick/2024-10.parquet,2024-10.parquet,options/IWM/tick,,16834446,2026-07-14T03:00:53.336000+00:00,8fc8de673821f54def55bf16d1491c06-3,STANDARD
quantt-historical-market-data,options/IWM/tick/2024-11.parquet,2024-11.parquet,options/IWM/tick,,19283289,2026-07-14T03:00:26.447000+00:00,77a5923c7875f96c7fb256d61cfd0028-3,STANDARD
quantt-historical-market-data,options/IWM/tick/2024-12.parquet,2024-12.parquet,options/IWM/tick,,20169583,2026-07-14T02:00:25.430000+00:00,073266f989c18ff2135ee09787cdc287-3,STANDARD
quantt-historical-market-data,options/IWM/tick/2025-01.parquet,2025-01.parquet,options/IWM/tick,,17502614,2026-07-14T01:00:22.144000+00:00,daaf6fecf0949379190b7da4e00e01df-3,STANDARD
quantt-historical-market-data,options/IWM/tick/2025-02.parquet,2025-02.parquet,options/IWM/tick,,14282458,2026-07-14T00:00:42.081000+00:00,1a073a980506c6077dcadb8d825fc598-2,STANDARD
quantt-historical-market-data,options/IWM/tick/2025-03.parquet,2025-03.parquet,options/IWM/tick,,17461701,2026-07-13T23:00:41.740000+00:00,a9667694e39f7a3a4cf5ed4c9e887e70-3,STANDARD
quantt-historical-market-data,options/IWM/tick/2025-04.parquet,2025-04.parquet,options/IWM/tick,,23836223,2026-07-13T23:00:12.441000+00:00,d48c4aa2e04d940435f1ed0a0717f5cb-3,STANDARD
quantt-historical-market-data,options/IWM/tick/2025-05.parquet,2025-05.parquet,options/IWM/tick,,15228997,2026-07-13T22:00:12.874000+00:00,de539d160bee15652c9ffbbe89093ffd-2,STANDARD
quantt-historical-market-data,options/IWM/tick/2025-06.parquet,2025-06.parquet,options/IWM/tick,,14260110,2026-07-13T21:00:14.208000+00:00,4569af7e9517c235daf82e5acf727e3d-2,STANDARD
quantt-historical-market-data,options/IWM/tick/2025-07.parquet,2025-07.parquet,options/IWM/tick,,17113604,2026-07-13T20:00:37.488000+00:00,33678b3950298aea18cd7e6fd625e0ac-3,STANDARD
quantt-historical-market-data,options/IWM/tick/2025-08.parquet,2025-08.parquet,options/IWM/tick,,17312950,2026-07-13T19:00:41.327000+00:00,97ad2823c7f46d29e7013a3d59c9163b-3,STANDARD
quantt-historical-market-data,options/IWM/tick/2025-09.parquet,2025-09.parquet,options/IWM/tick,,17706431,2026-07-13T19:00:15.170000+00:00,135f17b82a34145ca2f0058e9883752b-3,STANDARD
quantt-historical-market-data,options/IWM/tick/2025-10.parquet,2025-10.parquet,options/IWM/tick,,23660123,2026-07-13T18:00:17.622000+00:00,fc3eed425b7821d141bb446ceccf1cb0-3,STANDARD
quantt-historical-market-data,options/IWM/tick/2025-11.parquet,2025-11.parquet,options/IWM/tick,,22173592,2026-07-13T17:00:16.843000+00:00,4805a928858859407559c1dc55376411-3,STANDARD
quantt-historical-market-data,options/IWM/tick/2025-12.parquet,2025-12.parquet,options/IWM/tick,,22494526,2026-07-13T16:00:38.287000+00:00,d257d99838178f554a77a33183ed36ab-3,STANDARD
quantt-historical-market-data,options/IWM/tick/2026-01.parquet,2026-01.parquet,options/IWM/tick,,24708517,2026-07-13T15:00:36.552000+00:00,e4a2d4642662d1fe25ef81cf02a003ab-3,STANDARD
quantt-historical-market-data,options/IWM/tick/2026-02.parquet,2026-02.parquet,options/IWM/tick,,28399856,2026-07-13T15:00:08.868000+00:00,05fbb1d8226cbeb529f80732af41acb5-4,STANDARD
quantt-historical-market-data,options/IWM/tick/2026-03.parquet,2026-03.parquet,options/IWM/tick,,38717541,2026-07-13T14:00:28.511000+00:00,833eadc008656306ccd3ad59ea107f4e-5,STANDARD
quantt-historical-market-data,options/IWM/tick/2026-04.parquet,2026-04.parquet,options/IWM/tick,,27597631,2026-07-13T13:00:26.033000+00:00,86954405d42e574a2af5d6a948a7f4b5-4,STANDARD
quantt-historical-market-data,options/IWM/tick/2026-05.parquet,2026-05.parquet,options/IWM/tick,,27743696,2026-07-13T12:00:46.851000+00:00,808ad8de2571568f2ee6d24ab6f52c63-4,STANDARD
quantt-historical-market-data,options/IWM/tick/2026-06.parquet,2026-06.parquet,options/IWM/tick,,39386959,2026-07-13T11:55:53.283000+00:00,ecf77738eb17e760e9e0d9df97966277-5,STANDARD
quantt-historical-market-data,options/IWM/tick/2026-07.parquet,2026-07.parquet,options/IWM/tick,,12534549,2026-07-13T11:55:26.850000+00:00,58e8255c356844af1d7121a72403b0b1-2,STANDARD
quantt-historical-market-data,options/QQQ/tick/2014-06.parquet,2014-06.parquet,options/QQQ/tick,,1931984,2026-07-11T14:00:25.643000+00:00,80d8e53c30bcdf9d2816bbd6d2b87e29,STANDARD
quantt-historical-market-data,options/QQQ/tick/2014-07.parquet,2014-07.parquet,options/QQQ/tick,,2578310,2026-07-11T14:00:24.683000+00:00,858a95feb803e95643683b3592aeac49,STANDARD
quantt-historical-market-data,options/QQQ/tick/2014-08.parquet,2014-08.parquet,options/QQQ/tick,,2712915,2026-07-11T14:00:23.672000+00:00,d62063c0abd8dc84267e0ba40f0e3786,STANDARD
quantt-historical-market-data,options/QQQ/tick/2014-09.parquet,2014-09.parquet,options/QQQ/tick,,2959492,2026-07-11T13:00:33.323000+00:00,acf56716538036889735a4dbffc36bee,STANDARD
quantt-historical-market-data,options/QQQ/tick/2014-10.parquet,2014-10.parquet,options/QQQ/tick,,5502933,2026-07-11T13:00:32.665000+00:00,8e4277619023d3ab310e93be70709d9d,STANDARD
quantt-historical-market-data,options/QQQ/tick/2014-11.parquet,2014-11.parquet,options/QQQ/tick,,2026370,2026-07-11T13:00:11.139000+00:00,6fb71f3accf4cc861ff371c07d858a53,STANDARD
quantt-historical-market-data,options/QQQ/tick/2014-12.parquet,2014-12.parquet,options/QQQ/tick,,3330997,2026-07-11T13:00:09.869000+00:00,96265d4772586874efa527d6a98f9e67,STANDARD
quantt-historical-market-data,options/QQQ/tick/2015-01.parquet,2015-01.parquet,options/QQQ/tick,,3445555,2026-07-11T13:00:08.474000+00:00,2862dbc45fd11dbd886536b9c7450aeb,STANDARD
quantt-historical-market-data,options/QQQ/tick/2015-02.parquet,2015-02.parquet,options/QQQ/tick,,2514733,2026-07-11T12:00:37.465000+00:00,fcd0f71a1b04de6311004c3e46b7e37f,STANDARD
quantt-historical-market-data,options/QQQ/tick/2015-03.parquet,2015-03.parquet,options/QQQ/tick,,3185475,2026-07-11T12:00:36.829000+00:00,eb2dfa06467bda76253a54dc81af02f1,STANDARD
quantt-historical-market-data,options/QQQ/tick/2015-04.parquet,2015-04.parquet,options/QQQ/tick,,2668043,2026-07-11T12:00:15.553000+00:00,c194d5752a8a9cb6f3e9983b8f1c5a78,STANDARD
quantt-historical-market-data,options/QQQ/tick/2015-05.parquet,2015-05.parquet,options/QQQ/tick,,2564063,2026-07-11T12:00:14.633000+00:00,e44712c94470324bd58873cd30d765be,STANDARD
quantt-historical-market-data,options/QQQ/tick/2015-06.parquet,2015-06.parquet,options/QQQ/tick,,2787372,2026-07-11T12:00:13.368000+00:00,bfe7420656ce0a72ba57ff2c35a9e2b0,STANDARD
quantt-historical-market-data,options/QQQ/tick/2015-07.parquet,2015-07.parquet,options/QQQ/tick,,3161837,2026-07-11T11:00:38.818000+00:00,8136668fa8746bb1397444885ab87108,STANDARD
quantt-historical-market-data,options/QQQ/tick/2015-08.parquet,2015-08.parquet,options/QQQ/tick,,5037301,2026-07-11T11:00:37.976000+00:00,d00ea6457872f053e34eed9db5f2a510,STANDARD
quantt-historical-market-data,options/QQQ/tick/2015-09.parquet,2015-09.parquet,options/QQQ/tick,,4369174,2026-07-11T11:00:16.233000+00:00,c6b61774e3bed57b8b8b50ce34ecef6c,STANDARD
quantt-historical-market-data,options/QQQ/tick/2015-10.parquet,2015-10.parquet,options/QQQ/tick,,3616656,2026-07-11T11:00:15.454000+00:00,cc207d34912b6109fc9caaa1995e82e6,STANDARD
quantt-historical-market-data,options/QQQ/tick/2015-11.parquet,2015-11.parquet,options/QQQ/tick,,2671437,2026-07-11T11:00:14.462000+00:00,47b49e52fc3df5cfc4ba0bf860aa913f,STANDARD
quantt-historical-market-data,options/QQQ/tick/2015-12.parquet,2015-12.parquet,options/QQQ/tick,,3256635,2026-07-11T10:00:41.288000+00:00,9cd3ac4dbb3f67a0e78377071a35422b,STANDARD
quantt-historical-market-data,options/QQQ/tick/2016-01.parquet,2016-01.parquet,options/QQQ/tick,,5362518,2026-07-11T10:00:40.552000+00:00,89d4b3f10079c75563f843acc140b09f,STANDARD
quantt-historical-market-data,options/QQQ/tick/2016-02.parquet,2016-02.parquet,options/QQQ/tick,,4406311,2026-07-11T10:00:19.150000+00:00,71ac2dca0f4967b314245399ca3bba5a,STANDARD
quantt-historical-market-data,options/QQQ/tick/2016-03.parquet,2016-03.parquet,options/QQQ/tick,,3275611,2026-07-11T10:00:18.383000+00:00,4b2c3a5401332333e23f3737c2cc8235,STANDARD
quantt-historical-market-data,options/QQQ/tick/2016-04.parquet,2016-04.parquet,options/QQQ/tick,,3243910,2026-07-11T10:00:17.520000+00:00,2bb2096a52a9db3bac9b24af1346c700,STANDARD
quantt-historical-market-data,options/QQQ/tick/2016-05.parquet,2016-05.parquet,options/QQQ/tick,,3032903,2026-07-11T09:00:42.363000+00:00,68c5f9e87830acbea2724a92f9e89ceb,STANDARD
quantt-historical-market-data,options/QQQ/tick/2016-06.parquet,2016-06.parquet,options/QQQ/tick,,3537081,2026-07-11T09:00:41.660000+00:00,ae9e85c12729be0efb58bb60896c9b9d,STANDARD
quantt-historical-market-data,options/QQQ/tick/2016-07.parquet,2016-07.parquet,options/QQQ/tick,,3012414,2026-07-11T09:00:19.592000+00:00,6472884afd8ed89bdfeccd98fab60a1a,STANDARD
quantt-historical-market-data,options/QQQ/tick/2016-08.parquet,2016-08.parquet,options/QQQ/tick,,2945317,2026-07-11T09:00:18.666000+00:00,107ccabeb396c65cbad5fe0bdcf4f75b,STANDARD
quantt-historical-market-data,options/QQQ/tick/2016-09.parquet,2016-09.parquet,options/QQQ/tick,,3294922,2026-07-11T09:00:17.997000+00:00,afb599070b2f62b53c85c0217ebf8f39,STANDARD
quantt-historical-market-data,options/QQQ/tick/2016-10.parquet,2016-10.parquet,options/QQQ/tick,,2288383,2026-07-11T08:00:42.179000+00:00,ec44869fcf6240d5dfb6ade6b20171cc,STANDARD
quantt-historical-market-data,options/QQQ/tick/2016-11.parquet,2016-11.parquet,options/QQQ/tick,,3171305,2026-07-11T08:00:41.407000+00:00,0c3a96a2e1ee9c9db492e82897f9f973,STANDARD
quantt-historical-market-data,options/QQQ/tick/2016-12.parquet,2016-12.parquet,options/QQQ/tick,,2807872,2026-07-11T08:00:20.197000+00:00,77404a51df26f81226998bbea3dca46e,STANDARD
quantt-historical-market-data,options/QQQ/tick/2017-01.parquet,2017-01.parquet,options/QQQ/tick,,2611236,2026-07-11T08:00:18.876000+00:00,f60c493008277bc7e040865954e2cd1f,STANDARD
quantt-historical-market-data,options/QQQ/tick/2017-02.parquet,2017-02.parquet,options/QQQ/tick,,2097276,2026-07-11T08:00:18.144000+00:00,739be370ce9b765a4c727dc06ed79244,STANDARD
quantt-historical-market-data,options/QQQ/tick/2017-03.parquet,2017-03.parquet,options/QQQ/tick,,3097762,2026-07-11T07:00:42.928000+00:00,d05eef50bd6e46c91a8ed60dc5bfe4d0,STANDARD
quantt-historical-market-data,options/QQQ/tick/2017-04.parquet,2017-04.parquet,options/QQQ/tick,,3168926,2026-07-11T07:00:42.337000+00:00,e63f263756b3b26c3a749776e0a2079f,STANDARD
quantt-historical-market-data,options/QQQ/tick/2017-05.parquet,2017-05.parquet,options/QQQ/tick,,3470888,2026-07-11T07:00:21.075000+00:00,c80f0d5d06565ed1e3a2b59bae3c5801,STANDARD
quantt-historical-market-data,options/QQQ/tick/2017-06.parquet,2017-06.parquet,options/QQQ/tick,,5772833,2026-07-11T07:00:20.416000+00:00,441b73946b4aaa24a81382580844161a,STANDARD
quantt-historical-market-data,options/QQQ/tick/2017-07.parquet,2017-07.parquet,options/QQQ/tick,,4244057,2026-07-11T07:00:18.940000+00:00,e3ce17566583cae154c4094ea2a936d6,STANDARD
quantt-historical-market-data,options/QQQ/tick/2017-08.parquet,2017-08.parquet,options/QQQ/tick,,5714258,2026-07-11T06:00:44.706000+00:00,652feb72795edd30b872ae9d34964b8d,STANDARD
quantt-historical-market-data,options/QQQ/tick/2017-09.parquet,2017-09.parquet,options/QQQ/tick,,4059783,2026-07-11T06:00:43.851000+00:00,7e5baa8b3cb29c6b545dc652d489f53d,STANDARD
quantt-historical-market-data,options/QQQ/tick/2017-10.parquet,2017-10.parquet,options/QQQ/tick,,3923100,2026-07-11T06:00:22.566000+00:00,da5c178920d4249f1c16a9089148e73f,STANDARD
quantt-historical-market-data,options/QQQ/tick/2017-11.parquet,2017-11.parquet,options/QQQ/tick,,3950910,2026-07-11T06:00:21.837000+00:00,4fa874887c6ebb98f25a373548e1f511,STANDARD
quantt-historical-market-data,options/QQQ/tick/2017-12.parquet,2017-12.parquet,options/QQQ/tick,,4236781,2026-07-11T06:00:20.766000+00:00,2ad36594217985f5d197b817e620cc0f,STANDARD
quantt-historical-market-data,options/QQQ/tick/2018-01.parquet,2018-01.parquet,options/QQQ/tick,,6158030,2026-07-11T05:00:44.926000+00:00,7e0e624422a9da2fd2865408e4ee2c05,STANDARD
quantt-historical-market-data,options/QQQ/tick/2018-02.parquet,2018-02.parquet,options/QQQ/tick,,8666888,2026-07-11T05:00:43.964000+00:00,325e96a2fe82357b441a7db6f8fcda7a-2,STANDARD
quantt-historical-market-data,options/QQQ/tick/2018-03.parquet,2018-03.parquet,options/QQQ/tick,,9334914,2026-07-11T05:00:21.731000+00:00,f06d9746d6a7c9667f821d9bd9d92c70-2,STANDARD
quantt-historical-market-data,options/QQQ/tick/2018-04.parquet,2018-04.parquet,options/QQQ/tick,,8075946,2026-07-11T05:00:20.110000+00:00,7f1a11aa76757823f77ec208d9be47a6,STANDARD
quantt-historical-market-data,options/QQQ/tick/2018-05.parquet,2018-05.parquet,options/QQQ/tick,,6232957,2026-07-11T05:00:19.012000+00:00,6be4c8191c209c1f18c5587983c782e4,STANDARD
quantt-historical-market-data,options/QQQ/tick/2018-06.parquet,2018-06.parquet,options/QQQ/tick,,6593299,2026-07-11T04:00:47.750000+00:00,1aca28f7204d9ea4925c727057e64710,STANDARD
quantt-historical-market-data,options/QQQ/tick/2018-07.parquet,2018-07.parquet,options/QQQ/tick,,6330664,2026-07-11T04:00:46.194000+00:00,e8c76c003044f076647c68626d75e3ca,STANDARD
quantt-historical-market-data,options/QQQ/tick/2018-08.parquet,2018-08.parquet,options/QQQ/tick,,6402242,2026-07-11T04:00:24.092000+00:00,5be521b8bf95a75f320459f4ab2aafa6,STANDARD
quantt-historical-market-data,options/QQQ/tick/2018-09.parquet,2018-09.parquet,options/QQQ/tick,,6066024,2026-07-11T04:00:22.597000+00:00,db4a8405d6afc947bc8f3be50e3c7f48,STANDARD
quantt-historical-market-data,options/QQQ/tick/2018-10.parquet,2018-10.parquet,options/QQQ/tick,,11881212,2026-07-11T04:00:21.618000+00:00,15cf6f4c18772207f07c0d7daa281fc7-2,STANDARD
quantt-historical-market-data,options/QQQ/tick/2018-11.parquet,2018-11.parquet,options/QQQ/tick,,10260875,2026-07-11T03:00:49.045000+00:00,fdb240b24ca2e8ffb8938b0291c059ee-2,STANDARD
quantt-historical-market-data,options/QQQ/tick/2018-12.parquet,2018-12.parquet,options/QQQ/tick,,9789286,2026-07-11T03:00:47.507000+00:00,dc2aee437d07731647cac4ece7bda057-2,STANDARD
quantt-historical-market-data,options/QQQ/tick/2019-01.parquet,2019-01.parquet,options/QQQ/tick,,7186049,2026-07-11T03:00:25.343000+00:00,f2797a891c189ded7e3dc82183662f02,STANDARD
quantt-historical-market-data,options/QQQ/tick/2019-02.parquet,2019-02.parquet,options/QQQ/tick,,5097265,2026-07-11T03:00:24.438000+00:00,5d96e5a5e4f5ae9fb2be6f3c89e20474,STANDARD
quantt-historical-market-data,options/QQQ/tick/2019-03.parquet,2019-03.parquet,options/QQQ/tick,,6846391,2026-07-11T03:00:23.321000+00:00,3275726529b94aaf7351d12d57f5951d,STANDARD
quantt-historical-market-data,options/QQQ/tick/2019-04.parquet,2019-04.parquet,options/QQQ/tick,,4455538,2026-07-11T02:00:51.427000+00:00,34b5a5dfd7402f76c329be0874c797dc,STANDARD
quantt-historical-market-data,options/QQQ/tick/2019-05.parquet,2019-05.parquet,options/QQQ/tick,,8062560,2026-07-11T02:00:50.723000+00:00,5c6b956f91fc269c0462e2a224a35d91,STANDARD
quantt-historical-market-data,options/QQQ/tick/2019-06.parquet,2019-06.parquet,options/QQQ/tick,,6377122,2026-07-11T02:00:28.438000+00:00,7cd22b5e6451807843e97086f9383458,STANDARD
quantt-historical-market-data,options/QQQ/tick/2019-07.parquet,2019-07.parquet,options/QQQ/tick,,5409292,2026-07-11T02:00:27.536000+00:00,c9165705153445a1d93309e4543a8288,STANDARD
quantt-historical-market-data,options/QQQ/tick/2019-08.parquet,2019-08.parquet,options/QQQ/tick,,9695228,2026-07-11T02:00:26.357000+00:00,b9aca0d8c3fe74f996c6f7dd4a4c0652-2,STANDARD
quantt-historical-market-data,options/QQQ/tick/2019-09.parquet,2019-09.parquet,options/QQQ/tick,,5877129,2026-07-11T01:00:32.578000+00:00,d6b2b178b22b9e0dcf306754c0c742b3,STANDARD
quantt-historical-market-data,options/QQQ/tick/2019-10.parquet,2019-10.parquet,options/QQQ/tick,,6734302,2026-07-11T01:00:31.754000+00:00,cde0d3968db9ca0e29306137c4f5be1c,STANDARD
quantt-historical-market-data,options/QQQ/tick/2019-11.parquet,2019-11.parquet,options/QQQ/tick,,4423657,2026-07-11T01:00:10.121000+00:00,56b383c2d9a6b17eb9174fbcaaa7b647,STANDARD
quantt-historical-market-data,options/QQQ/tick/2019-12.parquet,2019-12.parquet,options/QQQ/tick,,4728152,2026-07-11T01:00:09.267000+00:00,5c2508dfa51016c1cf187c09da881ad7,STANDARD
quantt-historical-market-data,options/QQQ/tick/2020-01.parquet,2020-01.parquet,options/QQQ/tick,,7354450,2026-07-11T01:00:07.919000+00:00,712477cd8c12add4403630cdfc2f4dd2,STANDARD
quantt-historical-market-data,options/QQQ/tick/2020-02.parquet,2020-02.parquet,options/QQQ/tick,,11000939,2026-07-11T00:00:36.999000+00:00,442f68f0cfca03f2dbfc6a59a82ec377-2,STANDARD
quantt-historical-market-data,options/QQQ/tick/2020-03.parquet,2020-03.parquet,options/QQQ/tick,,13470978,2026-07-11T00:00:34.496000+00:00,e3935b67f0275fdb83fb2c678cdc4f14-2,STANDARD
quantt-historical-market-data,options/QQQ/tick/2020-04.parquet,2020-04.parquet,options/QQQ/tick,,11051629,2026-07-11T00:00:11.644000+00:00,d40cb7a4f629f5ee569c049735986e6e-2,STANDARD
quantt-historical-market-data,options/QQQ/tick/2020-05.parquet,2020-05.parquet,options/QQQ/tick,,12216443,2026-07-11T00:00:10.115000+00:00,17b6c25b019a698893837d466112ab71-2,STANDARD
quantt-historical-market-data,options/QQQ/tick/2020-06.parquet,2020-06.parquet,options/QQQ/tick,,14144233,2026-07-11T00:00:08.480000+00:00,d347bf5086c0e4f4b2e19ad01675ac4d-2,STANDARD
quantt-historical-market-data,options/QQQ/tick/2020-07.parquet,2020-07.parquet,options/QQQ/tick,,16782245,2026-07-10T23:00:36.495000+00:00,f0b43f524c50ee965a32b1ceefcb06e5-3,STANDARD
quantt-historical-market-data,options/QQQ/tick/2020-08.parquet,2020-08.parquet,options/QQQ/tick,,15244492,2026-07-10T23:00:34.868000+00:00,dd4feffacca6763bdf3c024abd6e85ea-2,STANDARD
quantt-historical-market-data,options/QQQ/tick/2020-09.parquet,2020-09.parquet,options/QQQ/tick,,26571156,2026-07-10T23:00:12.557000+00:00,8a4436aff5c9f45f9ceb21b7810ace59-4,STANDARD
quantt-historical-market-data,options/QQQ/tick/2020-10.parquet,2020-10.parquet,options/QQQ/tick,,19522794,2026-07-10T23:00:10.388000+00:00,1dd0d24b136e2527f5d716fd4503f519-3,STANDARD
quantt-historical-market-data,options/QQQ/tick/2020-11.parquet,2020-11.parquet,options/QQQ/tick,,14885695,2026-07-10T23:00:08.339000+00:00,79f907af4ef4aeaa7e8a24ae3b07abf7-2,STANDARD
quantt-historical-market-data,options/QQQ/tick/2020-12.parquet,2020-12.parquet,options/QQQ/tick,,13079284,2026-07-10T22:00:37.088000+00:00,90861526b61550d4cf1e4029fe88bbdc-2,STANDARD
quantt-historical-market-data,options/QQQ/tick/2021-01.parquet,2021-01.parquet,options/QQQ/tick,,16301130,2026-07-10T22:00:35.453000+00:00,6aeb4bbccef70fafed699753cae1d3a5-2,STANDARD
quantt-historical-market-data,options/QQQ/tick/2021-02.parquet,2021-02.parquet,options/QQQ/tick,,17175339,2026-07-10T22:00:13.368000+00:00,48dd55ba7b6feac672a1b7808a332840-3,STANDARD
quantt-historical-market-data,options/QQQ/tick/2021-03.parquet,2021-03.parquet,options/QQQ/tick,,27637413,2026-07-10T22:00:11.230000+00:00,fd771ada983aed2d9dbd80273884c986-4,STANDARD
quantt-historical-market-data,options/QQQ/tick/2021-04.parquet,2021-04.parquet,options/QQQ/tick,,15216021,2026-07-10T22:00:08.614000+00:00,ebe572c65fa25536ed7619d0b3f7fbc4-2,STANDARD
quantt-historical-market-data,options/QQQ/tick/2021-05.parquet,2021-05.parquet,options/QQQ/tick,,21619798,2026-07-10T21:00:56.521000+00:00,367bc96be5e5e350ea7b5828a6bad761-3,STANDARD
quantt-historical-market-data,options/QQQ/tick/2021-06.parquet,2021-06.parquet,options/QQQ/tick,,18015590,2026-07-10T21:00:54.337000+00:00,f84aa5631ed34e66506063c19b105aeb-3,STANDARD
quantt-historical-market-data,options/QQQ/tick/2021-07.parquet,2021-07.parquet,options/QQQ/tick,,22529960,2026-07-10T21:00:30.769000+00:00,2edcdd491d78d284d84630b2440b9e7e-3,STANDARD
quantt-historical-market-data,options/QQQ/tick/2021-08.parquet,2021-08.parquet,options/QQQ/tick,,21524839,2026-07-10T21:00:28.672000+00:00,5349b73211307af6e6f93784c71f0721-3,STANDARD
quantt-historical-market-data,options/QQQ/tick/2021-09.parquet,2021-09.parquet,options/QQQ/tick,,26597686,2026-07-10T21:00:26.308000+00:00,b042f3c74b083b568bf9831e6c764d4c-4,STANDARD
quantt-historical-market-data,options/QQQ/tick/2021-10.parquet,2021-10.parquet,options/QQQ/tick,,26943891,2026-07-10T20:03:32.933000+00:00,bf36e7936d9d22ecd9a43a904762181b-4,STANDARD
quantt-historical-market-data,options/QQQ/tick/2021-11.parquet,2021-11.parquet,options/QQQ/tick,,27432257,2026-07-10T20:03:31.171000+00:00,dd661fa0665f87ae859792a07687def1-4,STANDARD
quantt-historical-market-data,options/QQQ/tick/2021-12.parquet,2021-12.parquet,options/QQQ/tick,,36877760,2026-07-10T20:03:07.911000+00:00,a7d27402522e760a14e01d37499c8fd6-5,STANDARD
quantt-historical-market-data,options/QQQ/tick/2022-01.parquet,2022-01.parquet,options/QQQ/tick,,51285603,2026-07-10T20:03:05.388000+00:00,1d31ceb1658f63cee32ae386b2bcab5f-7,STANDARD
quantt-historical-market-data,options/QQQ/tick/2022-02.parquet,2022-02.parquet,options/QQQ/tick,,48923526,2026-07-10T20:03:02.535000+00:00,dff95cdda6154d60e2f0f547ac495503-6,STANDARD
quantt-historical-market-data,options/QQQ/tick/2022-03.parquet,2022-03.parquet,options/QQQ/tick,,53113509,2026-07-10T19:00:52.493000+00:00,d71872976cfcd18b3ef280ed8aeb2175-7,STANDARD
quantt-historical-market-data,options/QQQ/tick/2022-04.parquet,2022-04.parquet,options/QQQ/tick,,50847988,2026-07-10T19:00:49.630000+00:00,9653c88e1a02ce449f8834781abf8ccf-7,STANDARD
quantt-historical-market-data,options/QQQ/tick/2022-05.parquet,2022-05.parquet,options/QQQ/tick,,57981425,2026-07-10T19:00:26.025000+00:00,ab77a7f3f3a209aaecdc433e4fef3381-7,STANDARD
quantt-historical-market-data,options/QQQ/tick/2022-06.parquet,2022-06.parquet,options/QQQ/tick,,48074223,2026-07-10T19:00:22.190000+00:00,88c04bb67000e13f2ebd95426562796a-6,STANDARD
quantt-historical-market-data,options/QQQ/tick/2022-07.parquet,2022-07.parquet,options/QQQ/tick,,46505789,2026-07-10T19:00:18.720000+00:00,9380a4d90d12f7228d9e64206092d837-6,STANDARD
quantt-historical-market-data,options/QQQ/tick/2022-08.parquet,2022-08.parquet,options/QQQ/tick,,48826044,2026-07-10T18:00:57.726000+00:00,1a3454d9acc62a065a55900f2a3f91d7-6,STANDARD
quantt-historical-market-data,options/QQQ/tick/2022-09.parquet,2022-09.parquet,options/QQQ/tick,,52548853,2026-07-10T18:00:55.515000+00:00,0797323dd7e69253698cdd84b1750d8a-7,STANDARD
quantt-historical-market-data,options/QQQ/tick/2022-10.parquet,2022-10.parquet,options/QQQ/tick,,49241455,2026-07-10T18:00:32.085000+00:00,fb585d824d79f4ee37147ae7b1be1bfe-6,STANDARD
quantt-historical-market-data,options/QQQ/tick/2022-11.parquet,2022-11.parquet,options/QQQ/tick,,42147080,2026-07-10T18:00:29.718000+00:00,6fa839fc38b392f580e268eeb8d404cf-6,STANDARD
quantt-historical-market-data,options/QQQ/tick/2022-12.parquet,2022-12.parquet,options/QQQ/tick,,41268023,2026-07-10T18:00:27.308000+00:00,0e2da6f4e5181d948aa0813da29b4f29-5,STANDARD
quantt-historical-market-data,options/QQQ/tick/2023-01.parquet,2023-01.parquet,options/QQQ/tick,,41250618,2026-07-10T17:00:47.102000+00:00,16fc8086d00e5825bdfb730b10110fd4-5,STANDARD
quantt-historical-market-data,options/QQQ/tick/2023-02.parquet,2023-02.parquet,options/QQQ/tick,,44126201,2026-07-10T17:00:44.825000+00:00,02e879e8a4789b85117f3569c1f03db7-6,STANDARD
quantt-historical-market-data,options/QQQ/tick/2023-03.parquet,2023-03.parquet,options/QQQ/tick,,53520664,2026-07-10T17:00:21.039000+00:00,63d33272fceb67c0f003abcc741bad7e-7,STANDARD
quantt-historical-market-data,options/QQQ/tick/2023-04.parquet,2023-04.parquet,options/QQQ/tick,,40792669,2026-07-10T17:00:17.513000+00:00,ab3b46c63d38243bfe53941d58165725-5,STANDARD
quantt-historical-market-data,options/QQQ/tick/2023-05.parquet,2023-05.parquet,options/QQQ/tick,,45639241,2026-07-10T17:00:15.066000+00:00,6a58a355cd27d773f5011df5e706e7b4-6,STANDARD
quantt-historical-market-data,options/QQQ/tick/2023-06.parquet,2023-06.parquet,options/QQQ/tick,,51010676,2026-07-10T16:00:56.314000+00:00,25c13cc6a30859cb972affa1d1019d13-7,STANDARD
quantt-historical-market-data,options/QQQ/tick/2023-07.parquet,2023-07.parquet,options/QQQ/tick,,49688751,2026-07-10T16:00:50.227000+00:00,8799e165c998ef2425985bf8b8c88234-6,STANDARD
quantt-historical-market-data,options/QQQ/tick/2023-08.parquet,2023-08.parquet,options/QQQ/tick,,65165924,2026-07-10T16:00:27.029000+00:00,4378ab223805466a3bc42c40405e1b15-8,STANDARD
quantt-historical-market-data,options/QQQ/tick/2023-09.parquet,2023-09.parquet,options/QQQ/tick,,56641159,2026-07-10T16:00:23.691000+00:00,b5c5f93040d8ffada94da287364ee654-7,STANDARD
quantt-historical-market-data,options/QQQ/tick/2023-10.parquet,2023-10.parquet,options/QQQ/tick,,67846801,2026-07-10T16:00:20.901000+00:00,1137c0609be25718d75070f3383257e1-9,STANDARD
quantt-historical-market-data,options/QQQ/tick/2023-11.parquet,2023-11.parquet,options/QQQ/tick,,51277642,2026-07-10T15:00:59.313000+00:00,1c88b86964b31a3033acb06fba5fa09e-7,STANDARD
quantt-historical-market-data,options/QQQ/tick/2023-12.parquet,2023-12.parquet,options/QQQ/tick,,50452216,2026-07-10T15:00:57.216000+00:00,875890329f2c32cbf67565feccbcb998-7,STANDARD
quantt-historical-market-data,options/QQQ/tick/2024-01.parquet,2024-01.parquet,options/QQQ/tick,,61140642,2026-07-10T15:00:34.486000+00:00,3c3aa58b0828cd5854373fa810f48891-8,STANDARD
quantt-historical-market-data,options/QQQ/tick/2024-02.parquet,2024-02.parquet,options/QQQ/tick,,59484815,2026-07-10T15:00:31.614000+00:00,42a3b8745bbc02e4655317cdf190c8b4-8,STANDARD
quantt-historical-market-data,options/QQQ/tick/2024-03.parquet,2024-03.parquet,options/QQQ/tick,,64089377,2026-07-10T15:00:29.192000+00:00,98179bc47874548c0f532a8c327ccb96-8,STANDARD
quantt-historical-market-data,options/QQQ/tick/2024-04.parquet,2024-04.parquet,options/QQQ/tick,,75408385,2026-07-10T14:01:08.062000+00:00,20b3cc3fba27e75e18cd69ded2ceb698-9,STANDARD
quantt-historical-market-data,options/QQQ/tick/2024-05.parquet,2024-05.parquet,options/QQQ/tick,,57077437,2026-07-10T14:01:04.087000+00:00,4ab5b4bb536648ff01290d69caf42626-7,STANDARD
quantt-historical-market-data,options/QQQ/tick/2024-06.parquet,2024-06.parquet,options/QQQ/tick,,57246721,2026-07-10T14:00:40.981000+00:00,b6dbac698a3ddfde508aae5c94549d04-7,STANDARD
quantt-historical-market-data,options/QQQ/tick/2024-07.parquet,2024-07.parquet,options/QQQ/tick,,79911279,2026-07-10T14:00:37.323000+00:00,1727334f1132dae47ff5f1788c0cf2da-10,STANDARD
quantt-historical-market-data,options/QQQ/tick/2024-08.parquet,2024-08.parquet,options/QQQ/tick,,94790824,2026-07-10T14:00:34.005000+00:00,cad60d49d2fa513ee0672f333d0f6980-12,STANDARD
quantt-historical-market-data,options/QQQ/tick/2024-09.parquet,2024-09.parquet,options/QQQ/tick,,82892901,2026-07-10T13:01:07.278000+00:00,8e2b0cf60f6a135ce0215449d56db43f-10,STANDARD
quantt-historical-market-data,options/QQQ/tick/2024-10.parquet,2024-10.parquet,options/QQQ/tick,,90388163,2026-07-10T13:01:04.644000+00:00,6e90700758b8c20fd97e872d612e0051-11,STANDARD
quantt-historical-market-data,options/QQQ/tick/2024-11.parquet,2024-11.parquet,options/QQQ/tick,,73187826,2026-07-10T13:00:40.662000+00:00,6f425607d1301d2db1df1a0ccd5e92c6-9,STANDARD
quantt-historical-market-data,options/QQQ/tick/2024-12.parquet,2024-12.parquet,options/QQQ/tick,,74756956,2026-07-10T13:00:37.472000+00:00,8ff4092a2d76662c937576e75b9335a9-9,STANDARD
quantt-historical-market-data,options/QQQ/tick/2025-01.parquet,2025-01.parquet,options/QQQ/tick,,81842970,2026-07-10T13:00:34.844000+00:00,7fcd57dd3575943b0af91965f56354bd-10,STANDARD
quantt-historical-market-data,options/QQQ/tick/2025-02.parquet,2025-02.parquet,options/QQQ/tick,,75090739,2026-07-10T12:01:12.836000+00:00,e29d1288ede2328b5f04d74d2b871fd7-9,STANDARD
quantt-historical-market-data,options/QQQ/tick/2025-03.parquet,2025-03.parquet,options/QQQ/tick,,108875865,2026-07-10T12:01:09.838000+00:00,fc1a2422a28c8db5d92b17d3f2f6ec18-13,STANDARD
quantt-historical-market-data,options/QQQ/tick/2025-04.parquet,2025-04.parquet,options/QQQ/tick,,117465134,2026-07-10T12:00:42.790000+00:00,fe52fdc1b63f7b817d03c39b53a4ec37-15,STANDARD
quantt-historical-market-data,options/QQQ/tick/2025-05.parquet,2025-05.parquet,options/QQQ/tick,,98903199,2026-07-10T12:00:28.513000+00:00,d5808f64640ae8f10725844a114495ba-12,STANDARD
quantt-historical-market-data,options/QQQ/tick/2025-06.parquet,2025-06.parquet,options/QQQ/tick,,78962992,2026-07-10T12:00:25.028000+00:00,b55bdf9f16f64fed592b85b2fc98dce5-10,STANDARD
quantt-historical-market-data,options/QQQ/tick/2025-07.parquet,2025-07.parquet,options/QQQ/tick,,75711466,2026-07-10T11:00:56.721000+00:00,1bcdceea56e0e06fe19abc31504d7066-10,STANDARD
quantt-historical-market-data,options/QQQ/tick/2025-08.parquet,2025-08.parquet,options/QQQ/tick,,90702484,2026-07-10T11:00:53.858000+00:00,d49f73c9da88f1ebd27bd8f14902bb35-11,STANDARD
quantt-historical-market-data,options/QQQ/tick/2025-09.parquet,2025-09.parquet,options/QQQ/tick,,83749498,2026-07-10T11:00:30.245000+00:00,78c8475457b95ee879426d405d80dd6c-10,STANDARD
quantt-historical-market-data,options/QQQ/tick/2025-10.parquet,2025-10.parquet,options/QQQ/tick,,108907313,2026-07-10T11:00:26.915000+00:00,3fc178f15b0106fdac4a8389ef64cf6f-13,STANDARD
quantt-historical-market-data,options/QQQ/tick/2025-11.parquet,2025-11.parquet,options/QQQ/tick,,120910096,2026-07-10T11:00:23.270000+00:00,cda25adb957330ad607eb614ea2ab1f9-15,STANDARD
quantt-historical-market-data,options/QQQ/tick/2025-12.parquet,2025-12.parquet,options/QQQ/tick,,110368019,2026-07-10T10:27:04.573000+00:00,19b14b09f1d846cba199e02be4715733-14,STANDARD
quantt-historical-market-data,options/QQQ/tick/2026-01.parquet,2026-01.parquet,options/QQQ/tick,,113690718,2026-07-10T10:27:01.141000+00:00,8cf373c7a2e0d784adc65126ea732e0b-14,STANDARD
quantt-historical-market-data,options/QQQ/tick/2026-02.parquet,2026-02.parquet,options/QQQ/tick,,118918809,2026-07-10T10:26:32.069000+00:00,66a394c1faab03ec4fbf358e6ab59981-15,STANDARD
quantt-historical-market-data,options/QQQ/tick/2026-03.parquet,2026-03.parquet,options/QQQ/tick,,141381481,2026-07-10T10:26:15.994000+00:00,2f2ce62da0aba783773896f35bd13c06-17,STANDARD
quantt-historical-market-data,options/QQQ/tick/2026-04.parquet,2026-04.parquet,options/QQQ/tick,,131376086,2026-07-10T10:26:00.316000+00:00,2cf946737fe17038bb4b3a93795c8616-16,STANDARD
quantt-historical-market-data,options/QQQ/tick/2026-05.parquet,2026-05.parquet,options/QQQ/tick,,133586619,2026-07-09T21:41:45.508000+00:00,e9dd7b2e7ac5f826d25d18365911c326-16,STANDARD
quantt-historical-market-data,options/QQQ/tick/2026-06.parquet,2026-06.parquet,options/QQQ/tick,,197366066,2026-07-10T10:26:24.741000+00:00,6ae35ca8ce7b0e21597436f99dce41c3-24,STANDARD
quantt-historical-market-data,options/QQQ/tick/2026-07.parquet,2026-07.parquet,options/QQQ/tick,,62867702,2026-07-09T19:43:29.381000+00:00,b77bd1ce0b01f543d6520d0dfd044906-8,STANDARD
quantt-historical-market-data,options/SLV/tick/2023-10.parquet,2023-10.parquet,options/SLV/tick,,1974353,2026-07-14T13:00:48.913000+00:00,340902ee9f6afc036970511957fc1903,STANDARD
quantt-historical-market-data,options/SLV/tick/2023-11.parquet,2023-11.parquet,options/SLV/tick,,1630118,2026-07-14T13:00:22.439000+00:00,d23cea6c74aebcee1ffbe483fabad519,STANDARD
quantt-historical-market-data,options/SLV/tick/2023-12.parquet,2023-12.parquet,options/SLV/tick,,1970608,2026-07-14T12:00:22.930000+00:00,3d9c13dc31242c8c92c5f0927f107fdc,STANDARD
quantt-historical-market-data,options/SLV/tick/2024-01.parquet,2024-01.parquet,options/SLV/tick,,1417121,2026-07-14T11:00:21.101000+00:00,4e945339e7522e9eb2b7d70413c91ddd,STANDARD
quantt-historical-market-data,options/SLV/tick/2024-02.parquet,2024-02.parquet,options/SLV/tick,,1335308,2026-07-14T10:00:42.418000+00:00,18845e326324940c5bb4d34fd28dd41d,STANDARD
quantt-historical-market-data,options/SLV/tick/2024-03.parquet,2024-03.parquet,options/SLV/tick,,1898120,2026-07-14T09:00:42.136000+00:00,52b0993b855aa8ab87861a218b1458e5,STANDARD
quantt-historical-market-data,options/SLV/tick/2024-04.parquet,2024-04.parquet,options/SLV/tick,,3839711,2026-07-14T09:00:14.417000+00:00,269f80c9fbab625f9090592c7671c707,STANDARD
quantt-historical-market-data,options/SLV/tick/2024-05.parquet,2024-05.parquet,options/SLV/tick,,3523921,2026-07-14T08:00:14.988000+00:00,f7d9884352adfc6ef324374b83c32f85,STANDARD
quantt-historical-market-data,options/SLV/tick/2024-06.parquet,2024-06.parquet,options/SLV/tick,,2774365,2026-07-14T07:00:16.731000+00:00,28546889411f82bdbf9ab251f048c45b,STANDARD
quantt-historical-market-data,options/SLV/tick/2024-07.parquet,2024-07.parquet,options/SLV/tick,,2870825,2026-07-14T06:00:38.734000+00:00,812d540e372424f45df9b86d87cd3115,STANDARD
quantt-historical-market-data,options/SLV/tick/2024-08.parquet,2024-08.parquet,options/SLV/tick,,2920090,2026-07-14T05:00:36.466000+00:00,daed9ece9bf8f1e632a362b735d8beea,STANDARD
quantt-historical-market-data,options/SLV/tick/2024-09.parquet,2024-09.parquet,options/SLV/tick,,3298621,2026-07-14T05:00:10.033000+00:00,230cea38db428c78c0600aef79f41ecb,STANDARD
quantt-historical-market-data,options/SLV/tick/2024-10.parquet,2024-10.parquet,options/SLV/tick,,4397859,2026-07-14T04:00:09.591000+00:00,b7fbb9ec93aa22be83a9399d6ad06e28,STANDARD
quantt-historical-market-data,options/SLV/tick/2024-11.parquet,2024-11.parquet,options/SLV/tick,,2573550,2026-07-14T03:00:29.420000+00:00,a5e9b2babdef30a9732b1adb0c6c31ab,STANDARD
quantt-historical-market-data,options/SLV/tick/2024-12.parquet,2024-12.parquet,options/SLV/tick,,2192611,2026-07-14T02:00:47.905000+00:00,56f9cf5ebf4c42f14758c993156d995f,STANDARD
quantt-historical-market-data,options/SLV/tick/2025-01.parquet,2025-01.parquet,options/SLV/tick,,1962717,2026-07-14T01:00:44.263000+00:00,d2a2e43e7fb24046a4a83e1be75a6166,STANDARD
quantt-historical-market-data,options/SLV/tick/2025-02.parquet,2025-02.parquet,options/SLV/tick,,2196729,2026-07-14T01:00:18.317000+00:00,dcf5092975ada1f40270e9d806c3f2df,STANDARD
quantt-historical-market-data,options/SLV/tick/2025-03.parquet,2025-03.parquet,options/SLV/tick,,2945409,2026-07-14T00:00:17.184000+00:00,56c28f407d0fa3e644a99a29db68b482,STANDARD
quantt-historical-market-data,options/SLV/tick/2025-04.parquet,2025-04.parquet,options/SLV/tick,,3570441,2026-07-13T23:00:17.405000+00:00,8c7eb905683eb7904719204e4082744a,STANDARD
quantt-historical-market-data,options/SLV/tick/2025-05.parquet,2025-05.parquet,options/SLV/tick,,2346501,2026-07-13T22:00:36.893000+00:00,68555261384134348b316e6701840f09,STANDARD
quantt-historical-market-data,options/SLV/tick/2025-06.parquet,2025-06.parquet,options/SLV/tick,,3659853,2026-07-13T21:00:38.539000+00:00,1cb66d7a25ed562e4de3193180ae1a6b,STANDARD
quantt-historical-market-data,options/SLV/tick/2025-07.parquet,2025-07.parquet,options/SLV/tick,,3887323,2026-07-13T21:00:11.248000+00:00,06ef5fe3164c2a29f89d22c0b2c63e8a,STANDARD
quantt-historical-market-data,options/SLV/tick/2025-08.parquet,2025-08.parquet,options/SLV/tick,,2873618,2026-07-13T20:00:13.042000+00:00,c8696f6557bef5c669494b05c832e4d3,STANDARD
quantt-historical-market-data,options/SLV/tick/2025-09.parquet,2025-09.parquet,options/SLV/tick,,5625642,2026-07-13T19:00:17.669000+00:00,1a36d21fbfd168c37c1e6ad4cf80c6e0,STANDARD
quantt-historical-market-data,options/SLV/tick/2025-10.parquet,2025-10.parquet,options/SLV/tick,,10780454,2026-07-13T18:00:41.844000+00:00,1978624e6a555ba6a0a3f9a427e9f2f6-2,STANDARD
quantt-historical-market-data,options/SLV/tick/2025-11.parquet,2025-11.parquet,options/SLV/tick,,6031730,2026-07-13T17:00:42.999000+00:00,c8cd0b9ec58a3151eab874e1f2f0d505,STANDARD
quantt-historical-market-data,options/SLV/tick/2025-12.parquet,2025-12.parquet,options/SLV/tick,,17319143,2026-07-13T17:00:13.726000+00:00,1c705c99e9a7a00be9aa93ef0935abd7-3,STANDARD
quantt-historical-market-data,options/SLV/tick/2026-01.parquet,2026-01.parquet,options/SLV/tick,,41892057,2026-07-13T16:00:14.809000+00:00,788340666f0efd5cda040723d2090c24-5,STANDARD
quantt-historical-market-data,options/SLV/tick/2026-02.parquet,2026-02.parquet,options/SLV/tick,,25940096,2026-07-13T15:00:12.212000+00:00,1f58e8b9827f749d9d383f01aba21b66-4,STANDARD
quantt-historical-market-data,options/SLV/tick/2026-03.parquet,2026-03.parquet,options/SLV/tick,,16303766,2026-07-13T14:00:53.059000+00:00,dd7f364a84218155488a9fc5393c4373-2,STANDARD
quantt-historical-market-data,options/SLV/tick/2026-04.parquet,2026-04.parquet,options/SLV/tick,,10337865,2026-07-13T13:00:50.383000+00:00,6296c07c2a4d40c9fac27a9d438bba99-2,STANDARD
quantt-historical-market-data,options/SLV/tick/2026-05.parquet,2026-05.parquet,options/SLV/tick,,13096214,2026-07-13T13:00:22.486000+00:00,8866455ad65824c3f357d4c98443e1e1-2,STANDARD
quantt-historical-market-data,options/SLV/tick/2026-06.parquet,2026-06.parquet,options/SLV/tick,,10877190,2026-07-13T12:00:23.399000+00:00,0aa02be53cc50d38b6d208ce2e855f7e-2,STANDARD
quantt-historical-market-data,options/SLV/tick/2026-07.parquet,2026-07.parquet,options/SLV/tick,,3324545,2026-07-13T11:55:28.564000+00:00,58dc2184f1ec718d24c168877ffeb3b8,STANDARD
quantt-historical-market-data,options/SPY/tick/2014-06.parquet,2014-06.parquet,options/SPY/tick,,8226962,2026-07-12T19:00:33.276000+00:00,914c40ed0dbe67ead234f0ccd51200f3,STANDARD
quantt-historical-market-data,options/SPY/tick/2014-07.parquet,2014-07.parquet,options/SPY/tick,,8357334,2026-07-12T19:00:28.775000+00:00,bc913bb7c9038a4af7626d9e03c7e1da,STANDARD
quantt-historical-market-data,options/SPY/tick/2014-08.parquet,2014-08.parquet,options/SPY/tick,,10707677,2026-07-12T19:00:27.034000+00:00,09f59c3a4ac142611523b0a0d160dda0-2,STANDARD
quantt-historical-market-data,options/SPY/tick/2014-09.parquet,2014-09.parquet,options/SPY/tick,,10051724,2026-07-12T19:00:24.863000+00:00,f3d7a71bde16174feee16d10fa0611a4-2,STANDARD
quantt-historical-market-data,options/SPY/tick/2014-10.parquet,2014-10.parquet,options/SPY/tick,,22168253,2026-07-12T18:00:49.853000+00:00,a9eb409c0e86254a1fbe8fe725940310-3,STANDARD
quantt-historical-market-data,options/SPY/tick/2014-11.parquet,2014-11.parquet,options/SPY/tick,,8331805,2026-07-12T18:00:47.588000+00:00,49a46ca47416cceec403fc7e94a13926,STANDARD
quantt-historical-market-data,options/SPY/tick/2014-12.parquet,2014-12.parquet,options/SPY/tick,,12699000,2026-07-12T18:00:25.415000+00:00,bf93f112afcfbd8cb70b4441a77add5e-2,STANDARD
quantt-historical-market-data,options/SPY/tick/2015-01.parquet,2015-01.parquet,options/SPY/tick,,14893527,2026-07-12T18:00:24.012000+00:00,aea1be87bd40696a853dcf328f147deb-2,STANDARD
quantt-historical-market-data,options/SPY/tick/2015-02.parquet,2015-02.parquet,options/SPY/tick,,9939444,2026-07-12T18:00:21.871000+00:00,f347327a93ec66eae39dba295e887087-2,STANDARD
quantt-historical-market-data,options/SPY/tick/2015-03.parquet,2015-03.parquet,options/SPY/tick,,11976908,2026-07-12T17:00:44.542000+00:00,35aef090b84fa600b5c5d8a237bf13ce-2,STANDARD
quantt-historical-market-data,options/SPY/tick/2015-04.parquet,2015-04.parquet,options/SPY/tick,,9191347,2026-07-12T17:00:43.121000+00:00,a115be6b8384095d96af2e18ff8135d1-2,STANDARD
quantt-historical-market-data,options/SPY/tick/2015-05.parquet,2015-05.parquet,options/SPY/tick,,10194722,2026-07-12T17:00:20.022000+00:00,4f97a5d24b4f3fb93584d382a7bf08bf-2,STANDARD
quantt-historical-market-data,options/SPY/tick/2015-06.parquet,2015-06.parquet,options/SPY/tick,,11685853,2026-07-12T17:00:18.346000+00:00,8da9ff906e80fff26a41d0e2d5e94b98-2,STANDARD
quantt-historical-market-data,options/SPY/tick/2015-07.parquet,2015-07.parquet,options/SPY/tick,,12333812,2026-07-12T17:00:16.492000+00:00,fbdb3e88ae94b456b766bb65f9a45937-2,STANDARD
quantt-historical-market-data,options/SPY/tick/2015-08.parquet,2015-08.parquet,options/SPY/tick,,19225096,2026-07-12T16:00:42.207000+00:00,d63338e7718aa4bc0c52e56fdcd03709-3,STANDARD
quantt-historical-market-data,options/SPY/tick/2015-09.parquet,2015-09.parquet,options/SPY/tick,,18147576,2026-07-12T16:00:39.895000+00:00,7586a1d9d135f749c2d9f22bf009653a-3,STANDARD
quantt-historical-market-data,options/SPY/tick/2015-10.parquet,2015-10.parquet,options/SPY/tick,,14861688,2026-07-12T16:00:17.099000+00:00,f68b2441ffc8c84a405442f5785eb2e1-2,STANDARD
quantt-historical-market-data,options/SPY/tick/2015-11.parquet,2015-11.parquet,options/SPY/tick,,11236112,2026-07-12T16:00:15.474000+00:00,d36d54a7a2ab30182c78f96d12cb3a29-2,STANDARD
quantt-historical-market-data,options/SPY/tick/2015-12.parquet,2015-12.parquet,options/SPY/tick,,15188559,2026-07-12T16:00:13.632000+00:00,a0821a76021eecd8e38b766410b47534-2,STANDARD
quantt-historical-market-data,options/SPY/tick/2016-01.parquet,2016-01.parquet,options/SPY/tick,,19096479,2026-07-12T15:00:40.241000+00:00,423c039acc5b39259f4c6495a24fc599-3,STANDARD
quantt-historical-market-data,options/SPY/tick/2016-02.parquet,2016-02.parquet,options/SPY/tick,,16665034,2026-07-12T15:00:38.617000+00:00,0417e566b86784cca7ace8f55ead4d57-2,STANDARD
quantt-historical-market-data,options/SPY/tick/2016-03.parquet,2016-03.parquet,options/SPY/tick,,14952512,2026-07-12T15:00:15.821000+00:00,e9ed01ce23b535f6b9b60935401486a8-2,STANDARD
quantt-historical-market-data,options/SPY/tick/2016-04.parquet,2016-04.parquet,options/SPY/tick,,12924076,2026-07-12T15:00:14.407000+00:00,8bbaaed0675855210f4df9a77e113675-2,STANDARD
quantt-historical-market-data,options/SPY/tick/2016-05.parquet,2016-05.parquet,options/SPY/tick,,12370280,2026-07-12T15:00:12.648000+00:00,f4a1b9b0fb62de37c00b6743cd11a59d-2,STANDARD
quantt-historical-market-data,options/SPY/tick/2016-06.parquet,2016-06.parquet,options/SPY/tick,,16303232,2026-07-12T14:00:34.612000+00:00,ca47ec55f439f3c1fb6c4f1d00137fef-2,STANDARD
quantt-historical-market-data,options/SPY/tick/2016-07.parquet,2016-07.parquet,options/SPY/tick,,11695907,2026-07-12T14:00:33.131000+00:00,0a1342b3aa4cc0baaa746a2445501d0c-2,STANDARD
quantt-historical-market-data,options/SPY/tick/2016-08.parquet,2016-08.parquet,options/SPY/tick,,11379298,2026-07-12T14:00:10.553000+00:00,07bc908f95f024b6f8e511b090662b2e-2,STANDARD
quantt-historical-market-data,options/SPY/tick/2016-09.parquet,2016-09.parquet,options/SPY/tick,,14892063,2026-07-12T14:00:08.267000+00:00,1dfc1aec816d3cffed685c269792e45c-2,STANDARD
quantt-historical-market-data,options/SPY/tick/2016-10.parquet,2016-10.parquet,options/SPY/tick,,12492944,2026-07-12T14:00:06.777000+00:00,445ddb1c1f72447abcee6784a5f35cdf-2,STANDARD
quantt-historical-market-data,options/SPY/tick/2016-11.parquet,2016-11.parquet,options/SPY/tick,,15289343,2026-07-12T13:00:50.392000+00:00,2b7fc686229ce1bc261487ac280ae134-2,STANDARD
quantt-historical-market-data,options/SPY/tick/2016-12.parquet,2016-12.parquet,options/SPY/tick,,12418089,2026-07-12T13:00:49.082000+00:00,f07ede20f9e18fbe83cd4f76c2695fe5-2,STANDARD
quantt-historical-market-data,options/SPY/tick/2017-01.parquet,2017-01.parquet,options/SPY/tick,,10365730,2026-07-12T13:00:27.107000+00:00,125ccba592dfebe0678f8a319fc010e1-2,STANDARD
quantt-historical-market-data,options/SPY/tick/2017-02.parquet,2017-02.parquet,options/SPY/tick,,10651113,2026-07-12T13:00:25.282000+00:00,86f3d4f7fdd55b4f6f8542e29bb39a22-2,STANDARD
quantt-historical-market-data,options/SPY/tick/2017-03.parquet,2017-03.parquet,options/SPY/tick,,14323104,2026-07-12T13:00:23.624000+00:00,f47e198f8ae9d47bd0036f18b12043b9-2,STANDARD
quantt-historical-market-data,options/SPY/tick/2017-04.parquet,2017-04.parquet,options/SPY/tick,,12530500,2026-07-12T12:00:34.160000+00:00,9a82986e04defd3ccadd7590d560ee0e-2,STANDARD
quantt-historical-market-data,options/SPY/tick/2017-05.parquet,2017-05.parquet,options/SPY/tick,,12007444,2026-07-12T12:00:32.949000+00:00,6f7051afa4206b758cb2203867109828-2,STANDARD
quantt-historical-market-data,options/SPY/tick/2017-06.parquet,2017-06.parquet,options/SPY/tick,,11906974,2026-07-12T12:00:10.789000+00:00,4af2de420b67a1d0bbda189835a299d2-2,STANDARD
quantt-historical-market-data,options/SPY/tick/2017-07.parquet,2017-07.parquet,options/SPY/tick,,9397090,2026-07-12T12:00:09.235000+00:00,a45b366cb4cbbfda3b7757dc6a0076a3-2,STANDARD
quantt-historical-market-data,options/SPY/tick/2017-08.parquet,2017-08.parquet,options/SPY/tick,,14931496,2026-07-12T12:00:07.696000+00:00,9b0dc28cc8ef17328d2d37d7c7b278bd-2,STANDARD
quantt-historical-market-data,options/SPY/tick/2017-09.parquet,2017-09.parquet,options/SPY/tick,,10685864,2026-07-12T11:01:12.406000+00:00,82b675367fb2776830e23af20ce918dc-2,STANDARD
quantt-historical-market-data,options/SPY/tick/2017-10.parquet,2017-10.parquet,options/SPY/tick,,10640790,2026-07-12T11:01:11.125000+00:00,13424543d3ae733b3bb6d1beb0ce8f95-2,STANDARD
quantt-historical-market-data,options/SPY/tick/2017-11.parquet,2017-11.parquet,options/SPY/tick,,11137658,2026-07-12T11:00:48.785000+00:00,631c2d3fc243fedf769ea94dd6c41b69-2,STANDARD
quantt-historical-market-data,options/SPY/tick/2017-12.parquet,2017-12.parquet,options/SPY/tick,,11948541,2026-07-12T11:00:47.230000+00:00,07cb7107d2bda3a5dc69e4c0660d8413-2,STANDARD
quantt-historical-market-data,options/SPY/tick/2018-01.parquet,2018-01.parquet,options/SPY/tick,,16741283,2026-07-12T11:00:44.961000+00:00,edfcfd281c36d6c691acd813da9a1ee2-2,STANDARD
quantt-historical-market-data,options/SPY/tick/2018-02.parquet,2018-02.parquet,options/SPY/tick,,27649983,2026-07-12T10:00:39.893000+00:00,20a8763080b652ae3b182889867c2fa6-4,STANDARD
quantt-historical-market-data,options/SPY/tick/2018-03.parquet,2018-03.parquet,options/SPY/tick,,28932793,2026-07-12T10:00:36.985000+00:00,7549f4cd66c3bcbb988321a6bee26386-4,STANDARD
quantt-historical-market-data,options/SPY/tick/2018-04.parquet,2018-04.parquet,options/SPY/tick,,26110625,2026-07-12T10:00:13.796000+00:00,fdd97f25057a0e9a795b310d454a0b1d-4,STANDARD
quantt-historical-market-data,options/SPY/tick/2018-05.parquet,2018-05.parquet,options/SPY/tick,,20957386,2026-07-12T10:00:12.086000+00:00,3ff56ef010bf98d0154c4abb822415a5-3,STANDARD
quantt-historical-market-data,options/SPY/tick/2018-06.parquet,2018-06.parquet,options/SPY/tick,,16704947,2026-07-12T10:00:09.867000+00:00,ef240cb57e4ddfcee94931d4d7ec206b-2,STANDARD
quantt-historical-market-data,options/SPY/tick/2018-07.parquet,2018-07.parquet,options/SPY/tick,,13493329,2026-07-12T09:00:54.227000+00:00,64d795111915e9aaf567ae03a17c084b-2,STANDARD
quantt-historical-market-data,options/SPY/tick/2018-08.parquet,2018-08.parquet,options/SPY/tick,,15970897,2026-07-12T09:00:52.620000+00:00,6205340b333850f872a10f9339796f52-2,STANDARD
quantt-historical-market-data,options/SPY/tick/2018-09.parquet,2018-09.parquet,options/SPY/tick,,13393228,2026-07-12T09:00:30.402000+00:00,cfe4b76a0f3bdf445bf2309e174ec632-2,STANDARD
quantt-historical-market-data,options/SPY/tick/2018-10.parquet,2018-10.parquet,options/SPY/tick,,32095438,2026-07-12T09:00:29.048000+00:00,cef46023156796e80c32d787870a8cab-4,STANDARD
quantt-historical-market-data,options/SPY/tick/2018-11.parquet,2018-11.parquet,options/SPY/tick,,25135707,2026-07-12T09:00:26.883000+00:00,3070c4c5f08c8b89679ed53b19bed7bf-3,STANDARD
quantt-historical-market-data,options/SPY/tick/2018-12.parquet,2018-12.parquet,options/SPY/tick,,34846300,2026-07-12T08:00:44.678000+00:00,9b7ca7d0ee6c8b32a2c075e49f48f80a-5,STANDARD
quantt-historical-market-data,options/SPY/tick/2019-01.parquet,2019-01.parquet,options/SPY/tick,,26443292,2026-07-12T08:00:42.426000+00:00,146064178dc8843fd31532407fe9747e-4,STANDARD
quantt-historical-market-data,options/SPY/tick/2019-02.parquet,2019-02.parquet,options/SPY/tick,,19106805,2026-07-12T08:00:19.191000+00:00,5c7a53b185dd90a7f1adfc7d1f6fe020-3,STANDARD
quantt-historical-market-data,options/SPY/tick/2019-03.parquet,2019-03.parquet,options/SPY/tick,,26147874,2026-07-12T08:00:17.759000+00:00,e6100f57506780abffae961c48e74f66-4,STANDARD
quantt-historical-market-data,options/SPY/tick/2019-04.parquet,2019-04.parquet,options/SPY/tick,,17999399,2026-07-12T08:00:16.089000+00:00,44bb90d13f0e582d2e8b4868483e8905-3,STANDARD
quantt-historical-market-data,options/SPY/tick/2019-05.parquet,2019-05.parquet,options/SPY/tick,,34140668,2026-07-12T07:00:59.381000+00:00,e9894c3cbac216a60aa2a5200f6ff92f-5,STANDARD
quantt-historical-market-data,options/SPY/tick/2019-06.parquet,2019-06.parquet,options/SPY/tick,,25243748,2026-07-12T07:00:57.620000+00:00,0aed88731108a57d8bb71ddddd65cc32-4,STANDARD
quantt-historical-market-data,options/SPY/tick/2019-07.parquet,2019-07.parquet,options/SPY/tick,,22089678,2026-07-12T07:00:32.146000+00:00,ecd8e32455ce36bcaf552a5f80618a9c-3,STANDARD
quantt-historical-market-data,options/SPY/tick/2019-08.parquet,2019-08.parquet,options/SPY/tick,,46106656,2026-07-12T07:00:27.059000+00:00,5aaa07de2cb42e6d93fe60af92b94b62-6,STANDARD
quantt-historical-market-data,options/SPY/tick/2019-09.parquet,2019-09.parquet,options/SPY/tick,,29122097,2026-07-12T07:00:24.552000+00:00,b2e01182585a6ed225fade9a9767b461-4,STANDARD
quantt-historical-market-data,options/SPY/tick/2019-10.parquet,2019-10.parquet,options/SPY/tick,,34408414,2026-07-12T06:00:53.899000+00:00,34684b2bab01f91fe382fc803577dea1-5,STANDARD
quantt-historical-market-data,options/SPY/tick/2019-11.parquet,2019-11.parquet,options/SPY/tick,,23066672,2026-07-12T06:00:51.917000+00:00,ce455c9287e057aa728cc800b9e16cb2-3,STANDARD
quantt-historical-market-data,options/SPY/tick/2019-12.parquet,2019-12.parquet,options/SPY/tick,,23544072,2026-07-12T06:00:29.545000+00:00,9ba1d36ad0735c96e1e6008e449cb4ad-3,STANDARD
quantt-historical-market-data,options/SPY/tick/2020-01.parquet,2020-01.parquet,options/SPY/tick,,30461974,2026-07-12T06:00:27.944000+00:00,7178c37bacde086eb155576346d71430-4,STANDARD
quantt-historical-market-data,options/SPY/tick/2020-02.parquet,2020-02.parquet,options/SPY/tick,,47032122,2026-07-12T06:00:25.745000+00:00,623e87e578fff85b9941fb7c6a07c30d-6,STANDARD
quantt-historical-market-data,options/SPY/tick/2020-03.parquet,2020-03.parquet,options/SPY/tick,,110176293,2026-07-12T05:01:24.381000+00:00,d4fa84285db3aa2e13d608302fbbb35c-14,STANDARD
quantt-historical-market-data,options/SPY/tick/2020-04.parquet,2020-04.parquet,options/SPY/tick,,81089030,2026-07-12T05:01:20.905000+00:00,31ba0d79cf1fb3f2355167422cb9e8c8-10,STANDARD
quantt-historical-market-data,options/SPY/tick/2020-05.parquet,2020-05.parquet,options/SPY/tick,,69904916,2026-07-12T05:00:56.966000+00:00,e09486dbda14b018307cd99a3221b0f0-9,STANDARD
quantt-historical-market-data,options/SPY/tick/2020-06.parquet,2020-06.parquet,options/SPY/tick,,84800490,2026-07-12T05:00:54.341000+00:00,e9dc3153f51d8b088ad9d3863cd63454-11,STANDARD
quantt-historical-market-data,options/SPY/tick/2020-07.parquet,2020-07.parquet,options/SPY/tick,,59640489,2026-07-12T05:00:50.961000+00:00,f81cf87a9b9512eba07dc4f7b6fd5a71-8,STANDARD
quantt-historical-market-data,options/SPY/tick/2020-08.parquet,2020-08.parquet,options/SPY/tick,,47748787,2026-07-12T04:00:47.733000+00:00,f9197f414488aaec6ef6b3955661b270-6,STANDARD
quantt-historical-market-data,options/SPY/tick/2020-09.parquet,2020-09.parquet,options/SPY/tick,,72387674,2026-07-12T04:00:45.389000+00:00,8b23579e18fc912b8f26e8333734a8c6-9,STANDARD
quantt-historical-market-data,options/SPY/tick/2020-10.parquet,2020-10.parquet,options/SPY/tick,,70809256,2026-07-12T04:00:22.003000+00:00,8236e3ed6db7b2390a96c15ab6db1eb9-9,STANDARD
quantt-historical-market-data,options/SPY/tick/2020-11.parquet,2020-11.parquet,options/SPY/tick,,58551559,2026-07-12T04:00:18.536000+00:00,95edd731a5feb1accbb63a28e0ad946a-7,STANDARD
quantt-historical-market-data,options/SPY/tick/2020-12.parquet,2020-12.parquet,options/SPY/tick,,52229715,2026-07-12T04:00:15.499000+00:00,86e32c76cd74f9a7f3c799a9a8d09145-7,STANDARD
quantt-historical-market-data,options/SPY/tick/2021-01.parquet,2021-01.parquet,options/SPY/tick,,62577940,2026-07-12T03:01:34.435000+00:00,3bfdda4b4e846904c84cac9a22707c7a-8,STANDARD
quantt-historical-market-data,options/SPY/tick/2021-02.parquet,2021-02.parquet,options/SPY/tick,,60364754,2026-07-12T03:01:06.268000+00:00,8b94b7fea2977fd65f21091a42d5dbd4-8,STANDARD
quantt-historical-market-data,options/SPY/tick/2021-03.parquet,2021-03.parquet,options/SPY/tick,,77785235,2026-07-12T03:00:39.877000+00:00,02ba14b4d01493eae5d7aab21e0db2d1-10,STANDARD
quantt-historical-market-data,options/SPY/tick/2021-04.parquet,2021-04.parquet,options/SPY/tick,,58353296,2026-07-12T03:00:32.863000+00:00,377060482a7f4f2e66e26937f02ed041-7,STANDARD
quantt-historical-market-data,options/SPY/tick/2021-05.parquet,2021-05.parquet,options/SPY/tick,,66273512,2026-07-12T03:00:29.964000+00:00,554497afb4b14e763db0d20b6ea85ccb-8,STANDARD
quantt-historical-market-data,options/SPY/tick/2021-06.parquet,2021-06.parquet,options/SPY/tick,,50475524,2026-07-12T02:01:34.546000+00:00,0658691da136deff5973240980a312b0-7,STANDARD
quantt-historical-market-data,options/SPY/tick/2021-07.parquet,2021-07.parquet,options/SPY/tick,,65424325,2026-07-12T02:01:31.862000+00:00,7729097c376fc339c25cb3fef5e974d2-8,STANDARD
quantt-historical-market-data,options/SPY/tick/2021-08.parquet,2021-08.parquet,options/SPY/tick,,58194514,2026-07-12T02:01:07.448000+00:00,917f1f4df0f423a29e71759c14850a2c-7,STANDARD
quantt-historical-market-data,options/SPY/tick/2021-09.parquet,2021-09.parquet,options/SPY/tick,,77946389,2026-07-12T02:01:04.777000+00:00,8665b4b9eeee51abf1462ab4cc1e78b2-10,STANDARD
quantt-historical-market-data,options/SPY/tick/2021-10.parquet,2021-10.parquet,options/SPY/tick,,78840541,2026-07-12T02:01:01.381000+00:00,b7eb777c6ccbbb91d1889635ebac1819-10,STANDARD
quantt-historical-market-data,options/SPY/tick/2021-11.parquet,2021-11.parquet,options/SPY/tick,,66086878,2026-07-12T01:03:53.084000+00:00,5bc19c26c8248e540fa455ce12a921d4-8,STANDARD
quantt-historical-market-data,options/SPY/tick/2021-12.parquet,2021-12.parquet,options/SPY/tick,,92319332,2026-07-12T01:03:03.645000+00:00,e462e840e03adac2cba6306b8587108f-12,STANDARD
quantt-historical-market-data,options/SPY/tick/2022-01.parquet,2022-01.parquet,options/SPY/tick,,114019883,2026-07-12T01:01:49.753000+00:00,514394698bf556c6f0cc4cc8bd6eb62a-14,STANDARD
quantt-historical-market-data,options/SPY/tick/2022-02.parquet,2022-02.parquet,options/SPY/tick,,119437450,2026-07-12T01:01:44.602000+00:00,b59a8a6771efd149ca6aedf2792c6ad4-15,STANDARD
quantt-historical-market-data,options/SPY/tick/2022-03.parquet,2022-03.parquet,options/SPY/tick,,127682789,2026-07-12T01:01:36.579000+00:00,67f3ade665f9e1b103053f8ff3aefa48-16,STANDARD
quantt-historical-market-data,options/SPY/tick/2022-04.parquet,2022-04.parquet,options/SPY/tick,,109775065,2026-07-12T00:02:31.094000+00:00,078aab47ed786574b5f6d5102ebf7e67-14,STANDARD
quantt-historical-market-data,options/SPY/tick/2022-05.parquet,2022-05.parquet,options/SPY/tick,,147935478,2026-07-12T00:02:25.760000+00:00,8697613ef9553c3c459de8963ea92236-18,STANDARD
quantt-historical-market-data,options/SPY/tick/2022-06.parquet,2022-06.parquet,options/SPY/tick,,137539640,2026-07-12T00:01:33.673000+00:00,1de74476f27f3925a7ad2b18853d0493-17,STANDARD
quantt-historical-market-data,options/SPY/tick/2022-07.parquet,2022-07.parquet,options/SPY/tick,,124846069,2026-07-12T00:01:22.122000+00:00,acd1d5fa0709773fabe438b865c46caa-15,STANDARD
quantt-historical-market-data,options/SPY/tick/2022-08.parquet,2022-08.parquet,options/SPY/tick,,127138301,2026-07-12T00:01:14.236000+00:00,e058af20436212d81a2434c957b022f1-16,STANDARD
quantt-historical-market-data,options/SPY/tick/2022-09.parquet,2022-09.parquet,options/SPY/tick,,166906044,2026-07-11T23:10:21.580000+00:00,00cd33a8ffb0089bbf50bc5e909178a3-20,STANDARD
quantt-historical-market-data,options/SPY/tick/2022-10.parquet,2022-10.parquet,options/SPY/tick,,164170739,2026-07-11T23:09:52.666000+00:00,24faa437f34f1f7536a409d9a4bdf72e-20,STANDARD
quantt-historical-market-data,options/SPY/tick/2022-11.parquet,2022-11.parquet,options/SPY/tick,,143663310,2026-07-11T23:04:17.165000+00:00,1314789de213320d1591c846743ec933-18,STANDARD
quantt-historical-market-data,options/SPY/tick/2022-12.parquet,2022-12.parquet,options/SPY/tick,,158654308,2026-07-11T23:04:05.207000+00:00,266569184fb974c0f6f7ae61ada3c3a0-19,STANDARD
quantt-historical-market-data,options/SPY/tick/2023-01.parquet,2023-01.parquet,options/SPY/tick,,149425096,2026-07-11T23:03:55.561000+00:00,b327d1dd024301f5348486313d8f33da-18,STANDARD
quantt-historical-market-data,options/SPY/tick/2023-02.parquet,2023-02.parquet,options/SPY/tick,,145790124,2026-07-11T22:01:19.363000+00:00,7491e9d7869c1dfec1d28838d05bbc9f-18,STANDARD
quantt-historical-market-data,options/SPY/tick/2023-03.parquet,2023-03.parquet,options/SPY/tick,,182348038,2026-07-11T22:01:14.624000+00:00,478bab3229458fb7394b5ea14c3b117c-22,STANDARD
quantt-historical-market-data,options/SPY/tick/2023-04.parquet,2023-04.parquet,options/SPY/tick,,122875391,2026-07-11T22:00:48.217000+00:00,b0e7c98dbd7a1448a48c2fe0af208948-15,STANDARD
quantt-historical-market-data,options/SPY/tick/2023-05.parquet,2023-05.parquet,options/SPY/tick,,138349203,2026-07-11T22:00:43.653000+00:00,e5af8c946453256f1fc2fcf38cca9bd0-17,STANDARD
quantt-historical-market-data,options/SPY/tick/2023-06.parquet,2023-06.parquet,options/SPY/tick,,124603976,2026-07-11T22:00:39.338000+00:00,422d01960fd2bd202f63e029b3e43c0e-15,STANDARD
quantt-historical-market-data,options/SPY/tick/2023-07.parquet,2023-07.parquet,options/SPY/tick,,104807074,2026-07-11T21:01:11.799000+00:00,ae330c080feadbceb979bcb9f0a90318-13,STANDARD
quantt-historical-market-data,options/SPY/tick/2023-08.parquet,2023-08.parquet,options/SPY/tick,,148112411,2026-07-11T21:01:08.405000+00:00,065f3946b4e8ad5da0081e9fbc519f4f-18,STANDARD
quantt-historical-market-data,options/SPY/tick/2023-09.parquet,2023-09.parquet,options/SPY/tick,,121375264,2026-07-11T21:00:40.109000+00:00,c9b70ad7216b7a0424730a735b70ad71-15,STANDARD
quantt-historical-market-data,options/SPY/tick/2023-10.parquet,2023-10.parquet,options/SPY/tick,,152779835,2026-07-11T21:00:31.568000+00:00,1426eb30cc6ddf86e8f31e94a966760a-19,STANDARD
quantt-historical-market-data,options/SPY/tick/2023-11.parquet,2023-11.parquet,options/SPY/tick,,111317021,2026-07-11T21:00:26.999000+00:00,481e3e2f5eafe6e92ed40a4ceade9edb-14,STANDARD
quantt-historical-market-data,options/SPY/tick/2023-12.parquet,2023-12.parquet,options/SPY/tick,,105207585,2026-07-11T20:01:19.631000+00:00,79066971761a3e9e79fafe211068212a-13,STANDARD
quantt-historical-market-data,options/SPY/tick/2024-01.parquet,2024-01.parquet,options/SPY/tick,,120798893,2026-07-11T20:01:16.181000+00:00,8155145e4916e3f3038dea2ed24696a2-15,STANDARD
quantt-historical-market-data,options/SPY/tick/2024-02.parquet,2024-02.parquet,options/SPY/tick,,116104061,2026-07-11T20:00:50.586000+00:00,586191976bb31e733fe858766808201f-14,STANDARD
quantt-historical-market-data,options/SPY/tick/2024-03.parquet,2024-03.parquet,options/SPY/tick,,118597970,2026-07-11T20:00:46.363000+00:00,7a98b24ef2741c9bee28f06924177de7-15,STANDARD
quantt-historical-market-data,options/SPY/tick/2024-04.parquet,2024-04.parquet,options/SPY/tick,,151100808,2026-07-11T20:00:40.419000+00:00,c8cad810b9b77514b967c2c121980b04-19,STANDARD
quantt-historical-market-data,options/SPY/tick/2024-05.parquet,2024-05.parquet,options/SPY/tick,,116669046,2026-07-11T19:07:08.686000+00:00,15e1f3afdeb63fa493aa8649e10e3960-14,STANDARD
quantt-historical-market-data,options/SPY/tick/2024-06.parquet,2024-06.parquet,options/SPY/tick,,108063803,2026-07-11T19:07:04.971000+00:00,d6b60d78feb1a5f11245b7abe8aea238-13,STANDARD
quantt-historical-market-data,options/SPY/tick/2024-07.parquet,2024-07.parquet,options/SPY/tick,,128188003,2026-07-11T19:03:53.196000+00:00,6fa269e55aef673d4f5e11f2af004ae6-16,STANDARD
quantt-historical-market-data,options/SPY/tick/2024-08.parquet,2024-08.parquet,options/SPY/tick,,166344736,2026-07-11T19:03:41.510000+00:00,35ad785eaa57183eb4e062a49ce79d3d-20,STANDARD
quantt-historical-market-data,options/SPY/tick/2024-09.parquet,2024-09.parquet,options/SPY/tick,,150122463,2026-07-11T19:03:29.664000+00:00,36ca9f27cc4c97afb0a5ccb95dd4f132-18,STANDARD
quantt-historical-market-data,options/SPY/tick/2024-10.parquet,2024-10.parquet,options/SPY/tick,,146100890,2026-07-11T18:01:22.652000+00:00,6982679592390f96c7ab8bd20a0f41cd-18,STANDARD
quantt-historical-market-data,options/SPY/tick/2024-11.parquet,2024-11.parquet,options/SPY/tick,,128837021,2026-07-11T18:01:17.507000+00:00,b5f1115de240eac201907336daf7a27f-16,STANDARD
quantt-historical-market-data,options/SPY/tick/2024-12.parquet,2024-12.parquet,options/SPY/tick,,121867228,2026-07-11T18:00:52.478000+00:00,69e7b8224e90391d3b94594713e9c7a8-15,STANDARD
quantt-historical-market-data,options/SPY/tick/2025-01.parquet,2025-01.parquet,options/SPY/tick,,148982869,2026-07-11T18:00:48.059000+00:00,9d85dd6c2bb1cbbe8853d8b73038c43a-18,STANDARD
quantt-historical-market-data,options/SPY/tick/2025-02.parquet,2025-02.parquet,options/SPY/tick,,136990558,2026-07-11T18:00:41.632000+00:00,24af983c8630a4ab6965d345e04bb9ed-17,STANDARD
quantt-historical-market-data,options/SPY/tick/2025-03.parquet,2025-03.parquet,options/SPY/tick,,216803693,2026-07-11T17:02:11.920000+00:00,eb44f2f3bf57b20450deb78075bb8de2-26,STANDARD
quantt-historical-market-data,options/SPY/tick/2025-04.parquet,2025-04.parquet,options/SPY/tick,,254338110,2026-07-11T17:02:05.888000+00:00,b3c45090cb28e8bb861a9f1f3e1c91bb-31,STANDARD
quantt-historical-market-data,options/SPY/tick/2025-05.parquet,2025-05.parquet,options/SPY/tick,,199191318,2026-07-11T17:01:12.020000+00:00,ea6e3ceef63a5a100e741358883bb003-24,STANDARD
quantt-historical-market-data,options/SPY/tick/2025-06.parquet,2025-06.parquet,options/SPY/tick,,156986393,2026-07-11T17:00:45.159000+00:00,5ae9677b3ec40c620a9eff6ef8b696d2-19,STANDARD
quantt-historical-market-data,options/SPY/tick/2025-07.parquet,2025-07.parquet,options/SPY/tick,,140456372,2026-07-11T17:00:39.569000+00:00,9225c22971610dd1ca42bd00a0f44191-17,STANDARD
quantt-historical-market-data,options/SPY/tick/2025-08.parquet,2025-08.parquet,options/SPY/tick,,153045881,2026-07-11T16:01:33.926000+00:00,f9525e78d4ba0f2d1e50c9190a8b3b77-19,STANDARD
quantt-historical-market-data,options/SPY/tick/2025-09.parquet,2025-09.parquet,options/SPY/tick,,142189461,2026-07-11T16:01:29.053000+00:00,5d79fd6eb8f3ff4cb5b78c67fa773a59-17,STANDARD
quantt-historical-market-data,options/SPY/tick/2025-10.parquet,2025-10.parquet,options/SPY/tick,,185310760,2026-07-11T16:01:00.793000+00:00,5423a698e6a3d9d01429b4ea1ae05135-23,STANDARD
quantt-historical-market-data,options/SPY/tick/2025-11.parquet,2025-11.parquet,options/SPY/tick,,195499736,2026-07-11T16:00:51.621000+00:00,d546f251dd35429339a02a9621ae2302-24,STANDARD
quantt-historical-market-data,options/SPY/tick/2025-12.parquet,2025-12.parquet,options/SPY/tick,,176761629,2026-07-11T16:00:45.655000+00:00,aae75c84c12e9475e9970f07dd515199-22,STANDARD
quantt-historical-market-data,options/SPY/tick/2026-01.parquet,2026-01.parquet,options/SPY/tick,,175222752,2026-07-11T15:01:33.592000+00:00,9173678f447a125335325483aa906ebf-21,STANDARD
quantt-historical-market-data,options/SPY/tick/2026-02.parquet,2026-02.parquet,options/SPY/tick,,188540982,2026-07-11T15:01:28.875000+00:00,fde8fb0478f8cbda557f472eb6b0c83e-23,STANDARD
quantt-historical-market-data,options/SPY/tick/2026-03.parquet,2026-03.parquet,options/SPY/tick,,250998360,2026-07-11T15:01:00.141000+00:00,38929a81fae5a6de8041420c34bbf91a-30,STANDARD
quantt-historical-market-data,options/SPY/tick/2026-04.parquet,2026-04.parquet,options/SPY/tick,,209234755,2026-07-11T15:00:45.992000+00:00,e7f88c50a9c03ea2886f136fb2883d86-25,STANDARD
quantt-historical-market-data,options/SPY/tick/2026-05.parquet,2026-05.parquet,options/SPY/tick,,180171616,2026-07-11T15:00:39.400000+00:00,c676cd44c3b6df824ad09014509f891e-22,STANDARD
quantt-historical-market-data,options/SPY/tick/2026-06.parquet,2026-06.parquet,options/SPY/tick,,249296394,2026-07-11T14:01:48.393000+00:00,e2e84127fa4a6a403a0c33e19ef90a6b-30,STANDARD
quantt-historical-market-data,options/SPY/tick/2026-07.parquet,2026-07.parquet,options/SPY/tick,,93773737,2026-07-11T14:01:41.153000+00:00,5d7ecca8790ff37cb22c2aa625ffd2e7-12,STANDARD
quantt-historical-market-data,options/TLT/tick/2023-11.parquet,2023-11.parquet,options/TLT/tick,,4285885,2026-07-14T13:00:23.595000+00:00,525b1d5b7fdd3110972253a04808101d,STANDARD
quantt-historical-market-data,options/TLT/tick/2023-12.parquet,2023-12.parquet,options/TLT/tick,,4597516,2026-07-14T12:00:24.475000+00:00,a7f4337b882879af67a93a8612c8f92f,STANDARD
quantt-historical-market-data,options/TLT/tick/2024-01.parquet,2024-01.parquet,options/TLT/tick,,3618895,2026-07-14T11:00:42.872000+00:00,f83d7da06cba01bb49ad3a5992a73476,STANDARD
quantt-historical-market-data,options/TLT/tick/2024-02.parquet,2024-02.parquet,options/TLT/tick,,3287404,2026-07-14T10:00:43.278000+00:00,3fba332167151a23463d14acbe9b59f5,STANDARD
quantt-historical-market-data,options/TLT/tick/2024-03.parquet,2024-03.parquet,options/TLT/tick,,3015920,2026-07-14T10:00:16.767000+00:00,60d8685fd86ce98a8e8d0f98fdb3222c,STANDARD
quantt-historical-market-data,options/TLT/tick/2024-04.parquet,2024-04.parquet,options/TLT/tick,,3866298,2026-07-14T09:00:16.351000+00:00,eb285e5ef400aba24dfb22640eae775e,STANDARD
quantt-historical-market-data,options/TLT/tick/2024-05.parquet,2024-05.parquet,options/TLT/tick,,3140671,2026-07-14T08:00:16.705000+00:00,84d7e05501dd87ef8fe43398538751b2,STANDARD
quantt-historical-market-data,options/TLT/tick/2024-06.parquet,2024-06.parquet,options/TLT/tick,,3426933,2026-07-14T07:00:37.988000+00:00,5c2c486381158f87a194edaafdf90294,STANDARD
quantt-historical-market-data,options/TLT/tick/2024-07.parquet,2024-07.parquet,options/TLT/tick,,3578248,2026-07-14T06:00:39.530000+00:00,8b10d6fa626691736907e0ebdd76eedf,STANDARD
quantt-historical-market-data,options/TLT/tick/2024-08.parquet,2024-08.parquet,options/TLT/tick,,5734371,2026-07-14T06:00:12.628000+00:00,17beb436bd8d49de8315d22a7c8a4238,STANDARD
quantt-historical-market-data,options/TLT/tick/2024-09.parquet,2024-09.parquet,options/TLT/tick,,5707717,2026-07-14T05:00:11.249000+00:00,2880f85885b06f65d93f9d6d4c92500d,STANDARD
quantt-historical-market-data,options/TLT/tick/2024-10.parquet,2024-10.parquet,options/TLT/tick,,6746338,2026-07-14T04:00:11.336000+00:00,671d35b2039e1520b527e1a70732d966,STANDARD
quantt-historical-market-data,options/TLT/tick/2024-11.parquet,2024-11.parquet,options/TLT/tick,,6621082,2026-07-14T03:00:51.496000+00:00,f41d24f83897a72266764f989427de77,STANDARD
quantt-historical-market-data,options/TLT/tick/2024-12.parquet,2024-12.parquet,options/TLT/tick,,5806262,2026-07-14T02:00:49.537000+00:00,52342b73d99f3c569a8cb80c9e436888,STANDARD
quantt-historical-market-data,options/TLT/tick/2025-01.parquet,2025-01.parquet,options/TLT/tick,,4968513,2026-07-14T02:00:22.240000+00:00,94b2069dcc63970dfb4bd70cdc8cf211,STANDARD
quantt-historical-market-data,options/TLT/tick/2025-02.parquet,2025-02.parquet,options/TLT/tick,,4499603,2026-07-14T01:00:19.791000+00:00,cf853187003211283a1fc2977c8715e2,STANDARD
quantt-historical-market-data,options/TLT/tick/2025-03.parquet,2025-03.parquet,options/TLT/tick,,4664259,2026-07-14T00:00:18.671000+00:00,ba7a75ba1b1f0b8dfbaf01d597cc1765,STANDARD
quantt-historical-market-data,options/TLT/tick/2025-04.parquet,2025-04.parquet,options/TLT/tick,,7362921,2026-07-13T23:00:39.196000+00:00,1cde827d4d44f20962d545fe05a291ee,STANDARD
quantt-historical-market-data,options/TLT/tick/2025-05.parquet,2025-05.parquet,options/TLT/tick,,5965793,2026-07-13T22:00:37.693000+00:00,d448cedaf60629e252a1a958178aef69,STANDARD
quantt-historical-market-data,options/TLT/tick/2025-06.parquet,2025-06.parquet,options/TLT/tick,,4460817,2026-07-13T22:00:10.654000+00:00,e58d6fdeed01a2682d9bf7a91d274408,STANDARD
quantt-historical-market-data,options/TLT/tick/2025-07.parquet,2025-07.parquet,options/TLT/tick,,5739169,2026-07-13T21:00:12.153000+00:00,2bebb06223e7f529c83b8b562e48d909,STANDARD
quantt-historical-market-data,options/TLT/tick/2025-08.parquet,2025-08.parquet,options/TLT/tick,,5531235,2026-07-13T20:00:14.147000+00:00,e6a2a16b37cb7d7b9a18a9d4ac273914,STANDARD
quantt-historical-market-data,options/TLT/tick/2025-09.parquet,2025-09.parquet,options/TLT/tick,,5838524,2026-07-13T19:00:39.795000+00:00,9e077372b172b8541ace98a33c7235cf,STANDARD
quantt-historical-market-data,options/TLT/tick/2025-10.parquet,2025-10.parquet,options/TLT/tick,,4896700,2026-07-13T18:00:42.700000+00:00,57d8c9b511fb60bd59c7ae25fc3b844c,STANDARD
quantt-historical-market-data,options/TLT/tick/2025-11.parquet,2025-11.parquet,options/TLT/tick,,3507775,2026-07-13T18:00:14.839000+00:00,5c864bcd3ff691ff3be7d33cde0a15a6,STANDARD
quantt-historical-market-data,options/TLT/tick/2025-12.parquet,2025-12.parquet,options/TLT/tick,,4050138,2026-07-13T17:00:15+00:00,5a8ec6299d80e989550a1944d15bd2f4,STANDARD
quantt-historical-market-data,options/TLT/tick/2026-01.parquet,2026-01.parquet,options/TLT/tick,,3759041,2026-07-13T16:00:15.540000+00:00,b9122dcea85169e4a42c95ae7a6d6aed,STANDARD
quantt-historical-market-data,options/TLT/tick/2026-02.parquet,2026-02.parquet,options/TLT/tick,,3935130,2026-07-13T15:00:34.804000+00:00,edee2d7a310dc23740bf1aeb8ceef1c7,STANDARD
quantt-historical-market-data,options/TLT/tick/2026-03.parquet,2026-03.parquet,options/TLT/tick,,4616910,2026-07-13T14:00:53.832000+00:00,dc85616906f8b16c44e93e3a066c08a0,STANDARD
quantt-historical-market-data,options/TLT/tick/2026-04.parquet,2026-04.parquet,options/TLT/tick,,3912820,2026-07-13T14:00:25.131000+00:00,6aab8673cce00c4df3cb8b01facf099e,STANDARD
quantt-historical-market-data,options/TLT/tick/2026-05.parquet,2026-05.parquet,options/TLT/tick,,5838797,2026-07-13T13:00:23.395000+00:00,5791fb9ebfa6fee111186d17fc8c22fa,STANDARD
quantt-historical-market-data,options/TLT/tick/2026-06.parquet,2026-06.parquet,options/TLT/tick,,4913620,2026-07-13T12:00:24.325000+00:00,c3e9b2173baa1692351f7fef59156952,STANDARD
quantt-historical-market-data,options/TLT/tick/2026-07.parquet,2026-07.parquet,options/TLT/tick,,1737844,2026-07-13T11:55:49.824000+00:00,5a51fd72d9989b9ddab368097cc00b51,STANDARD
quantt-historical-market-data,wrds/auditsmp_all/accfiler.parquet,accfiler.parquet,wrds/auditsmp_all,,321569,2026-07-01T18:08:19.656000+00:00,8d35a0b9a0e3ae1ba78fd87ee7803281,STANDARD
quantt-historical-market-data,wrds/auditsmp_all/auditcblock.parquet,auditcblock.parquet,wrds/auditsmp_all,,82527,2026-07-01T18:08:24.803000+00:00,de5764fb84c388defc894574fe88306a,STANDARD
quantt-historical-market-data,wrds/auditsmp_all/auditchange.parquet,auditchange.parquet,wrds/auditsmp_all,,80386,2026-07-01T18:08:29.720000+00:00,dcb1308f640faf1c696aac192f8236da,STANDARD
quantt-historical-market-data,wrds/auditsmp_all/auditfees.parquet,auditfees.parquet,wrds/auditsmp_all,,175010,2026-07-01T18:08:35.039000+00:00,66f0573e72530f10f3eef78410b7ffa8,STANDARD
quantt-historical-market-data,wrds/auditsmp_all/auditfeesr.parquet,auditfeesr.parquet,wrds/auditsmp_all,,174542,2026-07-01T18:08:39.840000+00:00,b82ea2ab32d7934e7ccfd1ef257afb06,STANDARD
quantt-historical-market-data,wrds/auditsmp_all/auditnonreli.parquet,auditnonreli.parquet,wrds/auditsmp_all,,93390,2026-07-01T18:08:44.179000+00:00,af22324350d5dee0667495428508f22f,STANDARD
quantt-historical-market-data,wrds/auditsmp_all/auditopin.parquet,auditopin.parquet,wrds/auditsmp_all,,226222,2026-07-01T18:08:49.713000+00:00,c3ac44fa1c18b9a47404ba28ea60dba5,STANDARD
quantt-historical-market-data,wrds/auditsmp_all/auditors.parquet,auditors.parquet,wrds/auditsmp_all,,2407,2026-07-01T18:08:53.993000+00:00,ce995488754cc549a7b8e99d0044410b,STANDARD
quantt-historical-market-data,wrds/auditsmp_all/auditorsinfo.parquet,auditorsinfo.parquet,wrds/auditsmp_all,,5583,2026-07-01T18:08:59.465000+00:00,0af58ab8fe2506e84be4f3a0146d951b,STANDARD
quantt-historical-market-data,wrds/auditsmp_all/auditsox302.parquet,auditsox302.parquet,wrds/auditsmp_all,,416259,2026-07-01T18:09:04.210000+00:00,ae936be04741d28204aa2f432d8710f8,STANDARD
quantt-historical-market-data,wrds/auditsmp_all/auditsox404.parquet,auditsox404.parquet,wrds/auditsmp_all,,238703,2026-07-01T18:09:09.282000+00:00,c6ba2f77e1acbe3acd23b4adec93f581,STANDARD
quantt-historical-market-data,wrds/auditsmp_all/benefit.parquet,benefit.parquet,wrds/auditsmp_all,,126527,2026-07-01T18:09:14.200000+00:00,f857b56bd80bb7f4a2b52933cd81ad84,STANDARD
quantt-historical-market-data,wrds/auditsmp_all/diroffichange.parquet,diroffichange.parquet,wrds/auditsmp_all,,309672,2026-07-01T18:09:35.274000+00:00,87e03f1b2a09561ef7ab4954185b19c0,STANDARD
quantt-historical-market-data,wrds/auditsmp_all/nt.parquet,nt.parquet,wrds/auditsmp_all,,88721,2026-07-01T18:09:39.442000+00:00,74649789af55dea1e289f0c88223972d,STANDARD
quantt-historical-market-data,wrds/auditsmp_all/revauditopin.parquet,revauditopin.parquet,wrds/auditsmp_all,,233650,2026-07-01T18:09:44.226000+00:00,c393ea20add4f4ddec5eddfba017e811,STANDARD
quantt-historical-market-data,wrds/bank_all/wrds_bank_crsp_link.parquet,wrds_bank_crsp_link.parquet,wrds/bank_all,,50968,2026-07-01T18:08:20.356000+00:00,55699c3a509846f24dd8a32f39b8a0e7,STANDARD
quantt-historical-market-data,wrds/bank_all/wrds_bank_reg_vars.parquet,wrds_bank_reg_vars.parquet,wrds/bank_all,,243825,2026-07-01T18:08:28.295000+00:00,b4e15957b4dc97508e34bafc5c73f1cc,STANDARD
quantt-historical-market-data,wrds/bank_all/wrds_call_rcfa_1.parquet,wrds_call_rcfa_1.parquet,wrds/bank_all,,6970070,2026-07-01T18:08:44.651000+00:00,d900c97f099502df9aac9c22099f998e,STANDARD
quantt-historical-market-data,wrds/bank_all/wrds_call_rcfd_1.parquet,wrds_call_rcfd_1.parquet,wrds/bank_all,,26460474,2026-07-01T18:12:22.664000+00:00,cff63d24278adf84377db0cf521ce61c-4,STANDARD
quantt-historical-market-data,wrds/bank_all/wrds_call_rcfd_2.parquet,wrds_call_rcfd_2.parquet,wrds/bank_all,,16738050,2026-07-01T18:14:37.464000+00:00,d146c8f370a08b1aad241a9a5fbe4f94-2,STANDARD
quantt-historical-market-data,wrds/bank_all/wrds_call_rcfn_1.parquet,wrds_call_rcfn_1.parquet,wrds/bank_all,,6502680,2026-07-01T18:14:51.741000+00:00,31c2b9bbdc900b6de9d076c57e0d8911,STANDARD
quantt-historical-market-data,wrds/bank_all/wrds_call_rcfw_1.parquet,wrds_call_rcfw_1.parquet,wrds/bank_all,,6086797,2026-07-01T18:15:02.427000+00:00,19fd5f765e0fcbcccb1d2272703d3e18,STANDARD
quantt-historical-market-data,wrds/bank_all/wrds_call_rcoa_1.parquet,wrds_call_rcoa_1.parquet,wrds/bank_all,,29552072,2026-07-01T18:15:24.888000+00:00,3e969fb19b935bdcec257d1a2a648a01-4,STANDARD
quantt-historical-market-data,wrds/bank_all/wrds_call_rcon_1.parquet,wrds_call_rcon_1.parquet,wrds/bank_all,,290655427,2026-07-01T20:30:23.846000+00:00,bb4260698ef424a97f6b7fae547812cd-35,STANDARD
quantt-historical-market-data,wrds/bank_all/wrds_call_rcon_2.parquet,wrds_call_rcon_2.parquet,wrds/bank_all,,400929079,2026-07-01T20:41:18.203000+00:00,42f08e10dff2510333928c832e699078-48,STANDARD
quantt-historical-market-data,wrds/bank_all/wrds_call_rcow_1.parquet,wrds_call_rcow_1.parquet,wrds/bank_all,,6055969,2026-07-01T20:41:29.164000+00:00,5949b8450f2712df5abb781f186a2b72,STANDARD
quantt-historical-market-data,wrds/bank_all/wrds_call_riad_1.parquet,wrds_call_riad_1.parquet,wrds/bank_all,,105174252,2026-07-01T18:22:24.609000+00:00,3abf473bf57a6010246199061985be5f-13,STANDARD
quantt-historical-market-data,wrds/bank_all/wrds_call_te_1.parquet,wrds_call_te_1.parquet,wrds/bank_all,,21470372,2026-07-01T20:44:40.274000+00:00,3282367fba8f61c166d2f085464eec78-3,STANDARD
quantt-historical-market-data,wrds/bank_all/wrds_holding_bhck_1.parquet,wrds_holding_bhck_1.parquet,wrds/bank_all,,97350967,2026-07-01T19:37:08.017000+00:00,91f99f80a63627fc97a7227b6ac0dcf6-12,STANDARD
quantt-historical-market-data,wrds/bank_all/wrds_holding_bhck_2.parquet,wrds_holding_bhck_2.parquet,wrds/bank_all,,55354010,2026-07-01T19:38:08.183000+00:00,67376e046b63632670fce6015a666ccf-7,STANDARD
quantt-historical-market-data,wrds/bank_all/wrds_holding_other_1.parquet,wrds_holding_other_1.parquet,wrds/bank_all,,105185329,2026-07-01T19:40:00.488000+00:00,d4e1dae9a21ec7cc78b2afae366de487-13,STANDARD
quantt-historical-market-data,wrds/bank_all/wrds_struct_attributes_active.parquet,wrds_struct_attributes_active.parquet,wrds/bank_all,,4996958,2026-07-01T19:40:07.369000+00:00,4587ac064dbb4783622e361e19456e4c,STANDARD
quantt-historical-market-data,wrds/bank_all/wrds_struct_attributes_branches.parquet,wrds_struct_attributes_branches.parquet,wrds/bank_all,,12012959,2026-07-01T20:44:49.024000+00:00,0f82cfd32e4ce92e8ccae22e53e0b6fc-2,STANDARD
quantt-historical-market-data,wrds/bank_all/wrds_struct_attributes_closed.parquet,wrds_struct_attributes_closed.parquet,wrds/bank_all,,12331298,2026-07-01T20:44:57.348000+00:00,f7dfe67660a47f1ffde0f4bdefcc9be0-2,STANDARD
quantt-historical-market-data,wrds/bank_all/wrds_struct_relationships.parquet,wrds_struct_relationships.parquet,wrds/bank_all,,4302583,2026-07-01T20:45:04.786000+00:00,529c1d3714a3ccca9e1a1889515deb86,STANDARD
quantt-historical-market-data,wrds/bank_all/wrds_struct_transformations.parquet,wrds_struct_transformations.parquet,wrds/bank_all,,759056,2026-07-01T18:37:33.108000+00:00,c51b1aac82a85f4012889c8dafeb37eb,STANDARD
quantt-historical-market-data,wrds/block_all/block.parquet,block.parquet,wrds/block_all,,671488,2026-07-01T18:08:21.492000+00:00,735c540f14aeaf085e6877c259fd857f,STANDARD
quantt-historical-market-data,wrds/block_all/block2.parquet,block2.parquet,wrds/block_all,,671488,2026-07-01T18:08:29.369000+00:00,735c540f14aeaf085e6877c259fd857f,STANDARD
quantt-historical-market-data,wrds/block_all/blockw.parquet,blockw.parquet,wrds/block_all,,687684,2026-07-01T18:08:35.708000+00:00,13a2a6b38e69c9e5448743e8c0835385,STANDARD
quantt-historical-market-data,wrds/boardex_trial/jr_board_characteristics.parquet,jr_board_characteristics.parquet,wrds/boardex_trial,,75345,2026-07-01T18:08:18.834000+00:00,b247135e396b686d51cb14a2a466d8da,STANDARD
quantt-historical-market-data,wrds/boardex_trial/jr_board_dir_announcements.parquet,jr_board_dir_announcements.parquet,wrds/boardex_trial,,83797,2026-07-01T18:08:23.484000+00:00,4ea2d2245819ae3d5bfdfcc83e250a2e,STANDARD
quantt-historical-market-data,wrds/boardex_trial/jr_board_dir_committees.parquet,jr_board_dir_committees.parquet,wrds/boardex_trial,,160410,2026-07-01T18:08:30.258000+00:00,5bbb2afaf85c434dfbe98ca5b755f946,STANDARD
quantt-historical-market-data,wrds/boardex_trial/jr_board_education_assoc.parquet,jr_board_education_assoc.parquet,wrds/boardex_trial,,8753,2026-07-01T18:08:34.769000+00:00,132d5462ad9638c490a73643d77c1c65,STANDARD
quantt-historical-market-data,wrds/boardex_trial/jr_board_listed_assoc.parquet,jr_board_listed_assoc.parquet,wrds/boardex_trial,,121221,2026-07-01T18:08:39.875000+00:00,79f0b62165f9f19005518767be03bf30,STANDARD
quantt-historical-market-data,wrds/boardex_trial/jr_board_nfp_assoc.parquet,jr_board_nfp_assoc.parquet,wrds/boardex_trial,,25679,2026-07-01T18:08:44.041000+00:00,34bf54dcb7cbbeb0c75b3146ef3718df,STANDARD
quantt-historical-market-data,wrds/boardex_trial/jr_board_other_assoc.parquet,jr_board_other_assoc.parquet,wrds/boardex_trial,,69781,2026-07-01T18:08:48.426000+00:00,c7b1ef6137588523038caab841a83fce,STANDARD
quantt-historical-market-data,wrds/boardex_trial/jr_board_unlisted_assoc.parquet,jr_board_unlisted_assoc.parquet,wrds/boardex_trial,,259765,2026-07-01T18:08:53.411000+00:00,0374443c75f0353b399acdb0727a7244,STANDARD
quantt-historical-market-data,wrds/boardex_trial/jr_company_profile_advisors.parquet,jr_company_profile_advisors.parquet,wrds/boardex_trial,,8790,2026-07-01T18:08:58.416000+00:00,080ea865979f076ab8e3f366a7d3592d,STANDARD
quantt-historical-market-data,wrds/boardex_trial/jr_company_profile_details.parquet,jr_company_profile_details.parquet,wrds/boardex_trial,,33537,2026-07-01T18:09:02.946000+00:00,fe51127beae9d071fcab01d274b4b8d1,STANDARD
quantt-historical-market-data,wrds/boardex_trial/jr_company_profile_market_cap.parquet,jr_company_profile_market_cap.parquet,wrds/boardex_trial,,4035,2026-07-01T18:09:07.646000+00:00,c04506eb5a2aa95eb2640094f7ad47be,STANDARD
quantt-historical-market-data,wrds/boardex_trial/jr_company_profile_sr_mgrs.parquet,jr_company_profile_sr_mgrs.parquet,wrds/boardex_trial,,78496,2026-07-01T18:09:12.122000+00:00,4ee58d988ac315c16606888b9b8abedb,STANDARD
quantt-historical-market-data,wrds/boardex_trial/jr_company_profile_stocks.parquet,jr_company_profile_stocks.parquet,wrds/boardex_trial,,8817,2026-07-01T18:09:17.508000+00:00,c4d649eb8ddef9e7afb8100686fecd2e,STANDARD
quantt-historical-market-data,wrds/boardex_trial/jr_dir_characteristics.parquet,jr_dir_characteristics.parquet,wrds/boardex_trial,,154619,2026-07-01T18:09:22.049000+00:00,f4f443eb3a6c74214024efeed538b1ff,STANDARD
quantt-historical-market-data,wrds/boardex_trial/jr_dir_education_assoc.parquet,jr_dir_education_assoc.parquet,wrds/boardex_trial,,5421789,2026-07-01T18:10:24.228000+00:00,f6b940f731d3c6de33ababa006663f5f,STANDARD
quantt-historical-market-data,wrds/boardex_trial/jr_dir_listed_assoc.parquet,jr_dir_listed_assoc.parquet,wrds/boardex_trial,,2020058,2026-07-01T18:10:30.745000+00:00,d412be4fab2307c11258ae05ec78aab7,STANDARD
quantt-historical-market-data,wrds/boardex_trial/jr_dir_profile_achievements.parquet,jr_dir_profile_achievements.parquet,wrds/boardex_trial,,3588,2026-07-01T18:11:46.676000+00:00,f0c7913bd47b30d8fc426d89c2e2dba7,STANDARD
quantt-historical-market-data,wrds/boardex_trial/jr_dir_profile_details.parquet,jr_dir_profile_details.parquet,wrds/boardex_trial,,104573,2026-07-01T18:12:06.542000+00:00,dbed0d1eb1f2f8a9c8244351e7a722b3,STANDARD
quantt-historical-market-data,wrds/boardex_trial/jr_dir_profile_education.parquet,jr_dir_profile_education.parquet,wrds/boardex_trial,,3397,2026-07-01T18:12:11.377000+00:00,ac4d6cb4465a2e6d9a2ae9cac03b983e,STANDARD
quantt-historical-market-data,wrds/boardex_trial/jr_dir_profile_emp.parquet,jr_dir_profile_emp.parquet,wrds/boardex_trial,,197316,2026-07-01T18:12:16.234000+00:00,07b0723782c2405eab913dc2d824df2c,STANDARD
quantt-historical-market-data,wrds/boardex_trial/jr_dir_standard_remun.parquet,jr_dir_standard_remun.parquet,wrds/boardex_trial,,371479,2026-07-01T18:12:26.777000+00:00,a6116e27adec22c7c873f9a7afe3ca37,STANDARD
quantt-historical-market-data,wrds/boardex_trial/jr_ltip_compensation.parquet,jr_ltip_compensation.parquet,wrds/boardex_trial,,32459,2026-07-01T18:12:36.152000+00:00,719be33f5e004d2d3395d4f484897b58,STANDARD
quantt-historical-market-data,wrds/boardex_trial/jr_ltip_wealth.parquet,jr_ltip_wealth.parquet,wrds/boardex_trial,,51940,2026-07-01T18:12:41.058000+00:00,1333f0cd040741a0c310261c2644b813,STANDARD
quantt-historical-market-data,wrds/boardex_trial/jr_options_compensation.parquet,jr_options_compensation.parquet,wrds/boardex_trial,,14458,2026-07-01T18:12:45.402000+00:00,9e31063f1198b4625618634b318a03ad,STANDARD
quantt-historical-market-data,wrds/boardex_trial/jr_options_wealth.parquet,jr_options_wealth.parquet,wrds/boardex_trial,,25849,2026-07-01T18:12:50.079000+00:00,1ee715d8842c104c860464a9d2c589b5,STANDARD
quantt-historical-market-data,wrds/boardex_trial/jr_wrds_company_dir_names.parquet,jr_wrds_company_dir_names.parquet,wrds/boardex_trial,,77009,2026-07-01T18:12:54.333000+00:00,836b96be344d1d6044073f5d8fa91015,STANDARD
quantt-historical-market-data,wrds/boardex_trial/jr_wrds_company_names.parquet,jr_wrds_company_names.parquet,wrds/boardex_trial,,10248,2026-07-01T18:12:58.687000+00:00,a52636d234a286f312af52ac031ce413,STANDARD
quantt-historical-market-data,wrds/boardex_trial/jr_wrds_company_networks.parquet,jr_wrds_company_networks.parquet,wrds/boardex_trial,,532667,2026-07-01T18:13:19.759000+00:00,f88c8b3301e7267448f3af518db04915,STANDARD
quantt-historical-market-data,wrds/boardex_trial/jr_wrds_company_profile.parquet,jr_wrds_company_profile.parquet,wrds/boardex_trial,,39093,2026-07-01T19:26:23.504000+00:00,8808a6a83220b09077d55ef6a39a018e,STANDARD
quantt-historical-market-data,wrds/boardex_trial/jr_wrds_company_region.parquet,jr_wrds_company_region.parquet,wrds/boardex_trial,,6449,2026-07-01T18:15:11.521000+00:00,6f568c3580de9ed529bb6f077f0b5fd1,STANDARD
quantt-historical-market-data,wrds/boardex_trial/jr_wrds_dir_profile_all.parquet,jr_wrds_dir_profile_all.parquet,wrds/boardex_trial,,383815,2026-07-01T18:15:16.033000+00:00,73d2e60299dca147742b51fac8941942,STANDARD
quantt-historical-market-data,wrds/boardex_trial/jr_wrds_dir_profile_emp.parquet,jr_wrds_dir_profile_emp.parquet,wrds/boardex_trial,,194304,2026-07-01T18:15:20.295000+00:00,1b644e1146c0c7c57442d87dc280c8ae,STANDARD
quantt-historical-market-data,wrds/boardex_trial/jr_wrds_individual_networks.parquet,jr_wrds_individual_networks.parquet,wrds/boardex_trial,,2555324,2026-07-01T18:15:33.474000+00:00,e5a55b3d197d5dcc57784231ac57870e,STANDARD
quantt-historical-market-data,wrds/boardex_trial/jr_wrds_org_composition.parquet,jr_wrds_org_composition.parquet,wrds/boardex_trial,,105028,2026-07-01T18:15:37.856000+00:00,f6edfc137d9e272cf6ee6a360a8a707a,STANDARD
quantt-historical-market-data,wrds/boardex_trial/jr_wrds_org_summary.parquet,jr_wrds_org_summary.parquet,wrds/boardex_trial,,329756,2026-07-01T18:15:42.378000+00:00,ec3d23678ac527955bb6a0d8240b3356,STANDARD
quantt-historical-market-data,wrds/boardex_trial/jr_wrds_org_summary_all.parquet,jr_wrds_org_summary_all.parquet,wrds/boardex_trial,,324613,2026-07-01T18:16:36.090000+00:00,c2c37a1bb05c6b2fe6cd46ae66371113,STANDARD
quantt-historical-market-data,wrds/bvd_amadeus_trial/amadeus_qvards.parquet,amadeus_qvards.parquet,wrds/bvd_amadeus_trial,,33581,2026-07-01T18:08:39.968000+00:00,400e95ed7118b510e30c54087a6975fe,STANDARD
quantt-historical-market-data,wrds/bvd_amadeus_trial/trial_amadeus_financials_v.parquet,trial_amadeus_financials_v.parquet,wrds/bvd_amadeus_trial,,346488,2026-07-01T18:08:45.807000+00:00,4613a7270e6864264fe2c6ad8b2b627a,STANDARD
quantt-historical-market-data,wrds/bvd_amadeus_trial/trial_amadeus_v.parquet,trial_amadeus_v.parquet,wrds/bvd_amadeus_trial,,43247,2026-07-01T18:08:50.799000+00:00,89bf63ed4183ed9d829d47e335b39ab7,STANDARD
quantt-historical-market-data,wrds/bvd_bvdbankf_trial/bvdbankf_bank.parquet,bvdbankf_bank.parquet,wrds/bvd_bvdbankf_trial,,44112,2026-07-01T18:08:58.498000+00:00,24ad0d59dc17b7f2367aeca300817de1,STANDARD
quantt-historical-market-data,wrds/bvd_bvdbankf_trial/bvdbankf_financials.parquet,bvdbankf_financials.parquet,wrds/bvd_bvdbankf_trial,,489294,2026-07-01T18:09:03.232000+00:00,cc1a58a66bbf46806e447bd490a63860,STANDARD
quantt-historical-market-data,wrds/bvd_bvdbankf_trial/bvdbankf_ish_guo_duo.parquet,bvdbankf_ish_guo_duo.parquet,wrds/bvd_bvdbankf_trial,,26563,2026-07-01T18:09:07.686000+00:00,a67eaae7ad203c8837708e7367270c8d,STANDARD
quantt-historical-market-data,wrds/bvd_bvdbankf_trial/bvdbankf_qvards.parquet,bvdbankf_qvards.parquet,wrds/bvd_bvdbankf_trial,,48477,2026-07-01T18:09:12.164000+00:00,37487b66bbe74bfe98cbab45e9b706ef,STANDARD
quantt-historical-market-data,wrds/bvd_bvdbankf_trial/bvdbankf_stock_annual.parquet,bvdbankf_stock_annual.parquet,wrds/bvd_bvdbankf_trial,,14662,2026-07-01T18:09:17.490000+00:00,d04603a344605de857246604ed088621,STANDARD
quantt-historical-market-data,wrds/bvd_bvdbankf_trial/bvdbankf_subsidiaries.parquet,bvdbankf_subsidiaries.parquet,wrds/bvd_bvdbankf_trial,,61932,2026-07-01T18:09:21.890000+00:00,3cb0d2fefab8dfff4ff200e5f9d11c48,STANDARD
quantt-historical-market-data,wrds/bvd_orbis_trial/ob_all_cur_shh_1st_level_lms.parquet,ob_all_cur_shh_1st_level_lms.parquet,wrds/bvd_orbis_trial,,36740,2026-07-01T18:08:55.090000+00:00,987fa54799149336a867f185d2553912,STANDARD
quantt-historical-market-data,wrds/bvd_orbis_trial/ob_all_subs_first_level_lms.parquet,ob_all_subs_first_level_lms.parquet,wrds/bvd_orbis_trial,,99129,2026-07-01T18:09:16.350000+00:00,a1b59a461be1285fdd224354851dfd46,STANDARD
quantt-historical-market-data,wrds/bvd_orbis_trial/ob_banks_g_fins_usd_int_lms.parquet,ob_banks_g_fins_usd_int_lms.parquet,wrds/bvd_orbis_trial,,73042,2026-07-01T18:09:20.659000+00:00,e5d0cd13e027ff1fc05979b8d3d635db,STANDARD
quantt-historical-market-data,wrds/bvd_orbis_trial/ob_banks_g_fins_usd_lms.parquet,ob_banks_g_fins_usd_lms.parquet,wrds/bvd_orbis_trial,,121085,2026-07-01T18:09:25.386000+00:00,4f6d67b42066ef1bc06aa63478f24ea9,STANDARD
quantt-historical-market-data,wrds/bvd_orbis_trial/ob_ins_g_fins_usd_lms.parquet,ob_ins_g_fins_usd_lms.parquet,wrds/bvd_orbis_trial,,48875,2026-07-01T18:09:29.812000+00:00,a529caba26d7dbc3963889ebf87db6b5,STANDARD
quantt-historical-market-data,wrds/bvd_orbis_trial/ob_w_company_id_table_lms.parquet,ob_w_company_id_table_lms.parquet,wrds/bvd_orbis_trial,,39075,2026-07-01T18:09:51.293000+00:00,93bf3841cb1ee01f5419be055054668f,STANDARD
quantt-historical-market-data,wrds/bvd_orbis_trial/ob_w_ind_g_fins_cfl_usd_int_lms.parquet,ob_w_ind_g_fins_cfl_usd_int_lms.parquet,wrds/bvd_orbis_trial,,142009,2026-07-01T18:09:55.633000+00:00,03d2ea824e1b0257f4958c77f5390677,STANDARD
quantt-historical-market-data,wrds/bvd_orbis_trial/ob_w_ind_g_fins_cfl_usd_lms.parquet,ob_w_ind_g_fins_cfl_usd_lms.parquet,wrds/bvd_orbis_trial,,159503,2026-07-01T18:10:00.543000+00:00,6e6ef96cbd96531cad27ce930cdaf6f8,STANDARD
quantt-historical-market-data,wrds/bvd_orbis_trial/orbis_qvards.parquet,orbis_qvards.parquet,wrds/bvd_orbis_trial,,66857,2026-07-01T18:10:52.703000+00:00,3596fce8c09a491854637560ca131b4f,STANDARD
quantt-historical-market-data,wrds/calcbench_trial/breakout.parquet,breakout.parquet,wrds/calcbench_trial,,759371,2026-07-01T18:09:08.427000+00:00,c47a5734f50cc6446c4867e7c51ca24b,STANDARD
quantt-historical-market-data,wrds/calcbench_trial/entity_names.parquet,entity_names.parquet,wrds/calcbench_trial,,458495,2026-07-01T18:09:13.271000+00:00,8e5bc897ee8f7bbd4585f9ed9e638c98,STANDARD
quantt-historical-market-data,wrds/calcbench_trial/normalized_fn.parquet,normalized_fn.parquet,wrds/calcbench_trial,,1293665,2026-07-01T18:09:18.886000+00:00,ae566fecd33ad73ae73c156645388d1f,STANDARD
quantt-historical-market-data,wrds/cboe_all/cboe.parquet,cboe.parquet,wrds/cboe_all,,416082,2026-07-01T18:09:46.563000+00:00,5203aa168555fbffd113445056a7a61f,STANDARD
quantt-historical-market-data,wrds/comp_execucomp/anncomp.parquet,anncomp.parquet,wrds/comp_execucomp,,65061017,2026-06-29T10:26:41.266000+00:00,870da98832c34f680eb7593ee5e4898c,STANDARD
quantt-historical-market-data,wrds/comp_execucomp/codirfin.parquet,codirfin.parquet,wrds/comp_execucomp,,13884990,2026-06-26T11:52:11.694000+00:00,221ecd4421da88668e0bd037712740c7-2,STANDARD
quantt-historical-market-data,wrds/comp_execucomp/colev.parquet,colev.parquet,wrds/comp_execucomp,,383354,2026-06-26T11:52:16.073000+00:00,7813b95590a37d7bde0c405680284633,STANDARD
quantt-historical-market-data,wrds/comp_execucomp/coperol.parquet,coperol.parquet,wrds/comp_execucomp,,1958546,2026-06-26T11:52:20.838000+00:00,d107bcc6493fdae4dacbcaef419335f5,STANDARD
quantt-historical-market-data,wrds/comp_execucomp/deferredcomp.parquet,deferredcomp.parquet,wrds/comp_execucomp,,5613444,2026-06-26T11:52:27.973000+00:00,268fc3445242cc69d951eaad8b6826d5,STANDARD
quantt-historical-market-data,wrds/comp_execucomp/directorcomp.parquet,directorcomp.parquet,wrds/comp_execucomp,,5730415,2026-06-29T10:54:36.196000+00:00,4b81fb59b46d97b60aba25b6d46a824d,STANDARD
quantt-historical-market-data,wrds/comp_execucomp/ex_black.parquet,ex_black.parquet,wrds/comp_execucomp,,2924,2026-06-26T11:52:37.963000+00:00,46bf15a299da4157326ae8bd6f68f229,STANDARD
quantt-historical-market-data,wrds/comp_execucomp/ex_header.parquet,ex_header.parquet,wrds/comp_execucomp,,4317278,2026-06-29T10:55:02.540000+00:00,e1f80ba2f32826b9b740adc0ad66fc6f,STANDARD
quantt-historical-market-data,wrds/comp_execucomp/exnames.parquet,exnames.parquet,wrds/comp_execucomp,,162411,2026-06-26T19:45:29.976000+00:00,f26940b133b13c532f48f48a4f1ea1f3,STANDARD
quantt-historical-market-data,wrds/comp_execucomp/ltawdtab.parquet,ltawdtab.parquet,wrds/comp_execucomp,,1195338,2026-06-26T19:45:34.500000+00:00,2063549850f7f3db4edecd6c4b94b3f6,STANDARD
quantt-historical-market-data,wrds/comp_execucomp/outstandingawards.parquet,outstandingawards.parquet,wrds/comp_execucomp,,24302888,2026-06-29T10:55:50.227000+00:00,beae0a2a9ce67b42539141f98c6c60d2-3,STANDARD
quantt-historical-market-data,wrds/comp_execucomp/pension.parquet,pension.parquet,wrds/comp_execucomp,,3147030,2026-06-30T22:47:20.103000+00:00,6aad6efa3ad16272c8f5fe37b94d0b92,STANDARD
quantt-historical-market-data,wrds/comp_execucomp/person.parquet,person.parquet,wrds/comp_execucomp,,2167460,2026-06-26T10:56:36.038000+00:00,7a79bb337cb52487ae4de587eb976f2d,STANDARD
quantt-historical-market-data,wrds/comp_execucomp/planbasedawards.parquet,planbasedawards.parquet,wrds/comp_execucomp,,16181711,2026-06-29T10:58:04.043000+00:00,e0ac9c928bee8d128c19f3e4c18d3380-2,STANDARD
quantt-historical-market-data,wrds/comp_execucomp/stgrttab.parquet,stgrttab.parquet,wrds/comp_execucomp,,6430029,2026-06-29T10:58:12.303000+00:00,cfc563a31553b5ee693c34c9de3b91bd,STANDARD
quantt-historical-market-data,wrds/comp_global_daily/dd_group.parquet,dd_group.parquet,wrds/comp_global_daily,,29476,2026-07-01T18:11:47.673000+00:00,b2f44114d4e31e24c00a740fc7e29e69,STANDARD
quantt-historical-market-data,wrds/comp_global_daily/dd_group_xref.parquet,dd_group_xref.parquet,wrds/comp_global_daily,,192833,2026-07-01T18:11:53.115000+00:00,32a15bc6478b9bc83d6ccdc5fca22dad,STANDARD
quantt-historical-market-data,wrds/comp_global_daily/dd_item.parquet,dd_item.parquet,wrds/comp_global_daily,,219144,2026-07-01T18:11:58.828000+00:00,30bb4dd302a07ffbfd0902315855fcf8,STANDARD
quantt-historical-market-data,wrds/comp_global_daily/dd_package.parquet,dd_package.parquet,wrds/comp_global_daily,,7867,2026-07-01T18:12:04.216000+00:00,71fd67768b252d14ff3848420a71c091,STANDARD
quantt-historical-market-data,wrds/comp_global_daily/g_co_aaudit.parquet,g_co_aaudit.parquet,wrds/comp_global_daily,,1592826,2026-07-01T18:13:26.301000+00:00,c365856ed2c86140200b7fb2fc1d1d3d,STANDARD
quantt-historical-market-data,wrds/comp_global_daily/g_co_adesind.parquet,g_co_adesind.parquet,wrds/comp_global_daily,,4968902,2026-07-01T18:13:40.214000+00:00,1130b34d7fff7bb9e0c4d42e8a709fb5,STANDARD
quantt-historical-market-data,wrds/comp_global_daily/g_co_afnd1.parquet,g_co_afnd1.parquet,wrds/comp_global_daily,,350298627,2026-07-01T18:16:51.093000+00:00,2d8115e4c71e99e3f22eded6c472cd1e-42,STANDARD
quantt-historical-market-data,wrds/comp_global_daily/g_co_afnd2.parquet,g_co_afnd2.parquet,wrds/comp_global_daily,,233622300,2026-07-01T20:40:10.667000+00:00,418d99608a5b2051986ae7dc7895e5af-28,STANDARD
quantt-historical-market-data,wrds/comp_global_daily/g_co_afnddc1.parquet,g_co_afnddc1.parquet,wrds/comp_global_daily,,3198207,2026-07-01T18:20:37.040000+00:00,7305387f8b2f00a8ea3f909013155536,STANDARD
quantt-historical-market-data,wrds/comp_global_daily/g_co_afnddc2.parquet,g_co_afnddc2.parquet,wrds/comp_global_daily,,2701102,2026-07-01T18:22:13.790000+00:00,3041cadfbedbbb5d2706a0b37687cd73,STANDARD
quantt-historical-market-data,wrds/comp_global_daily/g_co_afntind1.parquet,g_co_afntind1.parquet,wrds/comp_global_daily,,3419812,2026-07-01T18:23:21.535000+00:00,ce52f76b27a6e08d316d633775ce4212,STANDARD
quantt-historical-market-data,wrds/comp_global_daily/g_co_afntind2.parquet,g_co_afntind2.parquet,wrds/comp_global_daily,,2025735,2026-07-01T18:24:59.104000+00:00,40a5b3e706f18706f4be816d35cba3cc,STANDARD
quantt-historical-market-data,wrds/comp_global_daily/g_co_ainvval.parquet,g_co_ainvval.parquet,wrds/comp_global_daily,,1062204,2026-07-01T18:25:09.907000+00:00,d77dc3e59b1e86b27fcafe9f1e9081ad,STANDARD
quantt-historical-market-data,wrds/comp_global_daily/g_co_gsuppl.parquet,g_co_gsuppl.parquet,wrds/comp_global_daily,,77886842,2026-07-01T20:44:57.739000+00:00,c1e138e9d555c82cc5fc0f51321041d3-10,STANDARD
quantt-historical-market-data,wrds/comp_global_daily/g_co_hgic.parquet,g_co_hgic.parquet,wrds/comp_global_daily,,995663,2026-07-01T18:27:57.944000+00:00,bfecc10d47f4884d31a6029f058232c1,STANDARD
quantt-historical-market-data,wrds/comp_global_daily/g_co_idesind.parquet,g_co_idesind.parquet,wrds/comp_global_daily,,22711481,2026-07-01T20:45:31.037000+00:00,6290d5daa537941e5270270b9de8cda3-3,STANDARD
quantt-historical-market-data,wrds/comp_global_daily/g_co_ifndq.parquet,g_co_ifndq.parquet,wrds/comp_global_daily,,1058464120,2026-07-01T18:42:30.588000+00:00,d73e488370ed161c31516b049270b9b8-127,STANDARD
quantt-historical-market-data,wrds/comp_global_daily/g_co_ifndsa.parquet,g_co_ifndsa.parquet,wrds/comp_global_daily,,231633403,2026-07-01T20:50:15.443000+00:00,273297ecedddfda1c229d9089b58ef6a-28,STANDARD
quantt-historical-market-data,wrds/comp_global_daily/g_co_ifndytd.parquet,g_co_ifndytd.parquet,wrds/comp_global_daily,,792128563,2026-07-01T21:27:50.074000+00:00,f520594b3ee7f49ce6238a347f65ec9d-95,STANDARD
quantt-historical-market-data,wrds/comp_global_daily/g_co_ifntq.parquet,g_co_ifntq.parquet,wrds/comp_global_daily,,8099515,2026-07-01T21:31:41.162000+00:00,df797f43a7bfb431280b203af1df7099,STANDARD
quantt-historical-market-data,wrds/comp_global_daily/g_co_ifntsa.parquet,g_co_ifntsa.parquet,wrds/comp_global_daily,,3580551,2026-07-01T21:33:13.471000+00:00,b485dcbce5d1fc837b9e6570d1b3bba1,STANDARD
quantt-historical-market-data,wrds/comp_global_daily/g_co_ifntytd.parquet,g_co_ifntytd.parquet,wrds/comp_global_daily,,7584993,2026-07-01T21:36:16.542000+00:00,ee03d0edff5431a62a9fd8b8faf9e66b,STANDARD
quantt-historical-market-data,wrds/comp_global_daily/g_co_industry.parquet,g_co_industry.parquet,wrds/comp_global_daily,,2143053,2026-07-01T21:36:24.210000+00:00,b6c5124b820000828b5f32fa9ec5437e,STANDARD
quantt-historical-market-data,wrds/comp_global_daily/g_co_ipcd.parquet,g_co_ipcd.parquet,wrds/comp_global_daily,,204210,2026-07-01T19:44:20.145000+00:00,9dd4a66f322553805b16c3f6d9ad08fd,STANDARD
quantt-historical-market-data,wrds/comp_global_daily/g_co_offtitl.parquet,g_co_offtitl.parquet,wrds/comp_global_daily,,1696021,2026-07-01T19:44:24.917000+00:00,b5eb8101ec5e5f0a56b0f2772292861c,STANDARD
quantt-historical-market-data,wrds/comp_global_daily/g_company.parquet,g_company.parquet,wrds/comp_global_daily,,33615962,2026-07-01T21:36:32.388000+00:00,92188687eb78fc3f15b4b37475f039db-5,STANDARD
quantt-historical-market-data,wrds/comp_global_daily/g_currency.parquet,g_currency.parquet,wrds/comp_global_daily,,8528,2026-07-01T19:46:26.048000+00:00,c75302202d7be494d3e82873a2c2e64c,STANDARD
quantt-historical-market-data,wrds/comp_global_daily/g_ecind_desc.parquet,g_ecind_desc.parquet,wrds/comp_global_daily,,18790,2026-07-01T19:46:31.227000+00:00,c4e86fbd0dd1125e49d3e68d0ba8f8be,STANDARD
quantt-historical-market-data,wrds/comp_global_daily/g_ecind_mth.parquet,g_ecind_mth.parquet,wrds/comp_global_daily,,1342244,2026-07-01T19:46:36.332000+00:00,24886f93e03973566a146ea651a9660e,STANDARD
quantt-historical-market-data,wrds/comp_global_daily/g_exrt_dly.parquet,g_exrt_dly.parquet,wrds/comp_global_daily,,10661936,2026-07-01T21:36:42.599000+00:00,edfe564d872c5a2a06f6f449f671e072-2,STANDARD
quantt-historical-market-data,wrds/comp_global_daily/g_exrt_mth.parquet,g_exrt_mth.parquet,wrds/comp_global_daily,,11916056,2026-07-01T21:36:49.289000+00:00,00db00565bce4df57609ea31d0a81b14-2,STANDARD
quantt-historical-market-data,wrds/comp_global_daily/g_funda.parquet,g_funda.parquet,wrds/comp_global_daily,,622846389,2026-07-01T21:40:08.124000+00:00,b001d64c0247ff6b9baf1a739f4dfc16-75,STANDARD
quantt-historical-market-data,wrds/comp_global_daily/g_funda_fncd.parquet,g_funda_fncd.parquet,wrds/comp_global_daily,,7490301,2026-07-01T21:41:20.621000+00:00,6088af3fa9683e10df7b04887f93d9ea,STANDARD
quantt-historical-market-data,wrds/comp_global_daily/g_fundq.parquet,g_fundq.parquet,wrds/comp_global_daily,,1853664416,2026-07-01T21:50:04.726000+00:00,dac401cf824c8043eb08c2cb9fd26852-221,STANDARD
quantt-historical-market-data,wrds/comp_global_daily/g_fundq_fncd.parquet,g_fundq_fncd.parquet,wrds/comp_global_daily,,19069202,2026-07-01T21:55:52.264000+00:00,0c390b49c26713cc5a93521d2e3b852f-3,STANDARD
quantt-historical-market-data,wrds/comp_global_daily/g_idx_daily.parquet,g_idx_daily.parquet,wrds/comp_global_daily,,35046349,2026-07-01T21:56:09.373000+00:00,d4c5748143488b6670c671b5bfc52173-5,STANDARD
quantt-historical-market-data,wrds/comp_global_daily/g_idx_index.parquet,g_idx_index.parquet,wrds/comp_global_daily,,37883,2026-07-01T20:00:19.800000+00:00,46c0971a1706ab0aadb89537dd9f1433,STANDARD
quantt-historical-market-data,wrds/comp_global_daily/g_idx_mth.parquet,g_idx_mth.parquet,wrds/comp_global_daily,,4631724,2026-07-01T20:00:24.819000+00:00,b79931c7198930bf6b0d32a3dd3766e1,STANDARD
quantt-historical-market-data,wrds/comp_global_daily/g_idxcst_his.parquet,g_idxcst_his.parquet,wrds/comp_global_daily,,228534,2026-07-01T20:00:29.345000+00:00,0c9b892200b5cf01b4a3a3a2ed5045e7,STANDARD
quantt-historical-market-data,wrds/comp_global_daily/g_indexcst_his.parquet,g_indexcst_his.parquet,wrds/comp_global_daily,,19895,2026-07-01T20:00:34.483000+00:00,0adcbddc1831e30d42c22582180e37ae,STANDARD
quantt-historical-market-data,wrds/comp_global_daily/g_names.parquet,g_names.parquet,wrds/comp_global_daily,,3077840,2026-07-01T20:00:40.479000+00:00,15fa572c21951e016a152f62b3510a04,STANDARD
quantt-historical-market-data,wrds/comp_global_daily/g_names_ix.parquet,g_names_ix.parquet,wrds/comp_global_daily,,24717,2026-07-01T20:00:45.444000+00:00,49f161d2fa2a440fc20dc9a7bbd9d533,STANDARD
quantt-historical-market-data,wrds/comp_global_daily/g_names_ix_cst.parquet,g_names_ix_cst.parquet,wrds/comp_global_daily,,768007,2026-07-01T20:00:50.924000+00:00,5edc67bfd4799aca89d885da4ba37da4,STANDARD
quantt-historical-market-data,wrds/comp_global_daily/g_namesq.parquet,g_namesq.parquet,wrds/comp_global_daily,,2972563,2026-07-01T21:56:16.403000+00:00,accea5e115f28b1f56602d99ff7c6f71,STANDARD
quantt-historical-market-data,wrds/comp_global_daily/g_sec_adesind.parquet,g_sec_adesind.parquet,wrds/comp_global_daily,,2055391,2026-07-01T21:56:24.822000+00:00,07ac3d6b59098945589b7cd1e8d8ded6,STANDARD
quantt-historical-market-data,wrds/comp_global_daily/g_sec_adjfact.parquet,g_sec_adjfact.parquet,wrds/comp_global_daily,,2725896,2026-07-01T21:56:31.776000+00:00,809ca8cd9eda7783f589012f1ade6574,STANDARD
quantt-historical-market-data,wrds/comp_global_daily/g_sec_afnd.parquet,g_sec_afnd.parquet,wrds/comp_global_daily,,28556725,2026-07-01T20:06:49.687000+00:00,8ba7c7a7950b5472ff89a0d6adcca979-4,STANDARD
quantt-historical-market-data,wrds/comp_global_daily/g_sec_afnddc.parquet,g_sec_afnddc.parquet,wrds/comp_global_daily,,1119350,2026-07-01T21:56:40.209000+00:00,ea4246c2f81dce2ec66f73a44310ba0c,STANDARD
quantt-historical-market-data,wrds/comp_global_daily/g_sec_afnt.parquet,g_sec_afnt.parquet,wrds/comp_global_daily,,1394375,2026-07-01T21:56:48.014000+00:00,9f92354c9921adb2595eea86a9255396,STANDARD
quantt-historical-market-data,wrds/comp_global_daily/g_sec_divid.parquet,g_sec_divid.parquet,wrds/comp_global_daily,,22087794,2026-07-01T21:57:01.283000+00:00,960a7aff9bce76e172defa69e0f19b05-3,STANDARD
quantt-historical-market-data,wrds/comp_global_daily/g_sec_dprc.parquet,g_sec_dprc.parquet,wrds/comp_global_daily,,4041008705,2026-07-01T22:36:56.649000+00:00,830779041595d7e23b5f050ad89c95af-482,STANDARD
quantt-historical-market-data,wrds/comp_global_daily/g_sec_dtrt.parquet,g_sec_dtrt.parquet,wrds/comp_global_daily,,7033408,2026-07-01T22:37:05.926000+00:00,c7c59f196aab77ac75c3f701e5d4c015,STANDARD
quantt-historical-market-data,wrds/comp_global_daily/g_sec_gmdivfn.parquet,g_sec_gmdivfn.parquet,wrds/comp_global_daily,,2077191,2026-07-01T22:37:26.222000+00:00,5260251cf2c325a02d511f81a063665c,STANDARD
quantt-historical-market-data,wrds/comp_global_daily/g_sec_gmth.parquet,g_sec_gmth.parquet,wrds/comp_global_daily,,3124974,2026-07-01T22:37:54.077000+00:00,9e69a50a5986fd7ac1a4972c7d6532e0,STANDARD
quantt-historical-market-data,wrds/comp_global_daily/g_sec_gmthdiv.parquet,g_sec_gmthdiv.parquet,wrds/comp_global_daily,,8852422,2026-07-01T22:38:15.732000+00:00,2fd88ab89a2cbc70a0e949500c91bf61-2,STANDARD
quantt-historical-market-data,wrds/comp_global_daily/g_sec_gmthprc.parquet,g_sec_gmthprc.parquet,wrds/comp_global_daily,,145352294,2026-07-01T22:39:04.783000+00:00,d408fb1068de7b076a83694f7c441a2b-18,STANDARD
quantt-historical-market-data,wrds/comp_global_daily/g_sec_history.parquet,g_sec_history.parquet,wrds/comp_global_daily,,1140939,2026-07-01T22:39:10.202000+00:00,64c1e400feaf28adfc432ebb6ddea768,STANDARD
quantt-historical-market-data,wrds/comp_global_daily/g_sec_idesind.parquet,g_sec_idesind.parquet,wrds/comp_global_daily,,4148003,2026-07-01T22:39:28.594000+00:00,fe0873c9c8955e44d0c315725fa5cbd6,STANDARD
quantt-historical-market-data,wrds/comp_global_daily/g_sec_ifnd.parquet,g_sec_ifnd.parquet,wrds/comp_global_daily,,149953014,2026-07-01T22:40:18.555000+00:00,4828c12e8d6d237d51efb1cf09efaf8f-18,STANDARD
quantt-historical-market-data,wrds/comp_global_daily/g_sec_ifnt.parquet,g_sec_ifnt.parquet,wrds/comp_global_daily,,6202886,2026-07-01T22:40:50.294000+00:00,936f1fa71551bf8addb424a673a680a4,STANDARD
quantt-historical-market-data,wrds/comp_global_daily/g_sec_split.parquet,g_sec_split.parquet,wrds/comp_global_daily,,1051059,2026-07-01T22:40:55.555000+00:00,6aa843c022f6b03a6a3789f5d13a556f,STANDARD
quantt-historical-market-data,wrds/comp_global_daily/g_secd.parquet,g_secd.parquet,wrds/comp_global_daily,,4280674147,2026-07-02T00:05:43.476000+00:00,0a91a579ff75dd090216d9b9f583bcdc-511,STANDARD
quantt-historical-market-data,wrds/comp_global_daily/g_secm.parquet,g_secm.parquet,wrds/comp_global_daily,,159730262,2026-07-02T00:08:11.133000+00:00,ca7dd732f67a464b72ffac07f0a3c6a9-20,STANDARD
quantt-historical-market-data,wrds/comp_global_daily/g_secnamesd.parquet,g_secnamesd.parquet,wrds/comp_global_daily,,4438809,2026-07-02T00:08:16.927000+00:00,38d9360a3cdb8ed4cadb74306ae7c9c7,STANDARD
quantt-historical-market-data,wrds/comp_global_daily/g_security.parquet,g_security.parquet,wrds/comp_global_daily,,4094562,2026-07-02T00:08:22.647000+00:00,de8a7b9494a788a53d182eb8d26afc58,STANDARD
quantt-historical-market-data,wrds/comp_global_daily/g_sedolgvkey.parquet,g_sedolgvkey.parquet,wrds/comp_global_daily,,2324315,2026-07-02T00:08:27.561000+00:00,8a4c4be7d8d0a4c7f23aebf95114885e,STANDARD
quantt-historical-market-data,wrds/comp_global_daily/g_tmptable_pkg6775_tbl5551.parquet,g_tmptable_pkg6775_tbl5551.parquet,wrds/comp_global_daily,,1776,2026-07-02T00:08:32.192000+00:00,be331e9e583b93854275b987a9c52666,STANDARD
quantt-historical-market-data,wrds/comp_global_daily/gsecnamesm.parquet,gsecnamesm.parquet,wrds/comp_global_daily,,1951901,2026-07-02T00:08:37.874000+00:00,efd7222fe3c3e4a15ac8e0ea31a6a707,STANDARD
quantt-historical-market-data,wrds/comp_global_daily/r_accstd.parquet,r_accstd.parquet,wrds/comp_global_daily,,1831,2026-07-02T00:08:42.568000+00:00,125df767104e76020160355bcd714a07,STANDARD
quantt-historical-market-data,wrds/comp_global_daily/r_acqmeth.parquet,r_acqmeth.parquet,wrds/comp_global_daily,,1099,2026-07-02T00:08:47.498000+00:00,60c4555a6218b29d3ee9e9f4ca8228af,STANDARD
quantt-historical-market-data,wrds/comp_global_daily/r_auditors.parquet,r_auditors.parquet,wrds/comp_global_daily,,1643,2026-07-02T00:08:51.949000+00:00,79a9bca8972a734184968e21b667a34e,STANDARD
quantt-historical-market-data,wrds/comp_global_daily/r_auopic.parquet,r_auopic.parquet,wrds/comp_global_daily,,1193,2026-07-02T00:08:56.760000+00:00,5cc3550455b2acec060947260e4dba0a,STANDARD
quantt-historical-market-data,wrds/comp_global_daily/r_balpres.parquet,r_balpres.parquet,wrds/comp_global_daily,,1947,2026-07-02T00:09:01.304000+00:00,c1cfce9cb9e3719cdf9d0c3600cf6950,STANDARD
quantt-historical-market-data,wrds/comp_global_daily/r_cf_formt.parquet,r_cf_formt.parquet,wrds/comp_global_daily,,1361,2026-07-02T00:09:06.137000+00:00,d41b7bf377c129c2e7980e25aa4d60d5,STANDARD
quantt-historical-market-data,wrds/comp_global_daily/r_co_status.parquet,r_co_status.parquet,wrds/comp_global_daily,,1333,2026-07-02T00:09:10.989000+00:00,359969bf321d294665c911eb770aaac9,STANDARD
quantt-historical-market-data,wrds/comp_global_daily/r_coindpre.parquet,r_coindpre.parquet,wrds/comp_global_daily,,1047,2026-07-02T00:09:15.643000+00:00,ce29a02093288ab215e7a163388a19ab,STANDARD
quantt-historical-market-data,wrds/comp_global_daily/r_compstat.parquet,r_compstat.parquet,wrds/comp_global_daily,,1993,2026-07-02T00:09:20.487000+00:00,32f99a06a157b749e0ef5b5a78cffa77,STANDARD
quantt-historical-market-data,wrds/comp_global_daily/r_consol.parquet,r_consol.parquet,wrds/comp_global_daily,,1076,2026-07-02T00:09:25.154000+00:00,7d06b467dc598cd923fed3b5da697f2c,STANDARD
quantt-historical-market-data,wrds/comp_global_daily/r_country.parquet,r_country.parquet,wrds/comp_global_daily,,5399,2026-07-02T00:09:29.712000+00:00,d6d7978c714c81333f25c8039ae910c6,STANDARD
quantt-historical-market-data,wrds/comp_global_daily/r_cstclscd.parquet,r_cstclscd.parquet,wrds/comp_global_daily,,5262,2026-07-02T00:09:34.660000+00:00,43f785f9a8ccca66ca5d5df9b6a0e5fe,STANDARD
quantt-historical-market-data,wrds/comp_global_daily/r_datacode.parquet,r_datacode.parquet,wrds/comp_global_daily,,1089,2026-07-02T00:09:39.490000+00:00,4fd0310e5ee71f7090cf2cfdab2536b0,STANDARD
quantt-historical-market-data,wrds/comp_global_daily/r_datafmt.parquet,r_datafmt.parquet,wrds/comp_global_daily,,1379,2026-07-02T00:09:44.305000+00:00,1a54bf164e3f6b1aef43364428218c5a,STANDARD
quantt-historical-market-data,wrds/comp_global_daily/r_divtaxmarker.parquet,r_divtaxmarker.parquet,wrds/comp_global_daily,,3968,2026-07-02T00:09:48.985000+00:00,864fd501c93777ddc0248affe14a90d5,STANDARD
quantt-historical-market-data,wrds/comp_global_daily/r_docsrce.parquet,r_docsrce.parquet,wrds/comp_global_daily,,2433,2026-07-02T00:09:53.869000+00:00,730b17e064ab330129baf6cf7bb2d257,STANDARD
quantt-historical-market-data,wrds/comp_global_daily/r_ex_codes.parquet,r_ex_codes.parquet,wrds/comp_global_daily,,5817,2026-07-02T00:09:58.572000+00:00,458efcba3f3387ea1a972737718656a3,STANDARD
quantt-historical-market-data,wrds/comp_global_daily/r_exchgtier.parquet,r_exchgtier.parquet,wrds/comp_global_daily,,1604,2026-07-02T00:10:03.469000+00:00,e5473ff6f2504d0e9f5a566e3bc992f7,STANDARD
quantt-historical-market-data,wrds/comp_global_daily/r_exrt_typ.parquet,r_exrt_typ.parquet,wrds/comp_global_daily,,1442,2026-07-02T00:10:08.284000+00:00,0535277e9a0b1fdf6af77a5f1393ec06,STANDARD
quantt-historical-market-data,wrds/comp_global_daily/r_fndfntcd.parquet,r_fndfntcd.parquet,wrds/comp_global_daily,,12391,2026-07-02T00:10:12.988000+00:00,a61b02e5f949288d8883e92c4a9547b3,STANDARD
quantt-historical-market-data,wrds/comp_global_daily/r_footnts.parquet,r_footnts.parquet,wrds/comp_global_daily,,1329,2026-07-02T00:10:17.503000+00:00,c6b4bf9aa65c39f769ca634712e1f4ac,STANDARD
quantt-historical-market-data,wrds/comp_global_daily/r_foricd.parquet,r_foricd.parquet,wrds/comp_global_daily,,1534,2026-07-02T00:10:22.404000+00:00,1fe18d5f608ccc01212eca2b0eada788,STANDARD
quantt-historical-market-data,wrds/comp_global_daily/r_giccd.parquet,r_giccd.parquet,wrds/comp_global_daily,,6383,2026-07-02T00:10:27.024000+00:00,21a414bb560f9a6736e448ac822932a3,STANDARD
quantt-historical-market-data,wrds/comp_global_daily/r_hcalendr.parquet,r_hcalendr.parquet,wrds/comp_global_daily,,124882,2026-07-02T00:10:31.587000+00:00,5bc577814610c903ba13925949cac39c,STANDARD
quantt-historical-market-data,wrds/comp_global_daily/r_idxclscd.parquet,r_idxclscd.parquet,wrds/comp_global_daily,,110231,2026-07-02T00:10:36.425000+00:00,2ba130c6614ee8045753e60c0de721ee,STANDARD
quantt-historical-market-data,wrds/comp_global_daily/r_inactvcd.parquet,r_inactvcd.parquet,wrds/comp_global_daily,,1709,2026-07-02T00:10:40.916000+00:00,324978228933b4855762f5187dd67e40,STANDARD
quantt-historical-market-data,wrds/comp_global_daily/r_incstats.parquet,r_incstats.parquet,wrds/comp_global_daily,,1742,2026-07-02T00:10:45.556000+00:00,e6fc9435bdc30be82d05a36747c10cc0,STANDARD
quantt-historical-market-data,wrds/comp_global_daily/r_indfmt.parquet,r_indfmt.parquet,wrds/comp_global_daily,,1044,2026-07-02T00:10:50.200000+00:00,04ecb4b88732185bcef6c724517438a4,STANDARD
quantt-historical-market-data,wrds/comp_global_daily/r_indsec.parquet,r_indsec.parquet,wrds/comp_global_daily,,3912,2026-07-02T00:10:54.809000+00:00,e12efd70faff3cf3b0b40c7a890084a0,STANDARD
quantt-historical-market-data,wrds/comp_global_daily/r_invval.parquet,r_invval.parquet,wrds/comp_global_daily,,1201,2026-07-02T00:10:59.691000+00:00,ed05046af44814532985f238134b9beb,STANDARD
quantt-historical-market-data,wrds/comp_global_daily/r_issuetyp.parquet,r_issuetyp.parquet,wrds/comp_global_daily,,1757,2026-07-02T00:11:04.368000+00:00,5974b0898d557b2835745adce859042c,STANDARD
quantt-historical-market-data,wrds/comp_global_daily/r_majidxcl.parquet,r_majidxcl.parquet,wrds/comp_global_daily,,5924,2026-07-02T00:11:09.148000+00:00,54babbc681e1b13b127d9762c9bcd961,STANDARD
quantt-historical-market-data,wrds/comp_global_daily/r_mic_codes.parquet,r_mic_codes.parquet,wrds/comp_global_daily,,4068,2026-07-02T00:11:14.141000+00:00,eee934f41d5170fd1978ecb15f0d115d,STANDARD
quantt-historical-market-data,wrds/comp_global_daily/r_naiccd.parquet,r_naiccd.parquet,wrds/comp_global_daily,,51560,2026-07-02T00:11:18.775000+00:00,670ee8fc45124c40c40941143e1b7f64,STANDARD
quantt-historical-market-data,wrds/comp_global_daily/r_notetype.parquet,r_notetype.parquet,wrds/comp_global_daily,,1390,2026-07-02T00:11:23.548000+00:00,0eee9fb556bf02524432b8697a9115b9,STANDARD
quantt-historical-market-data,wrds/comp_global_daily/r_ntsubtype.parquet,r_ntsubtype.parquet,wrds/comp_global_daily,,2259,2026-07-02T00:11:28.086000+00:00,42337ddddf4c570ecdc815234c5de924,STANDARD
quantt-historical-market-data,wrds/comp_global_daily/r_offcrso.parquet,r_offcrso.parquet,wrds/comp_global_daily,,1264,2026-07-02T00:11:32.602000+00:00,dc93278994c10d9d8f97c5a160279031,STANDARD
quantt-historical-market-data,wrds/comp_global_daily/r_ogmethod.parquet,r_ogmethod.parquet,wrds/comp_global_daily,,1001,2026-07-02T00:11:37.511000+00:00,dd88562167f94e61454ac7b4840ab3e0,STANDARD
quantt-historical-market-data,wrds/comp_global_daily/r_opinions.parquet,r_opinions.parquet,wrds/comp_global_daily,,1102,2026-07-02T00:11:42.147000+00:00,30f60c2f07e0e4efe7e7f04131f3dab6,STANDARD
quantt-historical-market-data,wrds/comp_global_daily/r_prc_stat.parquet,r_prc_stat.parquet,wrds/comp_global_daily,,1334,2026-07-02T00:11:46.816000+00:00,eb9a07fbd77592e0733ca0508c5c403a,STANDARD
quantt-historical-market-data,wrds/comp_global_daily/r_qsrcdoc.parquet,r_qsrcdoc.parquet,wrds/comp_global_daily,,1604,2026-07-02T00:11:51.423000+00:00,41db7c2daefc8f167eb3c475ea6c3b28,STANDARD
quantt-historical-market-data,wrds/comp_global_daily/r_sec_stat.parquet,r_sec_stat.parquet,wrds/comp_global_daily,,1227,2026-07-02T00:11:56.144000+00:00,a9507c24c0acd8edce7ea62d0b93a541,STANDARD
quantt-historical-market-data,wrds/comp_global_daily/r_secannfn.parquet,r_secannfn.parquet,wrds/comp_global_daily,,1661,2026-07-02T00:12:00.956000+00:00,226e4aa6abfcece11c5c6806a3ab8dfc,STANDARD
quantt-historical-market-data,wrds/comp_global_daily/r_sectors.parquet,r_sectors.parquet,wrds/comp_global_daily,,1189,2026-07-02T00:12:05.565000+00:00,dca2eece3acf8c02a91f2920c73ecef0,STANDARD
quantt-historical-market-data,wrds/comp_global_daily/r_siccd.parquet,r_siccd.parquet,wrds/comp_global_daily,,40204,2026-07-02T00:12:10.429000+00:00,4772e94bb269fa4d257cc3bf86e1b012,STANDARD
quantt-historical-market-data,wrds/comp_global_daily/r_spiicd.parquet,r_spiicd.parquet,wrds/comp_global_daily,,7914,2026-07-02T00:12:15.432000+00:00,e82d963bbf79a3755776bf4acbef6e68,STANDARD
quantt-historical-market-data,wrds/comp_global_daily/r_spmicd.parquet,r_spmicd.parquet,wrds/comp_global_daily,,1541,2026-07-02T00:12:20.184000+00:00,9cc54ca89a16b235711c4d84d9cadd99,STANDARD
quantt-historical-market-data,wrds/comp_global_daily/r_statalrt.parquet,r_statalrt.parquet,wrds/comp_global_daily,,1101,2026-07-02T00:12:25.072000+00:00,3568ba6d61a51b0c75608b2496336498,STANDARD
quantt-historical-market-data,wrds/comp_global_daily/r_states.parquet,r_states.parquet,wrds/comp_global_daily,,2054,2026-07-02T00:12:29.797000+00:00,ebe7b9f4952b2b4e50fb4387263bcbaa,STANDARD
quantt-historical-market-data,wrds/comp_global_daily/r_stko.parquet,r_stko.parquet,wrds/comp_global_daily,,1263,2026-07-02T00:12:34.309000+00:00,b1463443b2999ae362574774ad26b041,STANDARD
quantt-historical-market-data,wrds/comp_global_daily/r_titles.parquet,r_titles.parquet,wrds/comp_global_daily,,1665,2026-07-02T00:12:38.874000+00:00,5876faba5bb471d20eaccaeb1bf083fc,STANDARD
quantt-historical-market-data,wrds/comp_global_daily/r_updates.parquet,r_updates.parquet,wrds/comp_global_daily,,1109,2026-07-02T00:12:43.572000+00:00,aebe83c028d200f1d30fd1a559f63a02,STANDARD
quantt-historical-market-data,wrds/comp_global_daily/wrds_g_exrate.parquet,wrds_g_exrate.parquet,wrds/comp_global_daily,,53413376,2026-07-02T00:12:53.153000+00:00,168660e9ecb8bff4c185c2bbd72f80d6-7,STANDARD
quantt-historical-market-data,wrds/comp_global_daily/xfl_column.parquet,xfl_column.parquet,wrds/comp_global_daily,,326285,2026-07-02T00:12:58.379000+00:00,281c353dbfe866b662bb55a64d0d8b15,STANDARD
quantt-historical-market-data,wrds/comp_global_daily/xfl_table.parquet,xfl_table.parquet,wrds/comp_global_daily,,12779,2026-07-02T00:13:03.177000+00:00,eb5a18090afd772131e744c6fe347784,STANDARD
quantt-historical-market-data,wrds/comp_na_daily_all/aco_amda.parquet,aco_amda.parquet,wrds/comp_na_daily_all,,18084470,2026-06-26T19:36:51.239000+00:00,d0df1053db0660dfe635af5f554eb459-3,STANDARD
quantt-historical-market-data,wrds/comp_na_daily_all/aco_imda.parquet,aco_imda.parquet,wrds/comp_na_daily_all,,8721716,2026-06-26T11:52:16.192000+00:00,d5489a0c86a96f6b8f94150ed76c0cc8-2,STANDARD
quantt-historical-market-data,wrds/comp_na_daily_all/aco_indfnta.parquet,aco_indfnta.parquet,wrds/comp_na_daily_all,,166589,2026-06-26T10:56:06.827000+00:00,53e4d88e3cf33f04aebc8f78205cc925,STANDARD
quantt-historical-market-data,wrds/comp_na_daily_all/aco_indfntq.parquet,aco_indfntq.parquet,wrds/comp_na_daily_all,,167412,2026-06-26T10:56:12.814000+00:00,e686b441cec5ec12534221f34e893849,STANDARD
quantt-historical-market-data,wrds/comp_na_daily_all/aco_indfntytd.parquet,aco_indfntytd.parquet,wrds/comp_na_daily_all,,58053,2026-06-26T11:52:21.213000+00:00,19fe9c9961f746ff25b4f18259a53352,STANDARD
quantt-historical-market-data,wrds/comp_na_daily_all/aco_indsta.parquet,aco_indsta.parquet,wrds/comp_na_daily_all,,10946148,2026-06-27T19:21:41.005000+00:00,728a1b7384775a5f23f6870b333278b3-2,STANDARD
quantt-historical-market-data,wrds/comp_na_daily_all/aco_indstq.parquet,aco_indstq.parquet,wrds/comp_na_daily_all,,15161303,2026-06-28T00:56:15.744000+00:00,0fc55e6133bacd7308d634704775207a-2,STANDARD
quantt-historical-market-data,wrds/comp_na_daily_all/aco_indstytd.parquet,aco_indstytd.parquet,wrds/comp_na_daily_all,,5351010,2026-06-30T22:39:57.753000+00:00,49b345e0535aa62708894675a715e5a1,STANDARD
quantt-historical-market-data,wrds/comp_na_daily_all/aco_notesa.parquet,aco_notesa.parquet,wrds/comp_na_daily_all,,206742376,2026-06-30T13:56:26.852000+00:00,ece342ab612427b1c2b413cca661a4c1-25,STANDARD
quantt-historical-market-data,wrds/comp_na_daily_all/aco_notesq.parquet,aco_notesq.parquet,wrds/comp_na_daily_all,,175948231,2026-06-30T13:58:29.514000+00:00,bca968b4668bfd5c5926016064587521-21,STANDARD
quantt-historical-market-data,wrds/comp_na_daily_all/aco_notessa.parquet,aco_notessa.parquet,wrds/comp_na_daily_all,,16347417,2026-06-26T10:56:28.820000+00:00,8bfd9132844a5ff38b10d4814829acb8-2,STANDARD
quantt-historical-market-data,wrds/comp_na_daily_all/aco_notesytd.parquet,aco_notesytd.parquet,wrds/comp_na_daily_all,,106405047,2026-06-29T10:48:03.567000+00:00,aed7806dbc551d3bbfbf321c9d283514-13,STANDARD
quantt-historical-market-data,wrds/comp_na_daily_all/aco_pnfnda.parquet,aco_pnfnda.parquet,wrds/comp_na_daily_all,,8984772,2026-06-29T10:48:12.822000+00:00,29d76ad163f8885c0b9ed1217fd7ae28-2,STANDARD
quantt-historical-market-data,wrds/comp_na_daily_all/aco_pnfndq.parquet,aco_pnfndq.parquet,wrds/comp_na_daily_all,,2278737,2026-06-29T10:48:21.925000+00:00,076b5d29e08bec78765d9c078d8d0e4b,STANDARD
quantt-historical-market-data,wrds/comp_na_daily_all/aco_pnfndytd.parquet,aco_pnfndytd.parquet,wrds/comp_na_daily_all,,2518088,2026-06-30T13:58:36.929000+00:00,ca7b3e12cd586a0693daa31c968388e1,STANDARD
quantt-historical-market-data,wrds/comp_na_daily_all/aco_pnfnta.parquet,aco_pnfnta.parquet,wrds/comp_na_daily_all,,112750,2026-06-26T11:53:17.618000+00:00,3e66ff6c6c0fc0b1e52da0a3ccb541c6,STANDARD
quantt-historical-market-data,wrds/comp_na_daily_all/aco_pnfntq.parquet,aco_pnfntq.parquet,wrds/comp_na_daily_all,,17821,2026-06-29T10:52:18.357000+00:00,2798758e15320d3a7093a04dd670392a,STANDARD
quantt-historical-market-data,wrds/comp_na_daily_all/aco_pnfntytd.parquet,aco_pnfntytd.parquet,wrds/comp_na_daily_all,,13619,2026-06-29T10:52:22.749000+00:00,ced9c2abea3ad525dc3eb9ffc4f9f397,STANDARD
quantt-historical-market-data,wrds/comp_na_daily_all/aco_transa.parquet,aco_transa.parquet,wrds/comp_na_daily_all,,273541158,2026-06-30T23:26:31.256000+00:00,d4d3b6c288f89cc736358dc69234d31f-33,STANDARD
quantt-historical-market-data,wrds/comp_na_daily_all/aco_transq.parquet,aco_transq.parquet,wrds/comp_na_daily_all,,382118494,2026-06-30T22:48:08.927000+00:00,29d66f76d39eb959537d3d8516616618-46,STANDARD
quantt-historical-market-data,wrds/comp_na_daily_all/aco_transsa.parquet,aco_transsa.parquet,wrds/comp_na_daily_all,,33570916,2026-06-30T14:04:12.699000+00:00,ec8bc4ffb728a024abda91a7edc83201-5,STANDARD
quantt-historical-market-data,wrds/comp_na_daily_all/aco_transytd.parquet,aco_transytd.parquet,wrds/comp_na_daily_all,,216420278,2026-06-30T22:50:16.218000+00:00,0ed97f21f336ee90ff7ac341238b8654-26,STANDARD
quantt-historical-market-data,wrds/comp_na_daily_all/adsprate.parquet,adsprate.parquet,wrds/comp_na_daily_all,,1281566,2026-06-30T22:50:24.657000+00:00,6cfff9d7421dff084f79799c2c12ff30,STANDARD
quantt-historical-market-data,wrds/comp_na_daily_all/asec_imda.parquet,asec_imda.parquet,wrds/comp_na_daily_all,,8066,2026-06-29T11:02:49.669000+00:00,ff211212d1636ea44606f4bfb173666d,STANDARD
quantt-historical-market-data,wrds/comp_na_daily_all/asec_notesa.parquet,asec_notesa.parquet,wrds/comp_na_daily_all,,74617,2026-06-26T11:53:30.548000+00:00,d965ce54127c6e122adebabb82f4cb19,STANDARD
quantt-historical-market-data,wrds/comp_na_daily_all/asec_notesq.parquet,asec_notesq.parquet,wrds/comp_na_daily_all,,291374,2026-06-26T11:53:35.150000+00:00,8222c49f93c93d15309f8760e73f5a80,STANDARD
quantt-historical-market-data,wrds/comp_na_daily_all/asec_transa.parquet,asec_transa.parquet,wrds/comp_na_daily_all,,17953,2026-06-26T11:53:39.545000+00:00,e206df36d1fe52db78d026dbab95835d,STANDARD
quantt-historical-market-data,wrds/comp_na_daily_all/asec_transq.parquet,asec_transq.parquet,wrds/comp_na_daily_all,,38869,2026-06-26T10:57:18.143000+00:00,7bc1f4364518fcca30bd66f3aca6f19b,STANDARD
quantt-historical-market-data,wrds/comp_na_daily_all/co_aacctchg.parquet,co_aacctchg.parquet,wrds/comp_na_daily_all,,124056,2026-06-26T10:57:26.924000+00:00,ce57bd6fc4c65ffa9b5e1df6183d3970,STANDARD
quantt-historical-market-data,wrds/comp_na_daily_all/co_aaudit.parquet,co_aaudit.parquet,wrds/comp_na_daily_all,,1113701,2026-06-30T22:50:42.424000+00:00,837595d7ecdae0cd8d73abb3cdfe4845,STANDARD
quantt-historical-market-data,wrds/comp_na_daily_all/co_acthist.parquet,co_acthist.parquet,wrds/comp_na_daily_all,,2177471,2026-06-26T11:53:45.609000+00:00,22068437d48fcf687718fd261d5efb10,STANDARD
quantt-historical-market-data,wrds/comp_na_daily_all/co_adesind.parquet,co_adesind.parquet,wrds/comp_na_daily_all,,5219773,2026-06-27T19:22:32.529000+00:00,b155facbb9a8293f33bb8ef03ec5fee7,STANDARD
quantt-historical-market-data,wrds/comp_na_daily_all/co_adjfact.parquet,co_adjfact.parquet,wrds/comp_na_daily_all,,1644458,2026-06-26T10:57:42.986000+00:00,359787931b1141fce57dcf6404670984,STANDARD
quantt-historical-market-data,wrds/comp_na_daily_all/co_afnd1.parquet,co_afnd1.parquet,wrds/comp_na_daily_all,,236412072,2026-06-30T22:53:05.187000+00:00,3a2b187cd87cc5c2e2dc97a3555c9f22-29,STANDARD
quantt-historical-market-data,wrds/comp_na_daily_all/co_afnd2.parquet,co_afnd2.parquet,wrds/comp_na_daily_all,,169715051,2026-06-30T22:54:41.392000+00:00,bbe211b60c98e603b70ec3b8568f7260-21,STANDARD
quantt-historical-market-data,wrds/comp_na_daily_all/co_afnddc1.parquet,co_afnddc1.parquet,wrds/comp_na_daily_all,,2652058,2026-06-30T22:55:26.424000+00:00,01d3dd78d0c03477388c1c408a9f4e0c,STANDARD
quantt-historical-market-data,wrds/comp_na_daily_all/co_afnddc2.parquet,co_afnddc2.parquet,wrds/comp_na_daily_all,,2757182,2026-06-30T22:56:09.921000+00:00,fea10151b6b6478c6698d8b8f4242539,STANDARD
quantt-historical-market-data,wrds/comp_na_daily_all/co_afntind1.parquet,co_afntind1.parquet,wrds/comp_na_daily_all,,3943511,2026-06-30T22:56:59.499000+00:00,4f6a9a52044059ab6257057883f8149b,STANDARD
quantt-historical-market-data,wrds/comp_na_daily_all/co_afntind2.parquet,co_afntind2.parquet,wrds/comp_na_daily_all,,3391104,2026-06-29T11:16:26.116000+00:00,26b59fb6e13cb88b362b15051775e2dd,STANDARD
quantt-historical-market-data,wrds/comp_na_daily_all/co_ainvval.parquet,co_ainvval.parquet,wrds/comp_na_daily_all,,905397,2026-06-29T11:16:32.048000+00:00,21e5260e9719c99e1e2035f1e68fe81c,STANDARD
quantt-historical-market-data,wrds/comp_na_daily_all/co_amkt.parquet,co_amkt.parquet,wrds/comp_na_daily_all,,24297987,2026-06-30T18:02:19.515000+00:00,bbc0c5951d6649d8b428d896a0645c14-3,STANDARD
quantt-historical-market-data,wrds/comp_na_daily_all/co_busdescl.parquet,co_busdescl.parquet,wrds/comp_na_daily_all,,21183213,2026-06-30T18:02:26.848000+00:00,3889b936f585035234b38208d21505ac-3,STANDARD
quantt-historical-market-data,wrds/comp_na_daily_all/co_cotype.parquet,co_cotype.parquet,wrds/comp_na_daily_all,,394725,2026-06-29T11:20:20.211000+00:00,a18b0b3075ac07b9b7e3944c834b3b50,STANDARD
quantt-historical-market-data,wrds/comp_na_daily_all/co_filedate.parquet,co_filedate.parquet,wrds/comp_na_daily_all,,11110898,2026-06-30T18:02:37.448000+00:00,8976b7956a4302198ca68c9d44d1fa23-2,STANDARD
quantt-historical-market-data,wrds/comp_na_daily_all/co_fortune.parquet,co_fortune.parquet,wrds/comp_na_daily_all,,93079,2026-06-29T11:22:32.186000+00:00,af56cf577585575cdfab3961f8deb2f0,STANDARD
quantt-historical-market-data,wrds/comp_na_daily_all/co_hgic.parquet,co_hgic.parquet,wrds/comp_na_daily_all,,532402,2026-06-27T19:23:01.994000+00:00,79145c31dcaea6fc3981963aae56a991,STANDARD
quantt-historical-market-data,wrds/comp_na_daily_all/co_iacctchg.parquet,co_iacctchg.parquet,wrds/comp_na_daily_all,,129684,2026-06-27T19:23:06.897000+00:00,479ebc1d8da11eb0e4ba55c6d054278b,STANDARD
quantt-historical-market-data,wrds/comp_na_daily_all/co_iaudit.parquet,co_iaudit.parquet,wrds/comp_na_daily_all,,571504,2026-06-27T19:23:14.259000+00:00,01990f73e5e6a78f562771ba79335ed7,STANDARD
quantt-historical-market-data,wrds/comp_na_daily_all/co_idesind.parquet,co_idesind.parquet,wrds/comp_na_daily_all,,10766130,2026-06-30T18:03:15.033000+00:00,85523b3237f949db31eb3187020abf03-2,STANDARD
quantt-historical-market-data,wrds/comp_na_daily_all/co_ifndq.parquet,co_ifndq.parquet,wrds/comp_na_daily_all,,626817700,2026-06-30T09:56:02.310000+00:00,488becb316cfd29eb940917a75c23789-75,STANDARD
quantt-historical-market-data,wrds/comp_na_daily_all/co_ifndsa.parquet,co_ifndsa.parquet,wrds/comp_na_daily_all,,52982264,2026-06-30T22:57:39.478000+00:00,e1ea19738f0bac3d5417d70e72cc49d3-7,STANDARD
quantt-historical-market-data,wrds/comp_na_daily_all/co_ifndytd.parquet,co_ifndytd.parquet,wrds/comp_na_daily_all,,343766604,2026-06-29T11:35:24.029000+00:00,5e2dd4cb17238fcdd524d520c7bae50f-41,STANDARD
quantt-historical-market-data,wrds/comp_na_daily_all/co_ifntq.parquet,co_ifntq.parquet,wrds/comp_na_daily_all,,12904230,2026-06-27T19:27:00.666000+00:00,98b88acec0ba786fab959be56db4c792-2,STANDARD
quantt-historical-market-data,wrds/comp_na_daily_all/co_ifntsa.parquet,co_ifntsa.parquet,wrds/comp_na_daily_all,,705274,2026-06-26T10:58:47.276000+00:00,f4a54a03b3d71883da2294a7bb1a4ac9,STANDARD
quantt-historical-market-data,wrds/comp_na_daily_all/co_ifntytd.parquet,co_ifntytd.parquet,wrds/comp_na_daily_all,,5865943,2026-06-27T19:28:31.498000+00:00,a8e10f0a26612c35b790a8c03c76a1a1,STANDARD
quantt-historical-market-data,wrds/comp_na_daily_all/co_imkt.parquet,co_imkt.parquet,wrds/comp_na_daily_all,,72467218,2026-06-27T19:29:18.932000+00:00,1a451115c4a9977c2b084d97ee6fbe6f-9,STANDARD
quantt-historical-market-data,wrds/comp_na_daily_all/co_industry.parquet,co_industry.parquet,wrds/comp_na_daily_all,,1192672,2026-06-26T10:59:06.408000+00:00,230402f8611e26261c01b68a9807a163,STANDARD
quantt-historical-market-data,wrds/comp_na_daily_all/co_ipcd.parquet,co_ipcd.parquet,wrds/comp_na_daily_all,,67042,2026-06-26T10:59:10.888000+00:00,d2666cd0d0d614fa1530a2cbb5dac380,STANDARD
quantt-historical-market-data,wrds/comp_na_daily_all/co_mthly.parquet,co_mthly.parquet,wrds/comp_na_daily_all,,9779668,2026-06-27T19:29:31.822000+00:00,1a77948fa86c8f711318e2d8be88e84c-2,STANDARD
quantt-historical-market-data,wrds/comp_na_daily_all/co_offtitl.parquet,co_offtitl.parquet,wrds/comp_na_daily_all,,4012167,2026-06-26T10:59:21.391000+00:00,c83793b55b592b061fac67888409491f,STANDARD
quantt-historical-market-data,wrds/comp_na_daily_all/company.parquet,company.parquet,wrds/comp_na_daily_all,,10807792,2026-06-27T19:29:39.043000+00:00,8d5dccceac3b6bd2c2b668d262b5723d-2,STANDARD
quantt-historical-market-data,wrds/comp_na_daily_all/currency.parquet,currency.parquet,wrds/comp_na_daily_all,,8528,2026-06-26T10:59:30.724000+00:00,35737209314f70fd783f7a5ff0a7b700,STANDARD
quantt-historical-market-data,wrds/comp_na_daily_all/dd_group.parquet,dd_group.parquet,wrds/comp_na_daily_all,,30074,2026-06-26T10:59:35.213000+00:00,a444876c10019281c51e9233fc43d7d2,STANDARD
quantt-historical-market-data,wrds/comp_na_daily_all/dd_group_xref.parquet,dd_group_xref.parquet,wrds/comp_na_daily_all,,196675,2026-06-26T10:59:39.638000+00:00,7c237d652e6cbe35126fce7a6c9eaaa8,STANDARD
quantt-historical-market-data,wrds/comp_na_daily_all/dd_item.parquet,dd_item.parquet,wrds/comp_na_daily_all,,229410,2026-06-26T10:59:44.189000+00:00,a72dd636cff9f3355f25b9ebd41b14f1,STANDARD
quantt-historical-market-data,wrds/comp_na_daily_all/dd_package.parquet,dd_package.parquet,wrds/comp_na_daily_all,,8566,2026-06-26T10:59:48.936000+00:00,df5c680cf11bbbee28b671657a4d2200,STANDARD
quantt-historical-market-data,wrds/comp_na_daily_all/ecind_desc.parquet,ecind_desc.parquet,wrds/comp_na_daily_all,,7072,2026-06-26T10:59:53.230000+00:00,18f6b09e29417452bf69de0283116267,STANDARD
quantt-historical-market-data,wrds/comp_na_daily_all/ecind_mth.parquet,ecind_mth.parquet,wrds/comp_na_daily_all,,172687,2026-06-26T10:59:57.777000+00:00,4cb3bfef1945ddabe2d1aa26cb5c09e2,STANDARD
quantt-historical-market-data,wrds/comp_na_daily_all/exrt_dly.parquet,exrt_dly.parquet,wrds/comp_na_daily_all,,10656387,2026-06-27T19:29:48.564000+00:00,d72e4485f6772cdd68831a8ae0cdc5fd-2,STANDARD
quantt-historical-market-data,wrds/comp_na_daily_all/exrt_mth.parquet,exrt_mth.parquet,wrds/comp_na_daily_all,,11916746,2026-06-27T19:29:54.781000+00:00,bc6b295cfd48010500af8002aa8dbd32-2,STANDARD
quantt-historical-market-data,wrds/comp_na_daily_all/funda.parquet,funda.parquet,wrds/comp_na_daily_all,,476929967,2026-06-27T19:37:09.462000+00:00,6656902c06176925c99a9038b683c3bb-57,STANDARD
quantt-historical-market-data,wrds/comp_na_daily_all/funda_fncd.parquet,funda_fncd.parquet,wrds/comp_na_daily_all,,14381790,2026-06-27T19:39:38.283000+00:00,058322849d401d9a891b9ce14b07f4da-2,STANDARD
quantt-historical-market-data,wrds/comp_na_daily_all/fundq.parquet,fundq.parquet,wrds/comp_na_daily_all,,1039650524,2026-06-27T19:48:41.136000+00:00,66f05b3742892b5407b15cfbc5162771-124,STANDARD
quantt-historical-market-data,wrds/comp_na_daily_all/fundq_fncd.parquet,fundq_fncd.parquet,wrds/comp_na_daily_all,,36671777,2026-06-27T19:54:33.754000+00:00,277bd763c1d0f1ef02ca3d0eb2503622-5,STANDARD
quantt-historical-market-data,wrds/comp_na_daily_all/idx_ann.parquet,idx_ann.parquet,wrds/comp_na_daily_all,,9590148,2026-06-26T11:00:49.304000+00:00,e32dbdc10f593e9777dd25ed99687a3c-2,STANDARD
quantt-historical-market-data,wrds/comp_na_daily_all/idx_anndes.parquet,idx_anndes.parquet,wrds/comp_na_daily_all,,58733,2026-06-26T11:00:53.860000+00:00,b08c2ccc8c80635cd295aca7632e7327,STANDARD
quantt-historical-market-data,wrds/comp_na_daily_all/idx_daily.parquet,idx_daily.parquet,wrds/comp_na_daily_all,,241012717,2026-06-27T19:55:14.067000+00:00,93b8850de3188e8ec2ca657e783940bf-29,STANDARD
quantt-historical-market-data,wrds/comp_na_daily_all/idx_index.parquet,idx_index.parquet,wrds/comp_na_daily_all,,94015,2026-06-26T11:01:03.612000+00:00,d42c907a5b933bd6ea6181ee588cc106,STANDARD
quantt-historical-market-data,wrds/comp_na_daily_all/idx_mth.parquet,idx_mth.parquet,wrds/comp_na_daily_all,,12272746,2026-06-27T19:55:22.519000+00:00,d766302d2e21693dcc0e9751956a1cbe-2,STANDARD
quantt-historical-market-data,wrds/comp_na_daily_all/idx_qrt.parquet,idx_qrt.parquet,wrds/comp_na_daily_all,,29738023,2026-06-27T19:55:31.282000+00:00,5b57051af7ae921a9b3df5d44d3ed2f8-4,STANDARD
quantt-historical-market-data,wrds/comp_na_daily_all/idx_qrtdes.parquet,idx_qrtdes.parquet,wrds/comp_na_daily_all,,125953,2026-06-26T11:01:18.495000+00:00,30b051e5a70e007436d0dee483fda080,STANDARD
quantt-historical-market-data,wrds/comp_na_daily_all/idxcst_his.parquet,idxcst_his.parquet,wrds/comp_na_daily_all,,126964,2026-06-26T11:01:23.047000+00:00,be4309e7d937bbf6af26a03dabb55029,STANDARD
quantt-historical-market-data,wrds/comp_na_daily_all/indexcst_his.parquet,indexcst_his.parquet,wrds/comp_na_daily_all,,122645,2026-06-26T11:01:27.443000+00:00,a104190e428d23512b564ef9e0db52a5,STANDARD
quantt-historical-market-data,wrds/comp_na_daily_all/io_qaggregate.parquet,io_qaggregate.parquet,wrds/comp_na_daily_all,,5789453,2026-06-26T11:01:32.515000+00:00,6395b746603a187393c4708f692a33b4,STANDARD
quantt-historical-market-data,wrds/comp_na_daily_all/io_qbuysell.parquet,io_qbuysell.parquet,wrds/comp_na_daily_all,,45552531,2026-06-26T11:01:53.394000+00:00,7c26cdfb2d59c97e59e24dc46af995b7-6,STANDARD
quantt-historical-market-data,wrds/comp_na_daily_all/io_qchanges.parquet,io_qchanges.parquet,wrds/comp_na_daily_all,,28893254,2026-06-27T19:55:42.034000+00:00,976ddf13504a82cd2ba133628fc4f1ef-4,STANDARD
quantt-historical-market-data,wrds/comp_na_daily_all/io_qfloatadj.parquet,io_qfloatadj.parquet,wrds/comp_na_daily_all,,489988,2026-06-26T11:02:03.897000+00:00,cee321f4fd1607bdd8545d755c4f0191,STANDARD
quantt-historical-market-data,wrds/comp_na_daily_all/io_qholders.parquet,io_qholders.parquet,wrds/comp_na_daily_all,,14971535,2026-06-27T19:55:51.231000+00:00,308c757fe6cffb60465b347711657d0f-2,STANDARD
quantt-historical-market-data,wrds/comp_na_daily_all/it_mbuysell.parquet,it_mbuysell.parquet,wrds/comp_na_daily_all,,5107156,2026-06-27T19:55:57.272000+00:00,67bb2a7aaf2772e22c72348dca08cf54,STANDARD
quantt-historical-market-data,wrds/comp_na_daily_all/it_msummary.parquet,it_msummary.parquet,wrds/comp_na_daily_all,,743596,2026-06-26T11:02:19.190000+00:00,08cea792f8c655952290b6655c535fb4,STANDARD
quantt-historical-market-data,wrds/comp_na_daily_all/it_r_rltn.parquet,it_r_rltn.parquet,wrds/comp_na_daily_all,,1676,2026-06-26T11:02:23.990000+00:00,4c19207f2d843bf4a0b602df3affd3d9,STANDARD
quantt-historical-market-data,wrds/comp_na_daily_all/names.parquet,names.parquet,wrds/comp_na_daily_all,,2385495,2026-06-26T11:02:28.704000+00:00,3b06784f646137310e0fc1834c584014,STANDARD
quantt-historical-market-data,wrds/comp_na_daily_all/names_aco_indsta.parquet,names_aco_indsta.parquet,wrds/comp_na_daily_all,,203877,2026-06-26T11:02:33.267000+00:00,a04d0cb380cb52308c1079387d3b19e2,STANDARD
quantt-historical-market-data,wrds/comp_na_daily_all/names_aco_indstq.parquet,names_aco_indstq.parquet,wrds/comp_na_daily_all,,221500,2026-06-26T11:02:37.863000+00:00,15254485602f612ca149908a8aa95bb2,STANDARD
quantt-historical-market-data,wrds/comp_na_daily_all/names_aco_pnfnda.parquet,names_aco_pnfnda.parquet,wrds/comp_na_daily_all,,585163,2026-06-26T11:02:42.388000+00:00,a031ff47f2142a78fac3d5f75e08f009,STANDARD
quantt-historical-market-data,wrds/comp_na_daily_all/names_aco_pnfndq.parquet,names_aco_pnfndq.parquet,wrds/comp_na_daily_all,,1028151,2026-06-26T11:02:46.986000+00:00,34affd86bdd3ec22d11a1522e027694e,STANDARD
quantt-historical-market-data,wrds/comp_na_daily_all/names_adsprate.parquet,names_adsprate.parquet,wrds/comp_na_daily_all,,1270831,2026-06-26T11:02:51.634000+00:00,1c0e4c807636211a0cb347d2ed920b78,STANDARD
quantt-historical-market-data,wrds/comp_na_daily_all/names_ix.parquet,names_ix.parquet,wrds/comp_na_daily_all,,56238,2026-06-26T11:02:56.091000+00:00,0a98dee7f2bf7ba35fc3678de68b3349,STANDARD
quantt-historical-market-data,wrds/comp_na_daily_all/names_ix_cst.parquet,names_ix_cst.parquet,wrds/comp_na_daily_all,,78593,2026-06-26T11:03:00.633000+00:00,4a63392fd1aae6d75089bc15f246b3a0,STANDARD
quantt-historical-market-data,wrds/comp_na_daily_all/names_seg.parquet,names_seg.parquet,wrds/comp_na_daily_all,,415301,2026-06-26T11:03:05.210000+00:00,a6a325e70a4b9a4d8a21f34a7ceee490,STANDARD
quantt-historical-market-data,wrds/comp_na_daily_all/namesd.parquet,namesd.parquet,wrds/comp_na_daily_all,,2883815,2026-06-26T11:03:09.957000+00:00,1e99ac9632a5c08c5c10ac8df9e50f1f,STANDARD
quantt-historical-market-data,wrds/comp_na_daily_all/namesm.parquet,namesm.parquet,wrds/comp_na_daily_all,,3005648,2026-06-26T11:03:15.058000+00:00,9abbc1c86f8a1c2402b3db0a3fc852ba,STANDARD
quantt-historical-market-data,wrds/comp_na_daily_all/namesq.parquet,namesq.parquet,wrds/comp_na_daily_all,,2335274,2026-06-26T11:03:20.099000+00:00,eddef7cb3c55db04d863985449d1da3c,STANDARD
quantt-historical-market-data,wrds/comp_na_daily_all/r_accstd.parquet,r_accstd.parquet,wrds/comp_na_daily_all,,1832,2026-06-26T11:03:24.662000+00:00,ab30678a5fde0f23fcbf43acc77604e3,STANDARD
quantt-historical-market-data,wrds/comp_na_daily_all/r_acqmeth.parquet,r_acqmeth.parquet,wrds/comp_na_daily_all,,1100,2026-06-26T11:03:29.358000+00:00,d9c33fc3a5a83f82f3f82277d531ebd9,STANDARD
quantt-historical-market-data,wrds/comp_na_daily_all/r_auditors.parquet,r_auditors.parquet,wrds/comp_na_daily_all,,1589,2026-06-26T11:03:33.929000+00:00,16d184ce3246050020d820e21072e3a0,STANDARD
quantt-historical-market-data,wrds/comp_na_daily_all/r_auopic.parquet,r_auopic.parquet,wrds/comp_na_daily_all,,1193,2026-06-26T11:03:38.462000+00:00,443d5519ad7ff8c4c81b82c857ff0950,STANDARD
quantt-historical-market-data,wrds/comp_na_daily_all/r_balpres.parquet,r_balpres.parquet,wrds/comp_na_daily_all,,1947,2026-06-26T11:03:43.016000+00:00,27b6565b122556e382666dc0d498d609,STANDARD
quantt-historical-market-data,wrds/comp_na_daily_all/r_cf_formt.parquet,r_cf_formt.parquet,wrds/comp_na_daily_all,,1351,2026-06-26T11:03:47.494000+00:00,7a5cdd5e70ac39824ebbdfdf109114db,STANDARD
quantt-historical-market-data,wrds/comp_na_daily_all/r_co_status.parquet,r_co_status.parquet,wrds/comp_na_daily_all,,1333,2026-06-26T11:03:51.935000+00:00,68d236e20838d94d187d1fbdaa16d481,STANDARD
quantt-historical-market-data,wrds/comp_na_daily_all/r_coindpre.parquet,r_coindpre.parquet,wrds/comp_na_daily_all,,1047,2026-06-26T11:03:56.469000+00:00,51c003a965f282cc2a8a170e236320bd,STANDARD
quantt-historical-market-data,wrds/comp_na_daily_all/r_compstat.parquet,r_compstat.parquet,wrds/comp_na_daily_all,,1983,2026-06-26T11:04:01.023000+00:00,15bfce995f8b19d839812e5e63056dc4,STANDARD
quantt-historical-market-data,wrds/comp_na_daily_all/r_consol.parquet,r_consol.parquet,wrds/comp_na_daily_all,,1075,2026-06-26T11:04:05.901000+00:00,931a803e1c627da1c5b3a043e55cbec9,STANDARD
quantt-historical-market-data,wrds/comp_na_daily_all/r_country.parquet,r_country.parquet,wrds/comp_na_daily_all,,5513,2026-06-26T11:04:10.515000+00:00,e4358085ffb85743f957af3a9655898f,STANDARD
quantt-historical-market-data,wrds/comp_na_daily_all/r_cstclscd.parquet,r_cstclscd.parquet,wrds/comp_na_daily_all,,5911,2026-06-26T11:04:15.037000+00:00,e654d7f6772e6ac02d9f653a174e22c2,STANDARD
quantt-historical-market-data,wrds/comp_na_daily_all/r_datacode.parquet,r_datacode.parquet,wrds/comp_na_daily_all,,1083,2026-06-26T11:04:19.592000+00:00,ba91341b6d65f0ea98cc164ff2efa0d9,STANDARD
quantt-historical-market-data,wrds/comp_na_daily_all/r_datafmt.parquet,r_datafmt.parquet,wrds/comp_na_daily_all,,1388,2026-06-26T11:04:24.061000+00:00,30914bf4f4d4cbf974e1984db14acf4e,STANDARD
quantt-historical-market-data,wrds/comp_na_daily_all/r_divtaxmarker.parquet,r_divtaxmarker.parquet,wrds/comp_na_daily_all,,3971,2026-06-26T11:04:28.505000+00:00,e6c3223659c0635cb3ba70f932d8b09f,STANDARD
quantt-historical-market-data,wrds/comp_na_daily_all/r_docsrce.parquet,r_docsrce.parquet,wrds/comp_na_daily_all,,2441,2026-06-26T11:04:32.997000+00:00,70fae3650100441d6cc45e5bf1a76d9b,STANDARD
quantt-historical-market-data,wrds/comp_na_daily_all/r_ex_codes.parquet,r_ex_codes.parquet,wrds/comp_na_daily_all,,6005,2026-06-26T11:04:37.499000+00:00,9c1425a196c5f8987e768db5eb5fdf28,STANDARD
quantt-historical-market-data,wrds/comp_na_daily_all/r_exchgtier.parquet,r_exchgtier.parquet,wrds/comp_na_daily_all,,1634,2026-06-26T11:04:42.816000+00:00,6525b641ba05a808b9b8955bb7e2d97e,STANDARD
quantt-historical-market-data,wrds/comp_na_daily_all/r_exrt_typ.parquet,r_exrt_typ.parquet,wrds/comp_na_daily_all,,1442,2026-06-26T11:04:47.342000+00:00,5ee00e35e0268f1ce633198bbdbc7ffe,STANDARD
quantt-historical-market-data,wrds/comp_na_daily_all/r_fndfntcd.parquet,r_fndfntcd.parquet,wrds/comp_na_daily_all,,12847,2026-06-26T11:04:51.865000+00:00,fa9e30bb4236084b5e2f0801d6fe19c1,STANDARD
quantt-historical-market-data,wrds/comp_na_daily_all/r_footnts.parquet,r_footnts.parquet,wrds/comp_na_daily_all,,1348,2026-06-26T11:04:56.436000+00:00,984571f548f0d9ab24c6cb015039ea7a,STANDARD
quantt-historical-market-data,wrds/comp_na_daily_all/r_foricd.parquet,r_foricd.parquet,wrds/comp_na_daily_all,,1526,2026-06-26T11:05:01.097000+00:00,c695b469ed1db946adfd498a3a2b9a73,STANDARD
quantt-historical-market-data,wrds/comp_na_daily_all/r_giccd.parquet,r_giccd.parquet,wrds/comp_na_daily_all,,7273,2026-06-26T11:05:06.055000+00:00,00e346c4f52747bf196f3aec61461d08,STANDARD
quantt-historical-market-data,wrds/comp_na_daily_all/r_hcalendr.parquet,r_hcalendr.parquet,wrds/comp_na_daily_all,,160189,2026-06-26T11:05:10.569000+00:00,439893ab5a7c505383436c4c9af0f693,STANDARD
quantt-historical-market-data,wrds/comp_na_daily_all/r_idxclscd.parquet,r_idxclscd.parquet,wrds/comp_na_daily_all,,120491,2026-06-26T11:05:15.547000+00:00,13d79188f230894ea84f953c9e504c51,STANDARD
quantt-historical-market-data,wrds/comp_na_daily_all/r_inactvcd.parquet,r_inactvcd.parquet,wrds/comp_na_daily_all,,1715,2026-06-26T11:05:19.903000+00:00,653356e8b8dafd677e96e054916d68e9,STANDARD
quantt-historical-market-data,wrds/comp_na_daily_all/r_incstats.parquet,r_incstats.parquet,wrds/comp_na_daily_all,,1722,2026-06-26T11:05:24.701000+00:00,f5592bc888b4fbf07a1b5286bf12b36a,STANDARD
quantt-historical-market-data,wrds/comp_na_daily_all/r_indfmt.parquet,r_indfmt.parquet,wrds/comp_na_daily_all,,1044,2026-06-26T11:05:29.371000+00:00,364548613b307ee06ac4af3851c3b3b8,STANDARD
quantt-historical-market-data,wrds/comp_na_daily_all/r_indsec.parquet,r_indsec.parquet,wrds/comp_na_daily_all,,3879,2026-06-26T11:05:33.850000+00:00,68d43cda09321685223ce0cf0ad1e9da,STANDARD
quantt-historical-market-data,wrds/comp_na_daily_all/r_invval.parquet,r_invval.parquet,wrds/comp_na_daily_all,,1228,2026-06-26T11:05:38.230000+00:00,6abcc4a0dab4f46850dffdd47b4b60a1,STANDARD
quantt-historical-market-data,wrds/comp_na_daily_all/r_issuetyp.parquet,r_issuetyp.parquet,wrds/comp_na_daily_all,,1753,2026-06-26T11:05:42.712000+00:00,9f4ff9c6c2b93fed4827a8859b2bba2c,STANDARD
quantt-historical-market-data,wrds/comp_na_daily_all/r_majidxcl.parquet,r_majidxcl.parquet,wrds/comp_na_daily_all,,6144,2026-06-26T11:05:47.299000+00:00,f781f6c5d00ca84229173c9f7f8044cb,STANDARD
quantt-historical-market-data,wrds/comp_na_daily_all/r_mic_codes.parquet,r_mic_codes.parquet,wrds/comp_na_daily_all,,4505,2026-06-26T11:05:51.904000+00:00,854de1d2e5fffa1e0b9931bf7f21fcb6,STANDARD
quantt-historical-market-data,wrds/comp_na_daily_all/r_naiccd.parquet,r_naiccd.parquet,wrds/comp_na_daily_all,,58651,2026-06-26T11:05:56.337000+00:00,e2d523fe8998aa526ae16448867bea6d,STANDARD
quantt-historical-market-data,wrds/comp_na_daily_all/r_notetype.parquet,r_notetype.parquet,wrds/comp_na_daily_all,,1384,2026-06-26T11:06:00.959000+00:00,0047ed49a40cb74b9d578176b0452c34,STANDARD
quantt-historical-market-data,wrds/comp_na_daily_all/r_ntsubtype.parquet,r_ntsubtype.parquet,wrds/comp_na_daily_all,,2309,2026-06-26T11:06:05.598000+00:00,e612aa4040d9e75a091e2277cca9609f,STANDARD
quantt-historical-market-data,wrds/comp_na_daily_all/r_offcrso.parquet,r_offcrso.parquet,wrds/comp_na_daily_all,,1264,2026-06-26T11:06:10.180000+00:00,a625b936b17447e30ec906c746d1c636,STANDARD
quantt-historical-market-data,wrds/comp_na_daily_all/r_ogmethod.parquet,r_ogmethod.parquet,wrds/comp_na_daily_all,,1001,2026-06-26T11:06:14.704000+00:00,397812b7cf3182d243160ed398cfe6d1,STANDARD
quantt-historical-market-data,wrds/comp_na_daily_all/r_opinions.parquet,r_opinions.parquet,wrds/comp_na_daily_all,,1098,2026-06-26T11:06:19.250000+00:00,0a24a35975001eab9fe3baa1cfac3387,STANDARD
quantt-historical-market-data,wrds/comp_na_daily_all/r_prc_stat.parquet,r_prc_stat.parquet,wrds/comp_na_daily_all,,1329,2026-06-26T11:06:23.835000+00:00,fe22c12f57d57b36724b326701a22e6d,STANDARD
quantt-historical-market-data,wrds/comp_na_daily_all/r_qsrcdoc.parquet,r_qsrcdoc.parquet,wrds/comp_na_daily_all,,1618,2026-06-26T11:06:28.462000+00:00,22f2a4495eae62279e5331ddae44580e,STANDARD
quantt-historical-market-data,wrds/comp_na_daily_all/r_sec_stat.parquet,r_sec_stat.parquet,wrds/comp_na_daily_all,,1218,2026-06-26T11:06:32.958000+00:00,9e6373b1d19b04bd93f381a7d2ceea2f,STANDARD
quantt-historical-market-data,wrds/comp_na_daily_all/r_secannfn.parquet,r_secannfn.parquet,wrds/comp_na_daily_all,,1664,2026-06-26T11:06:37.281000+00:00,8f19a91870a37ca5c73d8aa3098f0167,STANDARD
quantt-historical-market-data,wrds/comp_na_daily_all/r_sectors.parquet,r_sectors.parquet,wrds/comp_na_daily_all,,1184,2026-06-26T11:06:41.876000+00:00,e099d175e86f4e8360063dfe5cf38f43,STANDARD
quantt-historical-market-data,wrds/comp_na_daily_all/r_siccd.parquet,r_siccd.parquet,wrds/comp_na_daily_all,,41052,2026-06-26T11:06:46.403000+00:00,7e7f5e3fc6fb55ea800180d4e9ccb010,STANDARD
quantt-historical-market-data,wrds/comp_na_daily_all/r_spiicd.parquet,r_spiicd.parquet,wrds/comp_na_daily_all,,8398,2026-06-26T11:06:50.821000+00:00,53fdcd8ca95a9656ee3dbfcf19f51a5a,STANDARD
quantt-historical-market-data,wrds/comp_na_daily_all/r_spmicd.parquet,r_spmicd.parquet,wrds/comp_na_daily_all,,1538,2026-06-26T11:06:55.394000+00:00,57bfc762257ae218c27df332991ea5be,STANDARD
quantt-historical-market-data,wrds/comp_na_daily_all/r_statalrt.parquet,r_statalrt.parquet,wrds/comp_na_daily_all,,1180,2026-06-26T11:06:59.840000+00:00,be3a2301a64aceababe6116c673437dc,STANDARD
quantt-historical-market-data,wrds/comp_na_daily_all/r_states.parquet,r_states.parquet,wrds/comp_na_daily_all,,2040,2026-06-26T11:07:04.479000+00:00,2e075587f2f602227e69f1a1e31a5f0e,STANDARD
quantt-historical-market-data,wrds/comp_na_daily_all/r_stko.parquet,r_stko.parquet,wrds/comp_na_daily_all,,1263,2026-06-26T11:07:08.873000+00:00,f6be060712ab7299a994d3bd7c17b0b9,STANDARD
quantt-historical-market-data,wrds/comp_na_daily_all/r_titles.parquet,r_titles.parquet,wrds/comp_na_daily_all,,1676,2026-06-26T11:07:13.327000+00:00,27fab23e49df731700d5b7326bda963f,STANDARD
quantt-historical-market-data,wrds/comp_na_daily_all/r_updates.parquet,r_updates.parquet,wrds/comp_na_daily_all,,1121,2026-06-26T11:07:17.814000+00:00,209e9677f7093f79d09503548e556c31,STANDARD
quantt-historical-market-data,wrds/comp_na_daily_all/sec_adesind.parquet,sec_adesind.parquet,wrds/comp_na_daily_all,,919223,2026-06-27T19:56:08.942000+00:00,4842b717b4cbd63a184e90f1d393299f,STANDARD
quantt-historical-market-data,wrds/comp_na_daily_all/sec_adjfact.parquet,sec_adjfact.parquet,wrds/comp_na_daily_all,,1028470,2026-06-26T11:07:27.696000+00:00,ce7dd0ffd5657631de21e40c0e20a30b,STANDARD
quantt-historical-market-data,wrds/comp_na_daily_all/sec_afnd.parquet,sec_afnd.parquet,wrds/comp_na_daily_all,,3850972,2026-06-26T11:07:35.072000+00:00,6698f719dee041496522b72ed8561f7c,STANDARD
quantt-historical-market-data,wrds/comp_na_daily_all/sec_afnddc.parquet,sec_afnddc.parquet,wrds/comp_na_daily_all,,738575,2026-06-26T11:07:41.976000+00:00,206f2db51644b0763f5abe9c868cc55a,STANDARD
quantt-historical-market-data,wrds/comp_na_daily_all/sec_afnt.parquet,sec_afnt.parquet,wrds/comp_na_daily_all,,7659,2026-06-26T11:07:46.488000+00:00,a5ceaae71d2cea583da54537a3656cc8,STANDARD
quantt-historical-market-data,wrds/comp_na_daily_all/sec_divid.parquet,sec_divid.parquet,wrds/comp_na_daily_all,,14414318,2026-06-27T19:56:24.096000+00:00,19e448e7285c9d2d94afc6cea548590b-2,STANDARD
quantt-historical-market-data,wrds/comp_na_daily_all/sec_dprc.parquet,sec_dprc.parquet,wrds/comp_na_daily_all,,2310611393,2026-06-27T20:16:23.208000+00:00,8a63a622f65adfa1314193283c5e391e-276,STANDARD
quantt-historical-market-data,wrds/comp_na_daily_all/sec_dtrt.parquet,sec_dtrt.parquet,wrds/comp_na_daily_all,,7282818,2026-06-27T20:16:31.755000+00:00,985e13a0720401bca891cd017e5ba592,STANDARD
quantt-historical-market-data,wrds/comp_na_daily_all/sec_history.parquet,sec_history.parquet,wrds/comp_na_daily_all,,1852300,2026-06-27T20:16:37.325000+00:00,c02aab61a9116ab1a6ccb4b26911b562,STANDARD
quantt-historical-market-data,wrds/comp_na_daily_all/sec_idcurrent.parquet,sec_idcurrent.parquet,wrds/comp_na_daily_all,,5270027,2026-06-27T20:16:43.595000+00:00,b8423723390fb4d8ceb285bd6e337f9c,STANDARD
quantt-historical-market-data,wrds/comp_na_daily_all/sec_idesind.parquet,sec_idesind.parquet,wrds/comp_na_daily_all,,587606,2026-06-27T20:16:52.034000+00:00,9ea0d3a6fe65e11f93c822540a7c3cab,STANDARD
quantt-historical-market-data,wrds/comp_na_daily_all/sec_idhist.parquet,sec_idhist.parquet,wrds/comp_na_daily_all,,9750311,2026-06-27T20:16:59.752000+00:00,68f7932c2b7dc16c529393eae6c47b7c-2,STANDARD
quantt-historical-market-data,wrds/comp_na_daily_all/sec_ifnd.parquet,sec_ifnd.parquet,wrds/comp_na_daily_all,,6182261,2026-06-27T20:17:12.946000+00:00,3b20efd92beba6f0d31229ba2bdd583b,STANDARD
quantt-historical-market-data,wrds/comp_na_daily_all/sec_ifnt.parquet,sec_ifnt.parquet,wrds/comp_na_daily_all,,91428,2026-06-27T20:17:17.460000+00:00,ce02415bed41b99b897dd9868cbd4572,STANDARD
quantt-historical-market-data,wrds/comp_na_daily_all/sec_mdivfn.parquet,sec_mdivfn.parquet,wrds/comp_na_daily_all,,351290,2026-06-27T20:17:22.250000+00:00,616855ccb5d9d0a2505b1beabc0f9c48,STANDARD
quantt-historical-market-data,wrds/comp_na_daily_all/sec_mshare.parquet,sec_mshare.parquet,wrds/comp_na_daily_all,,14282973,2026-06-27T20:17:38.743000+00:00,ed512032aaccf730f5c8d03c05c0b09f-2,STANDARD
quantt-historical-market-data,wrds/comp_na_daily_all/sec_msptfn.parquet,sec_msptfn.parquet,wrds/comp_na_daily_all,,31305,2026-06-27T20:17:43.432000+00:00,d3012ae993b5a2693a1aa056f8dbe227,STANDARD
quantt-historical-market-data,wrds/comp_na_daily_all/sec_mth.parquet,sec_mth.parquet,wrds/comp_na_daily_all,,4107624,2026-06-27T20:18:08.884000+00:00,b5fe15da444bab845061fdfe918e9364,STANDARD
quantt-historical-market-data,wrds/comp_na_daily_all/sec_mthdiv.parquet,sec_mthdiv.parquet,wrds/comp_na_daily_all,,7678144,2026-06-27T20:18:21.967000+00:00,99a413ff1bb9d0aad39954de84d00b2f,STANDARD
quantt-historical-market-data,wrds/comp_na_daily_all/sec_mthprc.parquet,sec_mthprc.parquet,wrds/comp_na_daily_all,,105851809,2026-06-27T20:19:08.522000+00:00,77100edef488e4694c6e759b2bce0aa0-13,STANDARD
quantt-historical-market-data,wrds/comp_na_daily_all/sec_mthspt.parquet,sec_mthspt.parquet,wrds/comp_na_daily_all,,504306,2026-06-27T20:19:13.255000+00:00,dceb6d9c41e9d97bca1132dc5a6bf491,STANDARD
quantt-historical-market-data,wrds/comp_na_daily_all/sec_mthtrt.parquet,sec_mthtrt.parquet,wrds/comp_na_daily_all,,45507620,2026-06-27T20:19:34.843000+00:00,c3d85433421bbabc1d289ae35e3c6a79-6,STANDARD
quantt-historical-market-data,wrds/comp_na_daily_all/sec_shortint.parquet,sec_shortint.parquet,wrds/comp_na_daily_all,,48084535,2026-06-27T20:19:47.619000+00:00,7a2a1b2c414ae482bfc42e219cca5572-6,STANDARD
quantt-historical-market-data,wrds/comp_na_daily_all/sec_shortint_legacy.parquet,sec_shortint_legacy.parquet,wrds/comp_na_daily_all,,58978974,2026-06-27T20:20:07.616000+00:00,67c1602fe6620015411d7fe80d0bb84a-8,STANDARD
quantt-historical-market-data,wrds/comp_na_daily_all/sec_spind.parquet,sec_spind.parquet,wrds/comp_na_daily_all,,2694930,2026-06-27T20:20:20.985000+00:00,7c1e9987c69e9de73ed3f9e394e0c3ab,STANDARD
quantt-historical-market-data,wrds/comp_na_daily_all/sec_split.parquet,sec_split.parquet,wrds/comp_na_daily_all,,340111,2026-06-27T20:20:25.652000+00:00,1ba231f88f36042d340f7f42ec37f2ae,STANDARD
quantt-historical-market-data,wrds/comp_na_daily_all/secd.parquet,secd.parquet,wrds/comp_na_daily_all,,2343236825,2026-06-27T21:13:00.032000+00:00,45c8022168544b818f5f1bdd6b9a4d84-280,STANDARD
quantt-historical-market-data,wrds/comp_na_daily_all/secm.parquet,secm.parquet,wrds/comp_na_daily_all,,183694818,2026-06-27T21:15:29.369000+00:00,40ae5e9b3f9eb5f44713df85d940b061-22,STANDARD
quantt-historical-market-data,wrds/comp_na_daily_all/security.parquet,security.parquet,wrds/comp_na_daily_all,,3476732,2026-06-27T21:15:34.594000+00:00,66ca0fe7b9d9a1009ef2e8e63aaaea33,STANDARD
quantt-historical-market-data,wrds/comp_na_daily_all/sedolgvkey.parquet,sedolgvkey.parquet,wrds/comp_na_daily_all,,2327488,2026-06-26T19:38:29.384000+00:00,a80e4a81eabca030df70c1864fb9c5b1,STANDARD
quantt-historical-market-data,wrds/comp_na_daily_all/seg_ann.parquet,seg_ann.parquet,wrds/comp_na_daily_all,,151032,2026-06-27T21:15:39.605000+00:00,d9d547d13cf8d23f64984b4ac3f6c019,STANDARD
quantt-historical-market-data,wrds/comp_na_daily_all/seg_annfund.parquet,seg_annfund.parquet,wrds/comp_na_daily_all,,15737892,2026-06-27T21:15:52.457000+00:00,d57cf7d100a16754eadf8159835b0574-2,STANDARD
quantt-historical-market-data,wrds/comp_na_daily_all/seg_customer.parquet,seg_customer.parquet,wrds/comp_na_daily_all,,1437095,2026-06-27T21:15:57.640000+00:00,bae572aca4ef5f5132fb708ea757d3d9,STANDARD
quantt-historical-market-data,wrds/comp_na_daily_all/seg_geo.parquet,seg_geo.parquet,wrds/comp_na_daily_all,,235310,2026-06-27T21:16:02.512000+00:00,87dbe47088837ae5560d52a1d791beb1,STANDARD
quantt-historical-market-data,wrds/comp_na_daily_all/seg_naics.parquet,seg_naics.parquet,wrds/comp_na_daily_all,,548579,2026-06-27T21:16:07.316000+00:00,3829ba4aa40087b87e5991b7afe823cf,STANDARD
quantt-historical-market-data,wrds/comp_na_daily_all/seg_product.parquet,seg_product.parquet,wrds/comp_na_daily_all,,2028366,2026-06-27T21:16:12.908000+00:00,146d786caf4b13e3913e337029f19a01,STANDARD
quantt-historical-market-data,wrds/comp_na_daily_all/seg_type.parquet,seg_type.parquet,wrds/comp_na_daily_all,,734453,2026-06-27T21:16:17.789000+00:00,7292ec388e0b2704f527790c6f86cec2,STANDARD
quantt-historical-market-data,wrds/comp_na_daily_all/spind.parquet,spind.parquet,wrds/comp_na_daily_all,,14927,2026-06-27T21:16:26.658000+00:00,b840b16af78848ee8d8b0a4845afb72d,STANDARD
quantt-historical-market-data,wrds/comp_na_daily_all/spind_dly.parquet,spind_dly.parquet,wrds/comp_na_daily_all,,8642212,2026-06-27T21:16:34.852000+00:00,d5dfec60c37a562514e404bd1c1d8dbb-2,STANDARD
quantt-historical-market-data,wrds/comp_na_daily_all/spind_mth.parquet,spind_mth.parquet,wrds/comp_na_daily_all,,79379,2026-06-27T21:16:39.523000+00:00,8a55c4b1f224dd8c763f75dffb9b5764,STANDARD
quantt-historical-market-data,wrds/comp_na_daily_all/wrds_idx_cst_current.parquet,wrds_idx_cst_current.parquet,wrds/comp_na_daily_all,,681185,2026-06-27T21:16:44.390000+00:00,4c1d89b98d972322b756c71e593ee152,STANDARD
quantt-historical-market-data,wrds/comp_na_daily_all/wrds_ratios.parquet,wrds_ratios.parquet,wrds/comp_na_daily_all,,1126122775,2026-06-27T21:20:20.335000+00:00,fd4d636d0f926fad5f71519385cc4def-135,STANDARD
quantt-historical-market-data,wrds/comp_na_daily_all/wrds_seg_customer.parquet,wrds_seg_customer.parquet,wrds/comp_na_daily_all,,1441773,2026-06-26T11:17:00.082000+00:00,f292287e5913fbab76fab9cea9d45a17,STANDARD
quantt-historical-market-data,wrds/comp_na_daily_all/wrds_seg_geo.parquet,wrds_seg_geo.parquet,wrds/comp_na_daily_all,,235145,2026-06-26T11:17:04.706000+00:00,50536f579e43718892a8e572fbdcc843,STANDARD
quantt-historical-market-data,wrds/comp_na_daily_all/wrds_seg_product.parquet,wrds_seg_product.parquet,wrds/comp_na_daily_all,,2019684,2026-06-26T11:17:10.508000+00:00,cb3df9f3a2c70e7f1520699a2a1644b3,STANDARD
quantt-historical-market-data,wrds/comp_na_daily_all/wrds_segmerged.parquet,wrds_segmerged.parquet,wrds/comp_na_daily_all,,16932254,2026-06-26T11:17:25.414000+00:00,48dcf5b1533dc4c2726876381eb91b02-3,STANDARD
quantt-historical-market-data,wrds/comp_na_daily_all/xfl_column.parquet,xfl_column.parquet,wrds/comp_na_daily_all,,326285,2026-06-27T21:20:25.779000+00:00,878eff6e86b6458cbfd0ad23fb74f329,STANDARD
quantt-historical-market-data,wrds/comp_na_daily_all/xfl_table.parquet,xfl_table.parquet,wrds/comp_na_daily_all,,12779,2026-06-27T21:20:30.691000+00:00,8a4d97d19162203030298ab10ea6d70a,STANDARD
quantt-historical-market-data,wrds/contrib_as_filed_financials/funda_asfiled.parquet,funda_asfiled.parquet,wrds/contrib_as_filed_financials,,8876291,2026-07-01T18:23:42.585000+00:00,dd78e38dd92379a73503ca125e9f92fa-2,STANDARD
quantt-historical-market-data,wrds/contrib_as_filed_financials/structure_asfiled.parquet,structure_asfiled.parquet,wrds/contrib_as_filed_financials,,1445931,2026-07-01T18:25:38.611000+00:00,807c56ec1ec6a3d35c3e7a8cd71e6b4c,STANDARD
quantt-historical-market-data,wrds/contrib_as_filed_financials/tag_bs.parquet,tag_bs.parquet,wrds/contrib_as_filed_financials,,9054752,2026-07-02T00:18:39.546000+00:00,16bb0e563ebee21c5e23f379baaed6a5-2,STANDARD
quantt-historical-market-data,wrds/contrib_as_filed_financials/tag_cf.parquet,tag_cf.parquet,wrds/contrib_as_filed_financials,,8849529,2026-07-02T00:18:48.894000+00:00,52dd8a9baed39f7dccdff2341e5224c8-2,STANDARD
quantt-historical-market-data,wrds/contrib_as_filed_financials/tag_is.parquet,tag_is.parquet,wrds/contrib_as_filed_financials,,8887243,2026-07-02T00:18:59.668000+00:00,02f4f771e2f01a88b76911ca213f73dd-2,STANDARD
quantt-historical-market-data,wrds/contrib_bond_firm_link/fang_link.parquet,fang_link.parquet,wrds/contrib_bond_firm_link,,3178973,2026-07-02T00:19:25.710000+00:00,9b9ade1c85e4b847aa8ede096c57bd64,STANDARD
quantt-historical-market-data,wrds/contrib_ceo_turnover/ceo_turnover.parquet,ceo_turnover.parquet,wrds/contrib_ceo_turnover,,45289,2026-07-01T18:18:52.510000+00:00,8fc331e4797d6f597dd2e638d6e650c0,STANDARD
quantt-historical-market-data,wrds/contrib_char_returns/char_returns.parquet,char_returns.parquet,wrds/contrib_char_returns,,82664870,2026-07-01T18:19:02.743000+00:00,ae3bef2631f1335addad85931e9ee7f1-10,STANDARD
quantt-historical-market-data,wrds/contrib_corp_fed_litigation/firmyear_level.parquet,firmyear_level.parquet,wrds/contrib_corp_fed_litigation,,387391,2026-07-01T18:18:58.006000+00:00,b1d715f11717685d08ade90cc8e04b7f,STANDARD
quantt-historical-market-data,wrds/contrib_corp_fed_litigation/lawsuit_level.parquet,lawsuit_level.parquet,wrds/contrib_corp_fed_litigation,,4827178,2026-07-01T18:19:04.310000+00:00,5bc3adaf0de8faf54c37c643bc0c7ce5,STANDARD
quantt-historical-market-data,wrds/contrib_corporate_culture/corp_culture.parquet,corp_culture.parquet,wrds/contrib_corporate_culture,,2206000,2026-07-01T18:19:07.386000+00:00,db63042787a59a0fd63c4cac33753e5a,STANDARD
quantt-historical-market-data,wrds/contrib_general/_states_.parquet,_states_.parquet,wrds/contrib_general,,1704,2026-07-01T18:31:31.273000+00:00,edb498ea7721dcb7a3c4560c6e0c1840,STANDARD
quantt-historical-market-data,wrds/contrib_general/arc.parquet,arc.parquet,wrds/contrib_general,,21704279,2026-07-02T00:19:33.978000+00:00,c66ed35b5a27633925f449b0688214f6-3,STANDARD
quantt-historical-market-data,wrds/contrib_general/as_firm_risks.parquet,as_firm_risks.parquet,wrds/contrib_general,,12139190,2026-07-02T00:19:41.321000+00:00,4228bfc9e0bb6d8593daf555de08df23-2,STANDARD
quantt-historical-market-data,wrds/contrib_general/better_beta.parquet,better_beta.parquet,wrds/contrib_general,,15551767,2026-07-02T00:19:52.332000+00:00,dc9eef6a3de924bec352117cd07b322a-2,STANDARD
quantt-historical-market-data,wrds/contrib_general/blocksv.parquet,blocksv.parquet,wrds/contrib_general,,6937661,2026-07-02T00:19:58.847000+00:00,6f7a94e624e337da42f8a67f14c25acf,STANDARD
quantt-historical-market-data,wrds/contrib_general/ceo_turnover.parquet,ceo_turnover.parquet,wrds/contrib_general,,43773,2026-07-01T18:39:06.431000+00:00,d0f508be18dfb78349475ca480d7cd6b,STANDARD
quantt-historical-market-data,wrds/contrib_general/cik_types.parquet,cik_types.parquet,wrds/contrib_general,,1250322,2026-07-01T18:39:11.812000+00:00,ddcdb82b9acf1fee913be1c0f5e55e92,STANDARD
quantt-historical-market-data,wrds/contrib_general/classified_boards.parquet,classified_boards.parquet,wrds/contrib_general,,351095,2026-07-01T18:39:17.025000+00:00,26c3a8f33c752a8713b1677bc342f170,STANDARD
quantt-historical-market-data,wrds/contrib_general/common_own_firm.parquet,common_own_firm.parquet,wrds/contrib_general,,39481099414,2026-07-02T03:01:16.337000+00:00,8786d73e55256e09364b3001a3cb8e75-4707,STANDARD
quantt-historical-market-data,wrds/contrib_general/common_own_industry.parquet,common_own_industry.parquet,wrds/contrib_general,,314809,2026-07-01T18:45:02.274000+00:00,846b6cede9c36fa9852aab23e8212d7a,STANDARD
quantt-historical-market-data,wrds/contrib_general/dealscan_link_bs.parquet,dealscan_link_bs.parquet,wrds/contrib_general,,24334,2026-07-01T18:45:06.588000+00:00,1bbbfc917b1ed883e59680e390ce3553,STANDARD
quantt-historical-market-data,wrds/contrib_general/dealscan_link_comp.parquet,dealscan_link_comp.parquet,wrds/contrib_general,,51419,2026-07-01T18:45:56.824000+00:00,f346b7f2f374c53d2b2c925584b83ea9,STANDARD
quantt-historical-market-data,wrds/contrib_general/factors.parquet,factors.parquet,wrds/contrib_general,,367169,2026-07-01T18:46:48.408000+00:00,31ad51d2137a39a3b4f398466cf9b63f,STANDARD
quantt-historical-market-data,wrds/contrib_general/factors_daily.parquet,factors_daily.parquet,wrds/contrib_general,,14464493,2026-07-01T18:46:55.819000+00:00,e0369b181f22b33a1ca7564d7781f810-2,STANDARD
quantt-historical-market-data,wrds/contrib_general/factors_eq.parquet,factors_eq.parquet,wrds/contrib_general,,640906,2026-07-01T18:47:00.881000+00:00,2880492da8591c98f61c52bd79bee970,STANDARD
quantt-historical-market-data,wrds/contrib_general/factors_eq_usd.parquet,factors_eq_usd.parquet,wrds/contrib_general,,695231,2026-07-01T18:47:05.884000+00:00,2dcb3b1d26d349fb583210356ce3cfef,STANDARD
quantt-historical-market-data,wrds/contrib_general/factors_usd.parquet,factors_usd.parquet,wrds/contrib_general,,445549,2026-07-01T18:47:10.638000+00:00,7103668db72bacc9eab896c72d3c9d64,STANDARD
quantt-historical-market-data,wrds/contrib_general/liva.parquet,liva.parquet,wrds/contrib_general,,19925027,2026-07-02T03:01:26.073000+00:00,08743efca52201e83e036e4be97a7342-3,STANDARD
quantt-historical-market-data,wrds/contrib_general/marginal_tax.parquet,marginal_tax.parquet,wrds/contrib_general,,3683594,2026-07-01T18:49:23.052000+00:00,3f0275e25399d020b4ffb69eb5e32f69,STANDARD
quantt-historical-market-data,wrds/contrib_general/shale.parquet,shale.parquet,wrds/contrib_general,,42748,2026-07-01T18:49:27.644000+00:00,91ff5cc5d12b69e224c071ce1b0d0796,STANDARD
quantt-historical-market-data,wrds/contrib_global_factor/ctff_chars.parquet,ctff_chars.parquet,wrds/contrib_global_factor,,2736562068,2026-07-01T19:35:00.810000+00:00,b8bef99f04fa1fd4f028cf38cea91833-327,STANDARD
quantt-historical-market-data,wrds/contrib_global_factor/ctff_daily_ret.parquet,ctff_daily_ret.parquet,wrds/contrib_global_factor,,971396701,2026-07-02T03:04:09.958000+00:00,7abcb99fe183d5bb0cc60d142b4eb61d-116,STANDARD
quantt-historical-market-data,wrds/contrib_global_factor/ctff_features.parquet,ctff_features.parquet,wrds/contrib_global_factor,,3661,2026-07-01T18:24:49.409000+00:00,4098af8ccacfbad267d7f4b07f550dbd,STANDARD
quantt-historical-market-data,wrds/contrib_global_factor/global_factor.parquet,global_factor.parquet,wrds/contrib_global_factor,,30852382068,2026-07-02T04:06:21.301000+00:00,0e601910e8de6588e1e60b12933ebaa6-3678,STANDARD
quantt-historical-market-data,wrds/contrib_intangible_value/int_factors.parquet,int_factors.parquet,wrds/contrib_intangible_value,,14188,2026-07-01T18:19:08.878000+00:00,23be399e9b090fcecfc37c62498af598,STANDARD
quantt-historical-market-data,wrds/contrib_intangible_value/int_xsec.parquet,int_xsec.parquet,wrds/contrib_intangible_value,,7533197,2026-07-02T04:06:28.532000+00:00,3d69f87f87ee19a9fa86f727fba7c956,STANDARD
quantt-historical-market-data,wrds/contrib_kpss/kpss_patents.parquet,kpss_patents.parquet,wrds/contrib_kpss,,49541245,2026-07-02T04:06:40.449000+00:00,3307541c3bd4cda053b4dc53dbf0911c-6,STANDARD
quantt-historical-market-data,wrds/contrib_kpss/kpss_permco_link.parquet,kpss_permco_link.parquet,wrds/contrib_kpss,,16035400,2026-07-01T18:23:57.807000+00:00,de6e72e3b37e44f41013a9c4021c4d6d-2,STANDARD
quantt-historical-market-data,wrds/contrib_liva/liva.parquet,liva.parquet,wrds/contrib_liva,,19925027,2026-07-02T04:06:47.592000+00:00,08743efca52201e83e036e4be97a7342-3,STANDARD
quantt-historical-market-data,wrds/crsp_a_ccm/ccm_lookup.parquet,ccm_lookup.parquet,wrds/crsp_a_ccm,,4105217,2026-07-01T19:40:31.228000+00:00,6fc68d65f324efffe1baf41eb7a1c97c,STANDARD
quantt-historical-market-data,wrds/crsp_a_ccm/ccmxpf_linktable.parquet,ccmxpf_linktable.parquet,wrds/crsp_a_ccm,,1323021,2026-07-01T19:42:40.913000+00:00,84348e942fd944288c7254fe8aad228f,STANDARD
quantt-historical-market-data,wrds/crsp_a_ccm/ccmxpf_lnkhist.parquet,ccmxpf_lnkhist.parquet,wrds/crsp_a_ccm,,1584733,2026-07-01T19:42:45.627000+00:00,d6f8004eac25b680eca8267797e5ba70,STANDARD
quantt-historical-market-data,wrds/crsp_a_ccm/ccmxpf_lnkrng.parquet,ccmxpf_lnkrng.parquet,wrds/crsp_a_ccm,,2105537,2026-07-02T04:06:58.090000+00:00,fa3c8a243274d1537a066e142d89bb9e,STANDARD
quantt-historical-market-data,wrds/crsp_a_ccm/ccmxpf_lnkused.parquet,ccmxpf_lnkused.parquet,wrds/crsp_a_ccm,,1761840,2026-07-01T19:46:27.755000+00:00,d0b15379671b033a110bcea20074a88b,STANDARD
quantt-historical-market-data,wrds/crsp_a_ccm/comphead.parquet,comphead.parquet,wrds/crsp_a_ccm,,10608055,2026-07-02T04:07:04.673000+00:00,f2a88ff64300b738b70b728625778e62-2,STANDARD
quantt-historical-market-data,wrds/crsp_a_ccm/comphist.parquet,comphist.parquet,wrds/crsp_a_ccm,,36359592,2026-07-02T04:07:22.206000+00:00,1da8d7c32306741ce48a31063573c1df-5,STANDARD
quantt-historical-market-data,wrds/crsp_a_ccm/compmaster.parquet,compmaster.parquet,wrds/crsp_a_ccm,,736523,2026-07-02T04:07:26.544000+00:00,8fbbd0a2df50c24c22c941f79e2e0b8a,STANDARD
quantt-historical-market-data,wrds/crsp_a_ccm/cst_hist.parquet,cst_hist.parquet,wrds/crsp_a_ccm,,4582878,2026-07-02T04:07:33.932000+00:00,2f5b88edcc151a3c8348c3069ad6da35,STANDARD
quantt-historical-market-data,wrds/crsp_a_ccm/sechead.parquet,sechead.parquet,wrds/crsp_a_ccm,,2876047,2026-07-01T19:53:50.625000+00:00,1090b7c0667f350c555bf9cc1c7ef5c9,STANDARD
quantt-historical-market-data,wrds/crsp_a_ccm/sechist.parquet,sechist.parquet,wrds/crsp_a_ccm,,5461656,2026-07-02T04:07:40.621000+00:00,5b75d7909d1f959eff7d037a9d5c2673,STANDARD
quantt-historical-market-data,wrds/crsp_a_stock/dse.parquet,dse.parquet,wrds/crsp_a_stock,,101509093,2026-07-02T04:10:27.739000+00:00,5b3f3fd249fb82dfc734ff2de271b3e3-13,STANDARD
quantt-historical-market-data,wrds/crsp_a_stock/dseall.parquet,dseall.parquet,wrds/crsp_a_stock,,90423759,2026-07-02T04:12:52.884000+00:00,337f13947ae5d5e54193f1e3cea77630-11,STANDARD
quantt-historical-market-data,wrds/crsp_a_stock/dsedelist.parquet,dsedelist.parquet,wrds/crsp_a_stock,,1878870,2026-07-01T18:28:37.226000+00:00,c0edc857b2e69796e6406e58f6a7f7df,STANDARD
quantt-historical-market-data,wrds/crsp_a_stock/dsedist.parquet,dsedist.parquet,wrds/crsp_a_stock,,11860807,2026-07-02T04:13:03.415000+00:00,f8ac5e20e469d73735a6c0b93d7bfff4-2,STANDARD
quantt-historical-market-data,wrds/crsp_a_stock/dseexchdates.parquet,dseexchdates.parquet,wrds/crsp_a_stock,,5206630,2026-07-01T19:37:51.206000+00:00,5640699c8649d865d7ba995a7f7f4ec5,STANDARD
quantt-historical-market-data,wrds/crsp_a_stock/dsenames.parquet,dsenames.parquet,wrds/crsp_a_stock,,4592554,2026-07-01T19:37:57.011000+00:00,f4efea9c730191614f66ae58f9985dbc,STANDARD
quantt-historical-market-data,wrds/crsp_a_stock/dsenasdin.parquet,dsenasdin.parquet,wrds/crsp_a_stock,,39776697,2026-07-02T04:13:29.585000+00:00,21c5d073eb22a04e290e031dce66f642-5,STANDARD
quantt-historical-market-data,wrds/crsp_a_stock/dseshares.parquet,dseshares.parquet,wrds/crsp_a_stock,,16632187,2026-07-01T19:40:20.496000+00:00,342df1aed2968af6e14ed2e76550b7a6-2,STANDARD
quantt-historical-market-data,wrds/crsp_a_stock/dsf.parquet,dsf.parquet,wrds/crsp_a_stock,,2206423843,2026-07-01T20:04:15.795000+00:00,a87e88c04454e015d3482a9cd90cc5a0-264,STANDARD
quantt-historical-market-data,wrds/crsp_a_stock/dsf_v2.parquet,dsf_v2.parquet,wrds/crsp_a_stock,,4840086297,2026-07-02T04:51:55.420000+00:00,f200926a2d313b142cca4de7a0103419-577,STANDARD
quantt-historical-market-data,wrds/crsp_a_stock/dsfhdr.parquet,dsfhdr.parquet,wrds/crsp_a_stock,,4664241,2026-07-01T18:41:50.133000+00:00,0c1a71d5caf9706d724bc199c6844fb4,STANDARD
quantt-historical-market-data,wrds/crsp_a_stock/dsi.parquet,dsi.parquet,wrds/crsp_a_stock,,1289659,2026-07-01T18:43:43.533000+00:00,af7ff24a21d2a67068a74d38bef36007,STANDARD
quantt-historical-market-data,wrds/crsp_a_stock/dsiy.parquet,dsiy.parquet,wrds/crsp_a_stock,,1183771,2026-07-01T18:43:49.850000+00:00,cd7cd2ccf79683978fa9145d56a0fa9e,STANDARD
quantt-historical-market-data,wrds/crsp_a_stock/inddlyseriesdata.parquet,inddlyseriesdata.parquet,wrds/crsp_a_stock,,3256278,2026-07-01T18:43:54.792000+00:00,bb205cbce2dae81bb8a891b36c5b7e6f,STANDARD
quantt-historical-market-data,wrds/crsp_a_stock/indfamilyinfohdr.parquet,indfamilyinfohdr.parquet,wrds/crsp_a_stock,,6717,2026-07-01T18:43:59.316000+00:00,85a03121dacc6c8c0f0fcdd11e6d0b21,STANDARD
quantt-historical-market-data,wrds/crsp_a_stock/indmthseriesdata.parquet,indmthseriesdata.parquet,wrds/crsp_a_stock,,201194,2026-07-01T18:44:03.829000+00:00,717ec014883563cbc5c65db15ee3d86e,STANDARD
quantt-historical-market-data,wrds/crsp_a_stock/indseriesinfohdr.parquet,indseriesinfohdr.parquet,wrds/crsp_a_stock,,3745,2026-07-01T18:44:08.436000+00:00,c9acb1ca624282017714c68c4c286873,STANDARD
quantt-historical-market-data,wrds/crsp_a_stock/metacalendarperiod.parquet,metacalendarperiod.parquet,wrds/crsp_a_stock,,1655148,2026-07-01T18:44:13.213000+00:00,c14e95fde0e69d598820a530814b982b,STANDARD
quantt-historical-market-data,wrds/crsp_a_stock/metacolumncoverage.parquet,metacolumncoverage.parquet,wrds/crsp_a_stock,,9116,2026-07-01T18:44:17.301000+00:00,eb91896dbbe1b0743be0365451bc63fe,STANDARD
quantt-historical-market-data,wrds/crsp_a_stock/metacolumninfo.parquet,metacolumninfo.parquet,wrds/crsp_a_stock,,17451,2026-07-01T18:44:21.910000+00:00,c2be3cc4bec19354b63dc1650c5f0051,STANDARD
quantt-historical-market-data,wrds/crsp_a_stock/metaexchangecalendar.parquet,metaexchangecalendar.parquet,wrds/crsp_a_stock,,232753,2026-07-01T20:06:41.569000+00:00,cea98c680f5a9ebcbb53dcb5093e8124,STANDARD
quantt-historical-market-data,wrds/crsp_a_stock/metafileinfo.parquet,metafileinfo.parquet,wrds/crsp_a_stock,,11558,2026-07-02T04:52:01.473000+00:00,8ac92f5dbd23504b35afd640b650ba0a,STANDARD
quantt-historical-market-data,wrds/crsp_a_stock/metaflagcoverage.parquet,metaflagcoverage.parquet,wrds/crsp_a_stock,,51343,2026-07-01T20:08:35.636000+00:00,1463dde6edd424fc2c1de2faf4fde4da,STANDARD
quantt-historical-market-data,wrds/crsp_a_stock/metaflaginfo.parquet,metaflaginfo.parquet,wrds/crsp_a_stock,,48459,2026-07-01T20:08:40.026000+00:00,f2e1a19ab1b0f926e825b17925a4dd40,STANDARD
quantt-historical-market-data,wrds/crsp_a_stock/metaflagtype.parquet,metaflagtype.parquet,wrds/crsp_a_stock,,11232,2026-07-01T18:52:24.314000+00:00,f811ceb3f2a1ae08f1020be0a59a37b2,STANDARD
quantt-historical-market-data,wrds/crsp_a_stock/metaiteminfo.parquet,metaiteminfo.parquet,wrds/crsp_a_stock,,25721,2026-07-01T18:52:28.954000+00:00,d030b71c55e946459640dc959d23a277,STANDARD
quantt-historical-market-data,wrds/crsp_a_stock/metasiztociz.parquet,metasiztociz.parquet,wrds/crsp_a_stock,,24446,2026-07-01T18:52:33.784000+00:00,b554facbe1150d5f0b3420eb1e3602d0,STANDARD
quantt-historical-market-data,wrds/crsp_a_stock/mse.parquet,mse.parquet,wrds/crsp_a_stock,,101602507,2026-07-02T04:54:56.256000+00:00,8580f99e95944be9230edce980339e02-13,STANDARD
quantt-historical-market-data,wrds/crsp_a_stock/mseall.parquet,mseall.parquet,wrds/crsp_a_stock,,40116682,2026-07-02T04:55:45.844000+00:00,7703626c0c9fb662f1640c454d35f8b7-5,STANDARD
quantt-historical-market-data,wrds/crsp_a_stock/msedelist.parquet,msedelist.parquet,wrds/crsp_a_stock,,1933144,2026-07-01T20:14:14.187000+00:00,cb3706e1a39ba89569b235b1b147af3b,STANDARD
quantt-historical-market-data,wrds/crsp_a_stock/msedist.parquet,msedist.parquet,wrds/crsp_a_stock,,11868522,2026-07-01T20:14:24.524000+00:00,ecc3c630729594878e9b083bf47ce1cd-2,STANDARD
quantt-historical-market-data,wrds/crsp_a_stock/mseexchdates.parquet,mseexchdates.parquet,wrds/crsp_a_stock,,5206655,2026-07-01T20:14:31.107000+00:00,7de2b9b954fcb88ec8c895d3893dd99b,STANDARD
quantt-historical-market-data,wrds/crsp_a_stock/msenames.parquet,msenames.parquet,wrds/crsp_a_stock,,4597446,2026-07-01T20:14:36.918000+00:00,e36204c97a330d6952315ff76f8faae9,STANDARD
quantt-historical-market-data,wrds/crsp_a_stock/msenasdin.parquet,msenasdin.parquet,wrds/crsp_a_stock,,39767284,2026-07-02T04:56:28.269000+00:00,4e309ce303133153e1baab047beae411-5,STANDARD
quantt-historical-market-data,wrds/crsp_a_stock/mseshares.parquet,mseshares.parquet,wrds/crsp_a_stock,,16617333,2026-07-02T04:56:39.766000+00:00,3dc21c8e94048afec3cee4d9f90110da-2,STANDARD
quantt-historical-market-data,wrds/crsp_a_stock/msf.parquet,msf.parquet,wrds/crsp_a_stock,,127783547,2026-07-01T20:19:56.932000+00:00,41f5c83765a5c2b595bc213cbe6a5cc5-16,STANDARD
quantt-historical-market-data,wrds/crsp_a_stock/msf_v2.parquet,msf_v2.parquet,wrds/crsp_a_stock,,212076832,2026-07-01T20:21:27.870000+00:00,1a3423b99d72b7dd3e62e692ca9dc62d-26,STANDARD
quantt-historical-market-data,wrds/crsp_a_stock/msfhdr.parquet,msfhdr.parquet,wrds/crsp_a_stock,,3594335,2026-07-01T20:21:32.802000+00:00,64e33cc6997765fedd2908b2b26f0014,STANDARD
quantt-historical-market-data,wrds/crsp_a_stock/msi.parquet,msi.parquet,wrds/crsp_a_stock,,75964,2026-07-01T20:21:37.103000+00:00,a01f147337268e13a87825d145722941,STANDARD
quantt-historical-market-data,wrds/crsp_a_stock/msiy.parquet,msiy.parquet,wrds/crsp_a_stock,,70008,2026-07-01T20:21:59.448000+00:00,52e32f411610021a21a2caa04abc24fe,STANDARD
quantt-historical-market-data,wrds/crsp_a_stock/saz_agg_ann.parquet,saz_agg_ann.parquet,wrds/crsp_a_stock,,24880121,2026-07-02T04:56:49.151000+00:00,dc5eac93e38288604ef055865d445f8a-3,STANDARD
quantt-historical-market-data,wrds/crsp_a_stock/saz_agg_ann_legacy.parquet,saz_agg_ann_legacy.parquet,wrds/crsp_a_stock,,25509703,2026-07-02T04:56:58.688000+00:00,a96bcf25e6aa74dd7d5903f1d419341c-4,STANDARD
quantt-historical-market-data,wrds/crsp_a_stock/saz_agg_mth.parquet,saz_agg_mth.parquet,wrds/crsp_a_stock,,211300023,2026-07-02T04:58:17.804000+00:00,dfd7edfc8c99d83043d52e3079b393b5-26,STANDARD
quantt-historical-market-data,wrds/crsp_a_stock/saz_agg_mth_legacy.parquet,saz_agg_mth_legacy.parquet,wrds/crsp_a_stock,,228803530,2026-07-02T04:59:20.307000+00:00,7a5a34427cf0d80dc3fddda14e29ada3-28,STANDARD
quantt-historical-market-data,wrds/crsp_a_stock/saz_agg_qtr.parquet,saz_agg_qtr.parquet,wrds/crsp_a_stock,,78152100,2026-07-02T04:59:52.932000+00:00,810ef1e589a251f7c0440391cb332845-10,STANDARD
quantt-historical-market-data,wrds/crsp_a_stock/saz_agg_qtr_legacy.parquet,saz_agg_qtr_legacy.parquet,wrds/crsp_a_stock,,81253122,2026-07-02T05:00:10.885000+00:00,50d226f199b89b57b0cb374f753db0e6-10,STANDARD
quantt-historical-market-data,wrds/crsp_a_stock/saz_del.parquet,saz_del.parquet,wrds/crsp_a_stock,,1124232,2026-07-02T05:00:15.646000+00:00,e554560e639ef5374c4f5f4f01dbf62d,STANDARD
quantt-historical-market-data,wrds/crsp_a_stock/saz_del_legacy.parquet,saz_del_legacy.parquet,wrds/crsp_a_stock,,1091762,2026-07-02T05:00:20.389000+00:00,b33840871f772511f5b417bdb6f087c7,STANDARD
quantt-historical-market-data,wrds/crsp_a_stock/saz_dind.parquet,saz_dind.parquet,wrds/crsp_a_stock,,4934941,2026-07-02T05:00:25.461000+00:00,9538e2219fcd16df326b2eb941ca14ae,STANDARD
quantt-historical-market-data,wrds/crsp_a_stock/saz_dind_legacy.parquet,saz_dind_legacy.parquet,wrds/crsp_a_stock,,4467651,2026-07-02T05:00:30.339000+00:00,8ba5682d33a66751dbdef6edcdfd6830,STANDARD
quantt-historical-market-data,wrds/crsp_a_stock/saz_dis.parquet,saz_dis.parquet,wrds/crsp_a_stock,,11537412,2026-07-02T05:00:37.947000+00:00,18041fd9aa58296bb521e73314570cba-2,STANDARD
quantt-historical-market-data,wrds/crsp_a_stock/saz_dis_legacy.parquet,saz_dis_legacy.parquet,wrds/crsp_a_stock,,11055776,2026-07-02T05:00:46.124000+00:00,946d1ff3a8705e66aea37cf8d14f4605-2,STANDARD
quantt-historical-market-data,wrds/crsp_a_stock/saz_dp_dly.parquet,saz_dp_dly.parquet,wrds/crsp_a_stock,,2112263865,2026-07-02T05:05:42.808000+00:00,a8730a9d987bc31e5d182a1230593a33-252,STANDARD
quantt-historical-market-data,wrds/crsp_a_stock/saz_dp_dly_legacy.parquet,saz_dp_dly_legacy.parquet,wrds/crsp_a_stock,,2097618511,2026-07-02T05:10:57.682000+00:00,62696f45638ce748a6f042b1e1894d4e-251,STANDARD
quantt-historical-market-data,wrds/crsp_a_stock/saz_ds_dly.parquet,saz_ds_dly.parquet,wrds/crsp_a_stock,,1154439779,2026-07-02T05:17:04.743000+00:00,07a6768e587109ffb023b90ab45333b5-138,STANDARD
quantt-historical-market-data,wrds/crsp_a_stock/saz_ds_dly_legacy.parquet,saz_ds_dly_legacy.parquet,wrds/crsp_a_stock,,1083606130,2026-07-02T05:21:46.700000+00:00,2400013acdc87b5ac6e13e78d5a98dcc-130,STANDARD
quantt-historical-market-data,wrds/crsp_a_stock/saz_hdr.parquet,saz_hdr.parquet,wrds/crsp_a_stock,,2621775,2026-07-02T05:21:51.511000+00:00,fcadd3b106ea9782b2a9d7b72b9d0209,STANDARD
quantt-historical-market-data,wrds/crsp_a_stock/saz_hdr_legacy.parquet,saz_hdr_legacy.parquet,wrds/crsp_a_stock,,2564375,2026-07-02T05:21:56.103000+00:00,8362fcbd197c01094ac5536f41ae412f,STANDARD
quantt-historical-market-data,wrds/crsp_a_stock/saz_indhdr.parquet,saz_indhdr.parquet,wrds/crsp_a_stock,,4572,2026-07-02T05:22:00.700000+00:00,2b69c5aac36b2c592b89896aa1f310af,STANDARD
quantt-historical-market-data,wrds/crsp_a_stock/saz_indhdr_legacy.parquet,saz_indhdr_legacy.parquet,wrds/crsp_a_stock,,4758,2026-07-02T05:22:05.070000+00:00,a3066ba94b6d3700d66e93510ef6286c,STANDARD
quantt-historical-market-data,wrds/crsp_a_stock/saz_mdel.parquet,saz_mdel.parquet,wrds/crsp_a_stock,,1185983,2026-07-02T05:22:09.870000+00:00,e98cb8d31b5ab7f288bb3778b697450e,STANDARD
quantt-historical-market-data,wrds/crsp_a_stock/saz_mdel_legacy.parquet,saz_mdel_legacy.parquet,wrds/crsp_a_stock,,1155485,2026-07-02T05:22:14.843000+00:00,50709d148b27bdf128802ccd5b219b71,STANDARD
quantt-historical-market-data,wrds/crsp_a_stock/saz_mind.parquet,saz_mind.parquet,wrds/crsp_a_stock,,246161,2026-07-02T05:22:19.112000+00:00,b014dd74485746330552bb740ea973eb,STANDARD
quantt-historical-market-data,wrds/crsp_a_stock/saz_mind_legacy.parquet,saz_mind_legacy.parquet,wrds/crsp_a_stock,,225724,2026-07-02T05:22:24.108000+00:00,979aad0b1472631b18a729000cf2d042,STANDARD
quantt-historical-market-data,wrds/crsp_a_stock/saz_mth.parquet,saz_mth.parquet,wrds/crsp_a_stock,,173738077,2026-07-02T05:22:51.098000+00:00,7dee6ca3bd4db36370cf4b57d2021368-21,STANDARD
quantt-historical-market-data,wrds/crsp_a_stock/saz_mth_legacy.parquet,saz_mth_legacy.parquet,wrds/crsp_a_stock,,169583733,2026-07-02T05:23:23.059000+00:00,a9135852fc6ff7bbcfcfffa39a7cc259-21,STANDARD
quantt-historical-market-data,wrds/crsp_a_stock/saz_nam.parquet,saz_nam.parquet,wrds/crsp_a_stock,,3780690,2026-07-02T05:23:28.124000+00:00,a4caf56849d81dba61c6041d4b530fca,STANDARD
quantt-historical-market-data,wrds/crsp_a_stock/saz_nam_legacy.parquet,saz_nam_legacy.parquet,wrds/crsp_a_stock,,3703316,2026-07-02T05:23:33.094000+00:00,884e91ea1c69b104262ddaac084c52d6,STANDARD
quantt-historical-market-data,wrds/crsp_a_stock/saz_ndi.parquet,saz_ndi.parquet,wrds/crsp_a_stock,,38381566,2026-07-02T05:23:51.165000+00:00,36b3c4f20f2e7f6a8b8e06414dcadb32-5,STANDARD
quantt-historical-market-data,wrds/crsp_a_stock/saz_ndi_legacy.parquet,saz_ndi_legacy.parquet,wrds/crsp_a_stock,,37569073,2026-07-02T05:24:28.167000+00:00,86e4b1bea58295834e54402ffce22b5e-5,STANDARD
quantt-historical-market-data,wrds/crsp_a_stock/saz_shr.parquet,saz_shr.parquet,wrds/crsp_a_stock,,15881690,2026-07-02T05:24:38.050000+00:00,2aaac1764806203bddb516f20e4a9abf-2,STANDARD
quantt-historical-market-data,wrds/crsp_a_stock/saz_shr_legacy.parquet,saz_shr_legacy.parquet,wrds/crsp_a_stock,,14840431,2026-07-02T05:24:47.299000+00:00,3acf2006eeb82431d54f99ea9a450f10-2,STANDARD
quantt-historical-market-data,wrds/crsp_a_stock/stkannsecuritydata.parquet,stkannsecuritydata.parquet,wrds/crsp_a_stock,,23269023,2026-07-02T05:24:57.411000+00:00,b52ff4cb89f548e157b8a49bac4ae668-3,STANDARD
quantt-historical-market-data,wrds/crsp_a_stock/stkdelists.parquet,stkdelists.parquet,wrds/crsp_a_stock,,1026046,2026-07-02T05:25:02.537000+00:00,811a9589cf267b45180d75b23e203864,STANDARD
quantt-historical-market-data,wrds/crsp_a_stock/stkdistributions.parquet,stkdistributions.parquet,wrds/crsp_a_stock,,12498252,2026-07-02T05:25:17.241000+00:00,9fbc5828b91d028034c754df902fdc64-2,STANDARD
quantt-historical-market-data,wrds/crsp_a_stock/stkdlycumulativeadjfactor.parquet,stkdlycumulativeadjfactor.parquet,wrds/crsp_a_stock,,222567639,2026-07-02T05:28:59.553000+00:00,f649f6e23fb7ced5fd504002d116cb4a-27,STANDARD
quantt-historical-market-data,wrds/crsp_a_stock/stkdlysecuritydata.parquet,stkdlysecuritydata.parquet,wrds/crsp_a_stock,,4644344498,2026-07-02T05:59:10.203000+00:00,8d6db7f6937f07ce534ec2ad0e516ce9-554,STANDARD
quantt-historical-market-data,wrds/crsp_a_stock/stkdlysecurityprimarydata.parquet,stkdlysecurityprimarydata.parquet,wrds/crsp_a_stock,,1751186644,2026-07-02T06:08:10.790000+00:00,8054c739ac22204d7917330da6b2af13-209,STANDARD
quantt-historical-market-data,wrds/crsp_a_stock/stkissuerinfohdr.parquet,stkissuerinfohdr.parquet,wrds/crsp_a_stock,,1609307,2026-07-02T06:08:16.440000+00:00,20c163b26079b7db49b78bb9a89bb6db,STANDARD
quantt-historical-market-data,wrds/crsp_a_stock/stkissuerinfohist.parquet,stkissuerinfohist.parquet,wrds/crsp_a_stock,,3557880,2026-07-02T06:08:23.080000+00:00,2eb623e6b6f35b7728a2f455c031ebbf,STANDARD
quantt-historical-market-data,wrds/crsp_a_stock/stkmthcumulativeadjfactor.parquet,stkmthcumulativeadjfactor.parquet,wrds/crsp_a_stock,,12515610,2026-07-02T06:08:48.549000+00:00,19c045a75a75e29a5958a087dce00cca-2,STANDARD
quantt-historical-market-data,wrds/crsp_a_stock/stkmthfloatshares.parquet,stkmthfloatshares.parquet,wrds/crsp_a_stock,,11493270,2026-07-02T06:08:55.798000+00:00,ccbc8de927d281605d729eb56d1bb984-2,STANDARD
quantt-historical-market-data,wrds/crsp_a_stock/stkmthsecuritydata.parquet,stkmthsecuritydata.parquet,wrds/crsp_a_stock,,191958940,2026-07-02T06:09:58.117000+00:00,849f341dcd774d7915a8dc2109be511d-23,STANDARD
quantt-historical-market-data,wrds/crsp_a_stock/stkqtrsecuritydata.parquet,stkqtrsecuritydata.parquet,wrds/crsp_a_stock,,71365334,2026-07-02T06:10:23.863000+00:00,c0403ccfa243317d553511a1f1b8b295-9,STANDARD
quantt-historical-market-data,wrds/crsp_a_stock/stksecurityinfohdr.parquet,stksecurityinfohdr.parquet,wrds/crsp_a_stock,,4479948,2026-07-02T06:10:28.656000+00:00,b94093d453f59c71a0aa8510aa757eed,STANDARD
quantt-historical-market-data,wrds/crsp_a_stock/stksecurityinfohist.parquet,stksecurityinfohist.parquet,wrds/crsp_a_stock,,9671615,2026-07-02T06:10:35.561000+00:00,1eef69457fbf0d60843aff450e30112d-2,STANDARD
quantt-historical-market-data,wrds/crsp_a_stock/stkshares.parquet,stkshares.parquet,wrds/crsp_a_stock,,16117549,2026-07-02T06:10:53.266000+00:00,f503d1a7d9e707061eb269c717d3fe18-2,STANDARD
quantt-historical-market-data,wrds/crsp_a_stock/stocknames.parquet,stocknames.parquet,wrds/crsp_a_stock,,3480732,2026-07-02T06:11:02.099000+00:00,c64bc16120d9a8986a43408fb56448e7,STANDARD
quantt-historical-market-data,wrds/crsp_a_stock/stocknames_v2.parquet,stocknames_v2.parquet,wrds/crsp_a_stock,,4609838,2026-07-02T06:11:07.119000+00:00,05cfb3192bb88a75212ced355137a781,STANDARD
quantt-historical-market-data,wrds/crsp_a_stock/wrds_dailyindexret_query.parquet,wrds_dailyindexret_query.parquet,wrds/crsp_a_stock,,1836584,2026-07-02T06:11:11.554000+00:00,1697319162f45f499bbca7702ffb436c,STANDARD
quantt-historical-market-data,wrds/crsp_a_stock/wrds_dsfv2_query.parquet,wrds_dsfv2_query.parquet,wrds/crsp_a_stock,,6320728933,2026-07-02T07:26:31.759000+00:00,3ce087c92eae2c112966775d4bfb3a1b-754,STANDARD
quantt-historical-market-data,wrds/crsp_a_stock/wrds_monthlyindexret_query.parquet,wrds_monthlyindexret_query.parquet,wrds/crsp_a_stock,,111050,2026-07-02T07:26:38.611000+00:00,6ddb745b5952a999340ba58b7614b233,STANDARD
quantt-historical-market-data,wrds/crsp_a_stock/wrds_msfv2_query.parquet,wrds_msfv2_query.parquet,wrds/crsp_a_stock,,284244743,2026-07-02T07:30:25.283000+00:00,fbc91f18b1e92876abedabedd793a065-34,STANDARD
quantt-historical-market-data,wrds/crsp_a_stock/wrds_names_query.parquet,wrds_names_query.parquet,wrds/crsp_a_stock,,6006639,2026-07-02T07:30:31.815000+00:00,7d50a7e928124baefefc80fe64bc6db6,STANDARD
quantt-historical-market-data,wrds/crsp_q_indexhist/cap.parquet,cap.parquet,wrds/crsp_q_indexhist,,2943162909,2026-07-02T01:55:56.887000+00:00,d343efd157fa7e77e128cf785d586720-351,STANDARD
quantt-historical-market-data,wrds/crsp_q_indexhist/core.parquet,core.parquet,wrds/crsp_q_indexhist,,383001625,2026-07-02T01:57:19.948000+00:00,40fbaf7f2d55b798347fc61125904016-46,STANDARD
quantt-historical-market-data,wrds/crsp_q_indexhist/eod_cap.parquet,eod_cap.parquet,wrds/crsp_q_indexhist,,344719,2026-07-01T20:10:06.274000+00:00,172c6d696631f124bc5dff8db1169685,STANDARD
quantt-historical-market-data,wrds/crsp_q_indexhist/eod_core.parquet,eod_core.parquet,wrds/crsp_q_indexhist,,37473,2026-07-01T20:10:11.412000+00:00,71d0b88efed3d8515351de926682c4da,STANDARD
quantt-historical-market-data,wrds/crsp_q_indexhist/eod_esg.parquet,eod_esg.parquet,wrds/crsp_q_indexhist,,84081,2026-07-01T20:10:16.955000+00:00,c215a28f6e0a89b56a81e8dbddb12126,STANDARD
quantt-historical-market-data,wrds/crsp_q_indexhist/eod_sector.parquet,eod_sector.parquet,wrds/crsp_q_indexhist,,434377,2026-07-01T20:10:21.823000+00:00,c8e76dd5cda7a57adec02d7f09bbb426,STANDARD
quantt-historical-market-data,wrds/crsp_q_indexhist/eod_vg.parquet,eod_vg.parquet,wrds/crsp_q_indexhist,,390912,2026-07-01T20:10:27.628000+00:00,f4b503856aed07c13232b4f2f316534b,STANDARD
quantt-historical-market-data,wrds/crsp_q_indexhist/esg.parquet,esg.parquet,wrds/crsp_q_indexhist,,731284897,2026-07-01T20:15:58.930000+00:00,c2bf8ffcdde3ae5c11f22d248c2410e3-88,STANDARD
quantt-historical-market-data,wrds/crsp_q_indexhist/index_descriptions.parquet,index_descriptions.parquet,wrds/crsp_q_indexhist,,4853,2026-07-01T20:16:04.437000+00:00,58bb5757e87d93fd61317325c4fe8edf,STANDARD
quantt-historical-market-data,wrds/crsp_q_indexhist/sector.parquet,sector.parquet,wrds/crsp_q_indexhist,,3634625707,2026-07-02T02:20:48.536000+00:00,d88e65233fff65cc7e0fd3b7b8ee06af-434,STANDARD
quantt-historical-market-data,wrds/crsp_q_indexhist/vg.parquet,vg.parquet,wrds/crsp_q_indexhist,,3350209635,2026-07-02T02:38:36.693000+00:00,0aa4fd1943bbe9fe61f7641bbe8fa369-400,STANDARD
quantt-historical-market-data,wrds/crsp_q_mutualfunds/contact_info.parquet,contact_info.parquet,wrds/crsp_q_mutualfunds,,2483517,2026-06-27T19:22:17.864000+00:00,383cc0e5ad01f56fe36f77d74504f437,STANDARD
quantt-historical-market-data,wrds/crsp_q_mutualfunds/crsp_cik_map.parquet,crsp_cik_map.parquet,wrds/crsp_q_mutualfunds,,1100694,2026-06-26T11:52:12.974000+00:00,b7f7f6baaeb45c0a02044b8261686b02,STANDARD
quantt-historical-market-data,wrds/crsp_q_mutualfunds/crsp_portno_map.parquet,crsp_portno_map.parquet,wrds/crsp_q_mutualfunds,,719553,2026-06-26T10:56:05.896000+00:00,92eb709b1237d19ea1627f81edf6ee36,STANDARD
quantt-historical-market-data,wrds/crsp_q_mutualfunds/daily_nav.parquet,daily_nav.parquet,wrds/crsp_q_mutualfunds,,643789924,2026-06-26T11:01:21.579000+00:00,ec2c0ce325322d0325fe8e8959e89499-77,STANDARD
quantt-historical-market-data,wrds/crsp_q_mutualfunds/daily_nav_ret.parquet,daily_nav_ret.parquet,wrds/crsp_q_mutualfunds,,1593260444,2026-06-26T11:58:53.120000+00:00,1bfc97487cdf5a14c46b8ea998afa239-190,STANDARD
quantt-historical-market-data,wrds/crsp_q_mutualfunds/daily_returns.parquet,daily_returns.parquet,wrds/crsp_q_mutualfunds,,1222744121,2026-06-26T11:07:39.627000+00:00,d453e0c8deeef737c3a4d39498f05975-146,STANDARD
quantt-historical-market-data,wrds/crsp_q_mutualfunds/dividends.parquet,dividends.parquet,wrds/crsp_q_mutualfunds,,44127607,2026-06-26T11:07:54.268000+00:00,938663aba1adbc1ae995e879ccc47206-6,STANDARD
quantt-historical-market-data,wrds/crsp_q_mutualfunds/front_load.parquet,front_load.parquet,wrds/crsp_q_mutualfunds,,804053,2026-06-26T11:07:58.561000+00:00,28d986a5f52a5f1a825927fc76e36449,STANDARD
quantt-historical-market-data,wrds/crsp_q_mutualfunds/front_load_det.parquet,front_load_det.parquet,wrds/crsp_q_mutualfunds,,620625,2026-06-26T11:08:02.920000+00:00,c7a42df0859dd781b0a7ddcf54116713,STANDARD
quantt-historical-market-data,wrds/crsp_q_mutualfunds/front_load_grp.parquet,front_load_grp.parquet,wrds/crsp_q_mutualfunds,,470913,2026-06-26T11:08:07.291000+00:00,d5a3752b20a5b5e6287d648e5e9dd9e1,STANDARD
quantt-historical-market-data,wrds/crsp_q_mutualfunds/fund_fees.parquet,fund_fees.parquet,wrds/crsp_q_mutualfunds,,5184278,2026-06-26T11:59:00.261000+00:00,8f22bb52676613a04e1b232931c31d86,STANDARD
quantt-historical-market-data,wrds/crsp_q_mutualfunds/fund_flows.parquet,fund_flows.parquet,wrds/crsp_q_mutualfunds,,34183332,2026-06-26T11:59:19.587000+00:00,0287452cfedbd49e3ffa10883d62b188-5,STANDARD
quantt-historical-market-data,wrds/crsp_q_mutualfunds/fund_hdr.parquet,fund_hdr.parquet,wrds/crsp_q_mutualfunds,,4588779,2026-06-29T10:26:46.847000+00:00,06eb11e7bba404f57915c9c18d3c2438,STANDARD
quantt-historical-market-data,wrds/crsp_q_mutualfunds/fund_hdr_hist.parquet,fund_hdr_hist.parquet,wrds/crsp_q_mutualfunds,,13034608,2026-06-26T11:59:38.806000+00:00,3a57a749d1326ed7cd12c432906ae855-2,STANDARD
quantt-historical-market-data,wrds/crsp_q_mutualfunds/fund_names.parquet,fund_names.parquet,wrds/crsp_q_mutualfunds,,15678399,2026-06-26T11:59:53.338000+00:00,5b88301d050656e702da7cf847ec5f62-2,STANDARD
quantt-historical-market-data,wrds/crsp_q_mutualfunds/fund_style.parquet,fund_style.parquet,wrds/crsp_q_mutualfunds,,2037936,2026-06-26T11:59:58.769000+00:00,8f8abd9e8d57e08405964badd3781105,STANDARD
quantt-historical-market-data,wrds/crsp_q_mutualfunds/fund_summary.parquet,fund_summary.parquet,wrds/crsp_q_mutualfunds,,87421710,2026-06-26T12:00:49.315000+00:00,58d5027ad658018ffc21d3f533a0c230-11,STANDARD
quantt-historical-market-data,wrds/crsp_q_mutualfunds/fund_summary2.parquet,fund_summary2.parquet,wrds/crsp_q_mutualfunds,,124010894,2026-06-26T12:02:25.402000+00:00,52035deb1dfdcfeb1f39a83a0a4f946f-15,STANDARD
quantt-historical-market-data,wrds/crsp_q_mutualfunds/holdings.parquet,holdings.parquet,wrds/crsp_q_mutualfunds,,11050602113,2026-06-26T13:20:46.845000+00:00,6f7586698101598e224fb7ab73bc46cf-1318,STANDARD
quantt-historical-market-data,wrds/crsp_q_mutualfunds/holdings_co_info.parquet,holdings_co_info.parquet,wrds/crsp_q_mutualfunds,,68071755,2026-06-26T13:21:11.527000+00:00,d1e6b3db4a5927ccaca48b28efe6054d-9,STANDARD
quantt-historical-market-data,wrds/crsp_q_mutualfunds/mfdbname.parquet,mfdbname.parquet,wrds/crsp_q_mutualfunds,,7135560,2026-06-26T13:21:18.406000+00:00,18117c9d34f4fc89b06becb2be2b5d8e,STANDARD
quantt-historical-market-data,wrds/crsp_q_mutualfunds/monthly_nav.parquet,monthly_nav.parquet,wrds/crsp_q_mutualfunds,,24493865,2026-06-26T13:21:35.655000+00:00,3ba2c73254e30e1f48cce563201163d7-3,STANDARD
quantt-historical-market-data,wrds/crsp_q_mutualfunds/monthly_returns.parquet,monthly_returns.parquet,wrds/crsp_q_mutualfunds,,82254514,2026-06-29T10:27:40.143000+00:00,189f5ad219315b8f00b94cf77a03d48e,STANDARD
quantt-historical-market-data,wrds/crsp_q_mutualfunds/monthly_tna.parquet,monthly_tna.parquet,wrds/crsp_q_mutualfunds,,26275511,2026-06-29T10:27:10.709000+00:00,fb569c19d075f16b8a9224663b0cf5f5,STANDARD
quantt-historical-market-data,wrds/crsp_q_mutualfunds/monthly_tna_ret_nav.parquet,monthly_tna_ret_nav.parquet,wrds/crsp_q_mutualfunds,,128265968,2026-06-26T13:22:46.607000+00:00,b90bb7a027e3f12eb4df6d1b7250c5e8-16,STANDARD
quantt-historical-market-data,wrds/crsp_q_mutualfunds/portnomap.parquet,portnomap.parquet,wrds/crsp_q_mutualfunds,,4579760,2026-06-26T13:22:52.525000+00:00,346735b66541064bf5302d9cfba06ee7,STANDARD
quantt-historical-market-data,wrds/crsp_q_mutualfunds/rear_load.parquet,rear_load.parquet,wrds/crsp_q_mutualfunds,,1184435,2026-06-26T11:09:34.937000+00:00,529159d0f750562753599b247114b36f,STANDARD
quantt-historical-market-data,wrds/crsp_q_mutualfunds/rear_load_det.parquet,rear_load_det.parquet,wrds/crsp_q_mutualfunds,,931476,2026-06-26T11:09:39.329000+00:00,75c7369f64a578abafaf9bf8d0838445,STANDARD
quantt-historical-market-data,wrds/crsp_q_mutualfunds/rear_load_grp.parquet,rear_load_grp.parquet,wrds/crsp_q_mutualfunds,,666789,2026-06-26T11:09:43.776000+00:00,4d071025efd3664418e4fd1086d32519,STANDARD
quantt-historical-market-data,wrds/djones_all/djdaily.parquet,djdaily.parquet,wrds/djones_all,,689761,2026-07-02T07:32:46.962000+00:00,5eb474ed6cec3fee586ff802107cd765,STANDARD
quantt-historical-market-data,wrds/djones_all/djmonthly.parquet,djmonthly.parquet,wrds/djones_all,,53376,2026-07-01T20:06:03.237000+00:00,b811c77fe4650a286579c816f56a1242,STANDARD
quantt-historical-market-data,wrds/dmef_all/setfour.parquet,setfour.parquet,wrds/dmef_all,,6026164,2026-07-02T07:32:55.019000+00:00,05ba251b4c10bf0c980ab10218e586b0,STANDARD
quantt-historical-market-data,wrds/dmef_all/setone.parquet,setone.parquet,wrds/dmef_all,,3933067,2026-07-01T20:08:08.041000+00:00,697bc50fe3884fae896f3b1395562ffa,STANDARD
quantt-historical-market-data,wrds/dmef_all/setthree.parquet,setthree.parquet,wrds/dmef_all,,8790875,2026-07-01T20:10:21.479000+00:00,44c3f2ef7c4cb9749d9f941b7c0b40c6-2,STANDARD
quantt-historical-market-data,wrds/dmef_all/settwo.parquet,settwo.parquet,wrds/dmef_all,,5388190,2026-07-02T07:33:02.622000+00:00,74b45280b77006c5b049a2347d6daacb,STANDARD
quantt-historical-market-data,wrds/doe_all/doe.parquet,doe.parquet,wrds/doe_all,,246789492,2026-07-02T02:43:35.280000+00:00,0cf0493e4e255e526392cd811ddac422-30,STANDARD
quantt-historical-market-data,wrds/doe_all/doenames.parquet,doenames.parquet,wrds/doe_all,,6712,2026-07-02T02:43:39.771000+00:00,f42460029ed1905f137aa7d2c9a8a5b6,STANDARD
quantt-historical-market-data,wrds/ff_all/factors_china.parquet,factors_china.parquet,wrds/ff_all,,6780,2026-07-02T02:45:09.900000+00:00,28d5f1c4da9f5f197bbaa9eafec82b36,STANDARD
quantt-historical-market-data,wrds/ff_all/factors_daily.parquet,factors_daily.parquet,wrds/ff_all,,300364,2026-07-02T02:45:14.818000+00:00,1a425fde47f50de1142561d1fd76ec48,STANDARD
quantt-historical-market-data,wrds/ff_all/factors_monthly.parquet,factors_monthly.parquet,wrds/ff_all,,36134,2026-07-02T02:45:19.459000+00:00,c7ee8444be3160dd189a01f6c6634e07,STANDARD
quantt-historical-market-data,wrds/ff_all/fivefactors_daily.parquet,fivefactors_daily.parquet,wrds/ff_all,,219654,2026-07-02T02:45:23.645000+00:00,ea34111c0b3ff01395a562928a2c83f0,STANDARD
quantt-historical-market-data,wrds/ff_all/fivefactors_monthly.parquet,fivefactors_monthly.parquet,wrds/ff_all,,30808,2026-07-02T02:45:28.314000+00:00,685ab6d50219b456bdc47a9641db586e,STANDARD
quantt-historical-market-data,wrds/ff_all/industry12.parquet,industry12.parquet,wrds/ff_all,,3221,2026-07-02T02:45:32.581000+00:00,69c7e92b4a3fa7486a4d5f5f85a555eb,STANDARD
quantt-historical-market-data,wrds/ff_all/industry48.parquet,industry48.parquet,wrds/ff_all,,21702,2026-07-02T02:45:36.667000+00:00,876d4c9dcd813bb736234cbdfdadc24d,STANDARD
quantt-historical-market-data,wrds/ff_all/liq_ps.parquet,liq_ps.parquet,wrds/ff_all,,30554,2026-07-02T02:45:40.755000+00:00,a2d3edd43d422f750d11ece1d811bcde,STANDARD
quantt-historical-market-data,wrds/ff_all/liq_sadka.parquet,liq_sadka.parquet,wrds/ff_all,,10441,2026-07-02T02:45:44.834000+00:00,3336f691fceff28f004896c7a0c8ab40,STANDARD
quantt-historical-market-data,wrds/ff_all/portfolios.parquet,portfolios.parquet,wrds/ff_all,,230073,2026-07-02T02:45:49.077000+00:00,5a5aa9079267949d2a255d70872b547d,STANDARD
quantt-historical-market-data,wrds/ff_all/portfolios25.parquet,portfolios25.parquet,wrds/ff_all,,892731,2026-07-02T02:45:54.202000+00:00,638fd12089e3a309293cd9fcb5a51585,STANDARD
quantt-historical-market-data,wrds/ff_all/portfolios_d.parquet,portfolios_d.parquet,wrds/ff_all,,1510016,2026-07-02T02:45:58.875000+00:00,537dbd99f973cb6c11acaa3a5319a4c7,STANDARD
quantt-historical-market-data,wrds/fjc_linking/wrds_bankruptcy_link.parquet,wrds_bankruptcy_link.parquet,wrds/fjc_linking,,20454,2026-07-02T07:33:17.577000+00:00,23967bb1e658b3892bb03a65b0d06013,STANDARD
quantt-historical-market-data,wrds/fjc_linking/wrds_civil_link.parquet,wrds_civil_link.parquet,wrds/fjc_linking,,7328355,2026-07-02T07:33:23.987000+00:00,dc9ae4bd0cf0cf9249d2717cafd3e1cb,STANDARD
quantt-historical-market-data,wrds/fjc_linking/wrds_criminal_link.parquet,wrds_criminal_link.parquet,wrds/fjc_linking,,3653,2026-07-02T07:33:28.217000+00:00,560382431f9b11b08a6ccc9ac20d950b,STANDARD
quantt-historical-market-data,wrds/fjc_litigation/appeals.parquet,appeals.parquet,wrds/fjc_litigation,,76694489,2026-07-02T07:34:34.583000+00:00,052175abd69a06a1a6494978403d6805-10,STANDARD
quantt-historical-market-data,wrds/fjc_litigation/bankruptcy.parquet,bankruptcy.parquet,wrds/fjc_litigation,,3280363369,2026-07-02T07:56:32.020000+00:00,27a8913ba813e3f710e6400e45f83303-392,STANDARD
quantt-historical-market-data,wrds/fjc_litigation/civil.parquet,civil.parquet,wrds/fjc_litigation,,488899731,2026-07-02T08:01:20.863000+00:00,3e8ed42267c0954339839f66be89f073-59,STANDARD
quantt-historical-market-data,wrds/fjc_litigation/criminal.parquet,criminal.parquet,wrds/fjc_litigation,,347160969,2026-07-02T08:08:42.395000+00:00,f5f2aa48c22c60c9c3b68a1c04f29db4-42,STANDARD
quantt-historical-market-data,wrds/frb_all/fx_daily.parquet,fx_daily.parquet,wrds/frb_all,,2091145,2026-07-02T08:08:47.440000+00:00,c94de77cc389f9891c5b10b127addb01,STANDARD
quantt-historical-market-data,wrds/frb_all/fx_monthly.parquet,fx_monthly.parquet,wrds/frb_all,,184382,2026-07-02T08:08:52.639000+00:00,d5c83f6d242a50b049c15e023a3d94f4,STANDARD
quantt-historical-market-data,wrds/frb_all/rates_daily.parquet,rates_daily.parquet,wrds/frb_all,,1214965,2026-07-02T08:08:57.522000+00:00,b08b78de841db356dd9a02e512144fd6,STANDARD
quantt-historical-market-data,wrds/frb_all/rates_monthly.parquet,rates_monthly.parquet,wrds/frb_all,,174628,2026-07-02T08:09:02.077000+00:00,06a74fa2fdefecf3690620cf32f0d229,STANDARD
quantt-historical-market-data,wrds/ims_obp_trial/obp_premium.parquet,obp_premium.parquet,wrds/ims_obp_trial,,49280,2026-07-02T08:09:39.355000+00:00,880d7c6bd6157c6fbdcc499a955fc9c1,STANDARD
quantt-historical-market-data,wrds/iri_all/db1983.parquet,db1983.parquet,wrds/iri_all,,252767,2026-07-02T08:09:56.075000+00:00,441b50b24599918c858c4360eafed199,STANDARD
quantt-historical-market-data,wrds/iri_all/db1984.parquet,db1984.parquet,wrds/iri_all,,256708,2026-07-02T08:10:00.428000+00:00,a56cb35c850b23a2ca3d9ec121310107,STANDARD
quantt-historical-market-data,wrds/iri_all/db1985.parquet,db1985.parquet,wrds/iri_all,,248281,2026-07-02T08:10:04.939000+00:00,7b1de406415b867c1ebe7df985077410,STANDARD
quantt-historical-market-data,wrds/iri_all/db1986.parquet,db1986.parquet,wrds/iri_all,,338070,2026-07-02T08:10:09.574000+00:00,f8e488301b8cdb3ee067b2ea0140a9c4,STANDARD
quantt-historical-market-data,wrds/iri_all/db1987.parquet,db1987.parquet,wrds/iri_all,,343828,2026-07-02T08:10:14.012000+00:00,7b6f886ed5a68e39e068b91be4297080,STANDARD
quantt-historical-market-data,wrds/iri_all/db1988.parquet,db1988.parquet,wrds/iri_all,,373436,2026-07-02T08:10:18.538000+00:00,c0c011683e2491b3b8a956402c679b51,STANDARD
quantt-historical-market-data,wrds/iri_all/db1989.parquet,db1989.parquet,wrds/iri_all,,360428,2026-07-02T08:10:23.017000+00:00,310d6c1067589223576376068113cb4f,STANDARD
quantt-historical-market-data,wrds/iri_all/db1990.parquet,db1990.parquet,wrds/iri_all,,346416,2026-07-02T08:10:27.461000+00:00,c98541ac1f8f8c2495eb28f3d02b30f6,STANDARD
quantt-historical-market-data,wrds/iri_all/db1991.parquet,db1991.parquet,wrds/iri_all,,346354,2026-07-02T08:10:32.022000+00:00,56f6afd9633529925052a0844e0b6431,STANDARD
quantt-historical-market-data,wrds/iri_all/db1992.parquet,db1992.parquet,wrds/iri_all,,361893,2026-07-02T08:10:36.612000+00:00,e3e6b81113c1c2b097b34c5a66e6cdb0,STANDARD
quantt-historical-market-data,wrds/iri_all/db1993.parquet,db1993.parquet,wrds/iri_all,,366277,2026-07-02T08:10:41.082000+00:00,478c0373e8c9b0f61a4932165e07baab,STANDARD
quantt-historical-market-data,wrds/iri_all/db1994.parquet,db1994.parquet,wrds/iri_all,,368372,2026-07-02T08:10:45.431000+00:00,f71fe6027a40476146ac952fb61578d7,STANDARD
quantt-historical-market-data,wrds/iri_all/db1995.parquet,db1995.parquet,wrds/iri_all,,753702,2026-07-02T08:10:50.685000+00:00,94e71ac55374435a1e337190c2d3d7c2,STANDARD
quantt-historical-market-data,wrds/iri_all/db1996.parquet,db1996.parquet,wrds/iri_all,,797431,2026-07-02T08:10:55.238000+00:00,0b9c69a224b12c9a8c225c2e85a3b57f,STANDARD
quantt-historical-market-data,wrds/iri_all/db1997.parquet,db1997.parquet,wrds/iri_all,,769759,2026-07-02T08:10:59.752000+00:00,c13f4e69b3196cd97c41660931080916,STANDARD
quantt-historical-market-data,wrds/macrofin_comm_trade/cay.parquet,cay.parquet,wrds/macrofin_comm_trade,,12872,2026-07-02T02:50:05.205000+00:00,8ac3695b657e09efd8d60a24b4494d62,STANDARD
quantt-historical-market-data,wrds/macrofin_comm_trade/financial_uncertainty.parquet,financial_uncertainty.parquet,wrds/macrofin_comm_trade,,24921,2026-07-02T02:50:09.425000+00:00,ae93a0d8aeb0596a2e787efccddb8f4f,STANDARD
quantt-historical-market-data,wrds/macrofin_comm_trade/fxdata.parquet,fxdata.parquet,wrds/macrofin_comm_trade,,91600,2026-07-02T02:50:13.807000+00:00,11a7d32e79bc380342826a579dff5afd,STANDARD
quantt-historical-market-data,wrds/macrofin_comm_trade/importportfolios.parquet,importportfolios.parquet,wrds/macrofin_comm_trade,,20657,2026-07-02T02:50:17.875000+00:00,a19797aea7c9a4dfd9fe064d91ca163e,STANDARD
quantt-historical-market-data,wrds/macrofin_comm_trade/macro_uncertainty.parquet,macro_uncertainty.parquet,wrds/macrofin_comm_trade,,24921,2026-07-02T02:50:22.260000+00:00,f37f65fc55e37ecf9002ff439d68d6c2,STANDARD
quantt-historical-market-data,wrds/macrofin_comm_trade/port_eg_annual.parquet,port_eg_annual.parquet,wrds/macrofin_comm_trade,,8137,2026-07-02T02:50:26.384000+00:00,b60f0282f6fdc23d835150bb868bf76d,STANDARD
quantt-historical-market-data,wrds/macrofin_comm_trade/port_eg_daily.parquet,port_eg_daily.parquet,wrds/macrofin_comm_trade,,906072,2026-07-02T02:50:31.209000+00:00,dd757761a1e788b03de7abadc7489ad4,STANDARD
quantt-historical-market-data,wrds/macrofin_comm_trade/port_eg_monthly.parquet,port_eg_monthly.parquet,wrds/macrofin_comm_trade,,74979,2026-07-02T02:50:35.563000+00:00,b622d56899323ff81402f9f7f5ea5e6b,STANDARD
quantt-historical-market-data,wrds/macrofin_comm_trade/port_eg_quarterly.parquet,port_eg_quarterly.parquet,wrds/macrofin_comm_trade,,24901,2026-07-02T02:50:39.693000+00:00,c892b4638ee84e7565fe582f9cbd1b3e,STANDARD
quantt-historical-market-data,wrds/macrofin_comm_trade/port_eg_weekly.parquet,port_eg_weekly.parquet,wrds/macrofin_comm_trade,,254609,2026-07-02T02:50:44.436000+00:00,11e817087033843ccd5431b9fafd1be0,STANDARD
quantt-historical-market-data,wrds/macrofin_comm_trade/port_eg_weekly_w2w.parquet,port_eg_weekly_w2w.parquet,wrds/macrofin_comm_trade,,255101,2026-07-02T02:50:48.723000+00:00,b72f70e2b11d73547e3eda4a94cf8642,STANDARD
quantt-historical-market-data,wrds/macrofin_comm_trade/port_ia_roe_annual.parquet,port_ia_roe_annual.parquet,wrds/macrofin_comm_trade,,19087,2026-07-02T02:50:53.182000+00:00,8c42035e006288ef56a7f0527f2a244a,STANDARD
quantt-historical-market-data,wrds/macrofin_comm_trade/port_ia_roe_daily.parquet,port_ia_roe_daily.parquet,wrds/macrofin_comm_trade,,992564,2026-07-02T02:50:58.527000+00:00,8b676d73cf79530209b5ff269b93b789,STANDARD
quantt-historical-market-data,wrds/macrofin_comm_trade/port_ia_roe_monthly.parquet,port_ia_roe_monthly.parquet,wrds/macrofin_comm_trade,,110858,2026-07-02T02:51:02.971000+00:00,e1b354fb1e9cc1b27963955479450f68,STANDARD
quantt-historical-market-data,wrds/macrofin_comm_trade/port_ia_roe_quarterly.parquet,port_ia_roe_quarterly.parquet,wrds/macrofin_comm_trade,,63002,2026-07-02T02:51:07.368000+00:00,582f63ded71ec52f18105dd250518443,STANDARD
quantt-historical-market-data,wrds/macrofin_comm_trade/port_ia_roe_weekly.parquet,port_ia_roe_weekly.parquet,wrds/macrofin_comm_trade,,638558,2026-07-02T02:51:11.951000+00:00,cd2e472e263594741e20d3796ff94237,STANDARD
quantt-historical-market-data,wrds/macrofin_comm_trade/port_ia_roe_weekly_w2w.parquet,port_ia_roe_weekly_w2w.parquet,wrds/macrofin_comm_trade,,660743,2026-07-02T02:51:16.751000+00:00,eed3477f55af212c297260f6a6eda436,STANDARD
quantt-historical-market-data,wrds/macrofin_comm_trade/q_factors_annual.parquet,q_factors_annual.parquet,wrds/macrofin_comm_trade,,5196,2026-07-02T02:51:20.787000+00:00,11a09e375c01db195899d4abc50bdb8b,STANDARD
quantt-historical-market-data,wrds/macrofin_comm_trade/q_factors_daily.parquet,q_factors_daily.parquet,wrds/macrofin_comm_trade,,428931,2026-07-02T02:51:24.967000+00:00,ad29695330cd51fd95bad680961515cd,STANDARD
quantt-historical-market-data,wrds/macrofin_comm_trade/q_factors_monthly.parquet,q_factors_monthly.parquet,wrds/macrofin_comm_trade,,34499,2026-07-02T02:51:29.988000+00:00,64c0deba1fd8c372042a4dc7e620982b,STANDARD
quantt-historical-market-data,wrds/macrofin_comm_trade/q_factors_quarterly.parquet,q_factors_quarterly.parquet,wrds/macrofin_comm_trade,,14052,2026-07-02T02:51:34.149000+00:00,4f55533503a195944085e1e2284a0494,STANDARD
quantt-historical-market-data,wrds/macrofin_comm_trade/q_factors_weekly.parquet,q_factors_weekly.parquet,wrds/macrofin_comm_trade,,125225,2026-07-02T02:51:38.477000+00:00,b72c6fbf03861bd6dae5b6703a51418f,STANDARD
quantt-historical-market-data,wrds/macrofin_comm_trade/q_factors_weekly_w2w.parquet,q_factors_weekly_w2w.parquet,wrds/macrofin_comm_trade,,124828,2026-07-02T02:51:42.620000+00:00,1dabf9b6d1996438488b4c192bcebd83,STANDARD
quantt-historical-market-data,wrds/macrofin_comm_trade/tradedata.parquet,tradedata.parquet,wrds/macrofin_comm_trade,,86173,2026-07-02T02:51:47.423000+00:00,b1b2f8ed48c363fc1e995b8dc172e188,STANDARD
quantt-historical-market-data,wrds/manifest.json,manifest.json,wrds,,56908,2026-06-29T12:16:15.196000+00:00,38f51857714b7fb745d41a9356a87267,STANDARD
quantt-historical-market-data,wrds/msrb_all/msrb.parquet,msrb.parquet,wrds/msrb_all,,5997607781,2026-07-02T03:29:42.443000+00:00,b996ebbc06f57688c64250b5518d7416-715,STANDARD
quantt-historical-market-data,wrds/msrb_all/msrb_lookup.parquet,msrb_lookup.parquet,wrds/msrb_all,,6737418,2026-07-02T03:29:50.496000+00:00,4efe36a8963ac29d154f4572b62cf332,STANDARD
quantt-historical-market-data,wrds/otc_endofday/endofday.parquet,endofday.parquet,wrds/otc_endofday,,1410967486,2026-07-02T08:37:09.380000+00:00,c5b95b61036bbeeed1f8d284542506ff-169,STANDARD
quantt-historical-market-data,wrds/phlx_all/coph.parquet,coph.parquet,wrds/phlx_all,,10833414,2026-07-02T08:37:18.265000+00:00,3e323f50f2cc759d3dc6f61cc456cb0c-2,STANDARD
quantt-historical-market-data,wrds/phlx_all/iv.parquet,iv.parquet,wrds/phlx_all,,2695853,2026-07-02T08:37:22.791000+00:00,3b648d3959e2462f7cd2a6c529eff022,STANDARD
quantt-historical-market-data,wrds/pitchsmp/pitchbk_qvards.parquet,pitchbk_qvards.parquet,wrds/pitchsmp,,41098,2026-07-02T08:37:27.280000+00:00,17262ad9e81c3f6732d8195f2a775ed3,STANDARD
quantt-historical-market-data,wrds/pitchsmp/wrds_company.parquet,wrds_company.parquet,wrds/pitchsmp,,221752,2026-07-02T08:37:31.384000+00:00,47cc102997358fcc3c7c0cb4d7968d9d,STANDARD
quantt-historical-market-data,wrds/pitchsmp/wrds_companybuysiderelation.parquet,wrds_companybuysiderelation.parquet,wrds/pitchsmp,,8238,2026-07-02T08:37:35.504000+00:00,793b9d986a9257721666854e2682dcc3,STANDARD
quantt-historical-market-data,wrds/pitchsmp/wrds_companycompetitorrel.parquet,wrds_companycompetitorrel.parquet,wrds/pitchsmp,,3670,2026-07-02T08:37:39.672000+00:00,956c5ce00bb61be87d4d70c9a68b241a,STANDARD
quantt-historical-market-data,wrds/pitchsmp/wrds_companyemployeehistrel.parquet,wrds_companyemployeehistrel.parquet,wrds/pitchsmp,,2613,2026-07-02T08:37:43.810000+00:00,05a0ff716cf38325fc1b6ff36cdb4660,STANDARD
quantt-historical-market-data,wrds/pitchsmp/wrds_companyindustryrelation.parquet,wrds_companyindustryrelation.parquet,wrds/pitchsmp,,4444,2026-07-02T08:37:48.100000+00:00,008dcbb76b39fb83674de3701c620291,STANDARD
quantt-historical-market-data,wrds/pitchsmp/wrds_companyinvestorrelation.parquet,wrds_companyinvestorrelation.parquet,wrds/pitchsmp,,6557,2026-07-02T08:37:52.106000+00:00,b916ede1066aee4e74f5a60e6a35642e,STANDARD
quantt-historical-market-data,wrds/pitchsmp/wrds_companyverticalrelation.parquet,wrds_companyverticalrelation.parquet,wrds/pitchsmp,,2069,2026-07-02T08:37:56.384000+00:00,16d2b727469624495d2014341f00c693,STANDARD
quantt-historical-market-data,wrds/pitchsmp/wrds_deal.parquet,wrds_deal.parquet,wrds/pitchsmp,,149217,2026-07-02T08:38:00.528000+00:00,a0550010a96f50b5fa5822f559a3daa1,STANDARD
quantt-historical-market-data,wrds/pitchsmp/wrds_dealdebtlenderrelation.parquet,wrds_dealdebtlenderrelation.parquet,wrds/pitchsmp,,9131,2026-07-02T08:38:05.040000+00:00,d5ef8427071e5a72dda6f0af7cd6a7f6,STANDARD
quantt-historical-market-data,wrds/pitchsmp/wrds_dealdistribbenefrel.parquet,wrds_dealdistribbenefrel.parquet,wrds/pitchsmp,,7899,2026-07-02T08:38:09.152000+00:00,7df7b3abfad5ba46050d432c172b4177,STANDARD
quantt-historical-market-data,wrds/pitchsmp/wrds_dealinvestorrelation.parquet,wrds_dealinvestorrelation.parquet,wrds/pitchsmp,,10622,2026-07-02T08:38:13.703000+00:00,b0f27a5f207fd09995cc06c6b49dad45,STANDARD
quantt-historical-market-data,wrds/pitchsmp/wrds_dealsellerrelation.parquet,wrds_dealsellerrelation.parquet,wrds/pitchsmp,,6696,2026-07-02T08:38:18.060000+00:00,9e032acc509b1c784acfeced7352b472,STANDARD
quantt-historical-market-data,wrds/pitchsmp/wrds_dealtrancherelation.parquet,wrds_dealtrancherelation.parquet,wrds/pitchsmp,,8127,2026-07-02T08:38:22.404000+00:00,7f54a189e7a7478cfca4d06bc17193c3,STANDARD
quantt-historical-market-data,wrds/pitchsmp/wrds_entityaffiliaterelation.parquet,wrds_entityaffiliaterelation.parquet,wrds/pitchsmp,,6821,2026-07-02T08:38:26.479000+00:00,7cdd43ed416fcac3469f78a0b59db341,STANDARD
quantt-historical-market-data,wrds/pitchsmp/wrds_entitylocationrelation.parquet,wrds_entitylocationrelation.parquet,wrds/pitchsmp,,10246,2026-07-02T08:38:31.085000+00:00,05cd6a6a5201726e37d113fc63063f43,STANDARD
quantt-historical-market-data,wrds/pitchsmp/wrds_fund.parquet,wrds_fund.parquet,wrds/pitchsmp,,22841,2026-07-02T08:38:35.288000+00:00,ebc41b34e8ec00670865006839be6564,STANDARD
quantt-historical-market-data,wrds/pitchsmp/wrds_investor.parquet,wrds_investor.parquet,wrds/pitchsmp,,39963,2026-07-02T08:38:39.445000+00:00,e3b7a4cd442ae5b82ba9ceb45f55361a,STANDARD
quantt-historical-market-data,wrds/pitchsmp/wrds_investorfundrelation.parquet,wrds_investorfundrelation.parquet,wrds/pitchsmp,,3057,2026-07-02T08:38:43.869000+00:00,3e257abc28dfd47fbde7ae245bca9968,STANDARD
quantt-historical-market-data,wrds/public_all/exp_per_event_table1.parquet,exp_per_event_table1.parquet,wrds/public_all,,3938,2026-07-02T03:33:35.144000+00:00,76e035d9434880fba3f8e7a02164f994,STANDARD
quantt-historical-market-data,wrds/public_all/exp_per_event_table2.parquet,exp_per_event_table2.parquet,wrds/public_all,,3679,2026-07-02T03:33:39.184000+00:00,df4b27944bc58216de7d661da4d8c88a,STANDARD
quantt-historical-market-data,wrds/public_all/meps_exp_per_event_table1.parquet,meps_exp_per_event_table1.parquet,wrds/public_all,,4284,2026-07-02T03:33:43.381000+00:00,06e95b775eba9110125d42e67a21fcdf,STANDARD
quantt-historical-market-data,wrds/public_all/meps_exp_per_event_table2.parquet,meps_exp_per_event_table2.parquet,wrds/public_all,,4015,2026-07-02T03:33:47.526000+00:00,626950ab8cb4fdbcdf6cbfe63c2ecf99,STANDARD
quantt-historical-market-data,wrds/public_all/meps_top_prescribed.parquet,meps_top_prescribed.parquet,wrds/public_all,,11186,2026-07-02T03:33:51.658000+00:00,626442e50eb28e45658c72af71c5016a,STANDARD
quantt-historical-market-data,wrds/public_all/meps_top_therapeutic_classes.parquet,meps_top_therapeutic_classes.parquet,wrds/public_all,,6234,2026-07-02T03:33:55.814000+00:00,01327bcac530bc31f764f998232ce43a,STANDARD
quantt-historical-market-data,wrds/public_all/mepsins.parquet,mepsins.parquet,wrds/public_all,,19887,2026-07-02T03:34:00.229000+00:00,e0448d518b38103f1efe3b059554c62e,STANDARD
quantt-historical-market-data,wrds/public_all/mepssumm.parquet,mepssumm.parquet,wrds/public_all,,186372,2026-07-02T03:34:04.425000+00:00,319f5f25df6f25118460414ab28f95cf,STANDARD
quantt-historical-market-data,wrds/public_all/mepssummexp_per_condition.parquet,mepssummexp_per_condition.parquet,wrds/public_all,,78377,2026-07-02T03:34:08.894000+00:00,9d41adf2888cbe3881d48e42436867a9,STANDARD
quantt-historical-market-data,wrds/public_all/top_prescribed.parquet,top_prescribed.parquet,wrds/public_all,,10253,2026-07-02T03:34:13.107000+00:00,b5d552095e31885405309073a6fcad3e,STANDARD
quantt-historical-market-data,wrds/public_all/top_therapeutic_classes.parquet,top_therapeutic_classes.parquet,wrds/public_all,,5829,2026-07-02T03:34:17.240000+00:00,5b0d10a4a0282d4035fc1feff7b07fc5,STANDARD
quantt-historical-market-data,wrds/pwt_all/na.parquet,na.parquet,wrds/pwt_all,,631124,2026-07-02T08:38:48.382000+00:00,42bce68afbf21f672ed35a26394bcee3,STANDARD
quantt-historical-market-data,wrds/pwt_all/na70.parquet,na70.parquet,wrds/pwt_all,,1441923,2026-07-02T08:38:52.815000+00:00,46f7853c05438cf14fcaa124c673ddbc,STANDARD
quantt-historical-market-data,wrds/pwt_all/pwt61.parquet,pwt61.parquet,wrds/pwt_all,,1280525,2026-07-02T08:38:57.413000+00:00,a6f10bc31c609a58e1b4a98a3c7aec6f,STANDARD
quantt-historical-market-data,wrds/pwt_all/pwt62.parquet,pwt62.parquet,wrds/pwt_all,,1647976,2026-07-02T08:39:02.056000+00:00,cfe21d07a3a7863f9934052814e81dcf,STANDARD
quantt-historical-market-data,wrds/pwt_all/pwt63.parquet,pwt63.parquet,wrds/pwt_all,,2405736,2026-07-02T08:39:06.500000+00:00,4727f994bb93739a087b55aa635e1855,STANDARD
quantt-historical-market-data,wrds/pwt_all/pwt70.parquet,pwt70.parquet,wrds/pwt_all,,2633507,2026-07-02T08:39:10.948000+00:00,b32521476d2a3f1ad8b27bb8884e0aa4,STANDARD
quantt-historical-market-data,wrds/pwt_all/pwt71.parquet,pwt71.parquet,wrds/pwt_all,,2705409,2026-07-02T08:39:15.457000+00:00,1002c2649588edffab186456e345e57b,STANDARD
quantt-historical-market-data,wrds/rq_all/rq_data.parquet,rq_data.parquet,wrds/rq_all,,2007738,2026-07-02T08:57:59.328000+00:00,a975ddf6ffb1e6e950424aa30733c36a,STANDARD
quantt-historical-market-data,wrds/tfn/s12.parquet,s12.parquet,wrds/tfn,,4028561677,2026-07-01T16:17:16.740000+00:00,a059390f5cc57d0ea9cc8a8f9b77c041-481,STANDARD
quantt-historical-market-data,wrds/totalq_all/total_q.parquet,total_q.parquet,wrds/totalq_all,,16530120,2026-07-02T11:21:29.293000+00:00,4475bcf301755c296090210d1d88413f-2,STANDARD
quantt-historical-market-data,wrds/tr_13f/s34.parquet,s34.parquet,wrds/tr_13f,,2322832362,2026-06-30T12:12:56.417000+00:00,ff05a672719ebeb91767e3edaeb76f64-277,STANDARD
quantt-historical-market-data,wrds/tr_13f/s34names.parquet,s34names.parquet,wrds/tr_13f,,511858,2026-06-26T10:57:18.263000+00:00,7408242b65c7ee0e5acc6046e7195f18,STANDARD
quantt-historical-market-data,wrds/tr_13f/s34type1.parquet,s34type1.parquet,wrds/tr_13f,,2510916,2026-06-29T12:08:21.972000+00:00,cfb7de029bd3f898df95d436915886ff,STANDARD
quantt-historical-market-data,wrds/tr_13f/s34type2.parquet,s34type2.parquet,wrds/tr_13f,,33719864,2026-06-29T12:08:34.941000+00:00,f27b7af7920874293a289841f81b3be3-5,STANDARD
quantt-historical-market-data,wrds/tr_13f/s34type3.parquet,s34type3.parquet,wrds/tr_13f,,1420945736,2026-06-30T12:21:00.252000+00:00,ea64641e5d6d360298c4fe0063ddccde-170,STANDARD
quantt-historical-market-data,wrds/tr_13f/s34type4.parquet,s34type4.parquet,wrds/tr_13f,,641062813,2026-06-30T12:24:11.997000+00:00,c725a1c91f49af11f018fc9f268b148b-77,STANDARD
quantt-historical-market-data,wrds/tr_13f/s34type6.parquet,s34type6.parquet,wrds/tr_13f,,868387759,2026-06-30T12:27:57.727000+00:00,1a43e802e4256a0c9b0c540ecea502d0-104,STANDARD
quantt-historical-market-data,wrds/tr_common/gsecmapx.parquet,gsecmapx.parquet,wrds/tr_common,,95738867,2026-07-02T11:23:59.187000+00:00,3bf3b31eafaebb3a50d9e7ab6cfe8fd5-12,STANDARD
quantt-historical-market-data,wrds/tr_common/gsecmstrx.parquet,gsecmstrx.parquet,wrds/tr_common,,254839900,2026-07-02T11:24:44.504000+00:00,3a1a9f94735d059c10b91cf8bec9c864-31,STANDARD
quantt-historical-market-data,wrds/tr_common/gsecsdlchg.parquet,gsecsdlchg.parquet,wrds/tr_common,,70781934,2026-07-02T11:25:02.511000+00:00,b98f6f8a40dc762f1cecbede3808591d-9,STANDARD
quantt-historical-market-data,wrds/tr_common/permcincusipdata.parquet,permcincusipdata.parquet,wrds/tr_common,,12736772,2026-07-02T11:25:09.972000+00:00,b6eef0be7e8c30d7934c3e3156594df5-2,STANDARD
quantt-historical-market-data,wrds/tr_common/permcode.parquet,permcode.parquet,wrds/tr_common,,1846277,2026-07-02T11:25:15.222000+00:00,064380fa958739965a3fed0adfa9d7eb,STANDARD
quantt-historical-market-data,wrds/tr_common/permcusipdata.parquet,permcusipdata.parquet,wrds/tr_common,,6737481,2026-07-02T12:22:10.584000+00:00,fd55e6ebefe5a1cc99d1041b7a4e292f,STANDARD
quantt-historical-market-data,wrds/tr_common/perminstrinfo.parquet,perminstrinfo.parquet,wrds/tr_common,,1964871461,2026-07-02T12:33:38.393000+00:00,802d1e2480e2dcc9583aac3fa6b242d9-235,STANDARD
quantt-historical-market-data,wrds/tr_common/perminstrref.parquet,perminstrref.parquet,wrds/tr_common,,1291464698,2026-07-03T12:41:06.909000+00:00,94a6c317a08260be125dbb44cfbdbc83-154,STANDARD
quantt-historical-market-data,wrds/tr_common/permisindata.parquet,permisindata.parquet,wrds/tr_common,,3174483322,2026-07-02T11:42:11.098000+00:00,8849a389afd24f8cf9e8ab8ebab3be6e-379,STANDARD
quantt-historical-market-data,wrds/tr_common/permorginfo.parquet,permorginfo.parquet,wrds/tr_common,,1055784504,2026-07-03T12:45:12.565000+00:00,52c8594e34666851a2e190e84e56e4df-126,STANDARD
quantt-historical-market-data,wrds/tr_common/permorgref.parquet,permorgref.parquet,wrds/tr_common,,375104248,2026-07-03T12:46:38.199000+00:00,8878ad6eb931e5030864411772fe3f9e-45,STANDARD
quantt-historical-market-data,wrds/tr_common/permquoteinfo.parquet,permquoteinfo.parquet,wrds/tr_common,,5161137778,2026-07-02T12:09:50.064000+00:00,d0ef6497d3519fe27e6c7a3dd608925f-616,STANDARD
quantt-historical-market-data,wrds/tr_common/permquoteref.parquet,permquoteref.parquet,wrds/tr_common,,3539123894,2026-07-03T12:49:08.630000+00:00,68755aa7cb3e074a65acf1a9eff7a13b-422,STANDARD
quantt-historical-market-data,wrds/tr_common/permricdata.parquet,permricdata.parquet,wrds/tr_common,,8752060508,2026-07-03T13:16:28.277000+00:00,c9782e5d45958640beaae6ed8c870401-1044,STANDARD
quantt-historical-market-data,wrds/tr_common/permsecmapx.parquet,permsecmapx.parquet,wrds/tr_common,,135909835,2026-07-03T13:17:06.770000+00:00,c77956f6cf4a83ab9cc8297a4bb1798f-17,STANDARD
quantt-historical-market-data,wrds/tr_common/permsedoldata.parquet,permsedoldata.parquet,wrds/tr_common,,347500776,2026-07-03T13:17:59.841000+00:00,7c42175f27dae6d6726ecf5a38817e20-42,STANDARD
quantt-historical-market-data,wrds/tr_common/prcisr.parquet,prcisr.parquet,wrds/tr_common,,761621,2026-07-02T12:47:59.652000+00:00,96057b5f4c1ce736e224737dc3509337,STANDARD
quantt-historical-market-data,wrds/tr_common/sddates_v.parquet,sddates_v.parquet,wrds/tr_common,,553342,2026-07-03T13:18:05.628000+00:00,99a84bca310a49fb3109e11a760e615a,STANDARD
quantt-historical-market-data,wrds/tr_common/sdexchinfo_v.parquet,sdexchinfo_v.parquet,wrds/tr_common,,110207,2026-07-02T12:49:59.164000+00:00,fdf968aa31f574f98078883ae3d1f4f3,STANDARD
quantt-historical-market-data,wrds/tr_common/sdinfo_v.parquet,sdinfo_v.parquet,wrds/tr_common,,27942,2026-07-02T12:50:03.220000+00:00,027d84c39c0a099b27d0c32a8b5a82c1,STANDARD
quantt-historical-market-data,wrds/tr_common/seccspchgx.parquet,seccspchgx.parquet,wrds/tr_common,,6338694,2026-07-03T13:18:12.751000+00:00,600c8a017a1420209fe326320a539893,STANDARD
quantt-historical-market-data,wrds/tr_common/secmapx.parquet,secmapx.parquet,wrds/tr_common,,25091075,2026-07-03T13:18:34.199000+00:00,02c9cc3c47ade67dca9e368c505f021e-3,STANDARD
quantt-historical-market-data,wrds/tr_common/secmstrx.parquet,secmstrx.parquet,wrds/tr_common,,58572079,2026-07-03T13:18:55.036000+00:00,2becf412bc5ea94e140feb65d1e47efb-7,STANDARD
quantt-historical-market-data,wrds/tr_common/secsdl2chgx.parquet,secsdl2chgx.parquet,wrds/tr_common,,190662,2026-07-02T12:55:43.680000+00:00,25005878b2fa4f1a478a44941049edea,STANDARD
quantt-historical-market-data,wrds/tr_common/secsdlchgx.parquet,secsdlchgx.parquet,wrds/tr_common,,2786970,2026-07-02T12:55:48.493000+00:00,e773fc6c3631fe0083448133878b28cb,STANDARD
quantt-historical-market-data,wrds/tr_common/secventype.parquet,secventype.parquet,wrds/tr_common,,3488,2026-07-02T12:55:52.463000+00:00,6485d1efee0fbd42efeef08346329756,STANDARD
quantt-historical-market-data,wrds/tr_common/tmccode.parquet,tmccode.parquet,wrds/tr_common,,6185,2026-07-02T12:55:56.891000+00:00,c45c3f1798fa2655e963d5845df9b7f4,STANDARD
quantt-historical-market-data,wrds/tr_common/tmcregncntrymap.parquet,tmcregncntrymap.parquet,wrds/tr_common,,5884,2026-07-02T12:56:01.482000+00:00,344f6140a320c454df433fed7ee8f8d1,STANDARD
quantt-historical-market-data,wrds/tr_common/vw_securitymappingx.parquet,vw_securitymappingx.parquet,wrds/tr_common,,120718917,2026-07-03T13:19:42.560000+00:00,33f977485fef06682ddc0cf4451bf28a-15,STANDARD
quantt-historical-market-data,wrds/tr_common/vw_securitymasterx.parquet,vw_securitymasterx.parquet,wrds/tr_common,,240965099,2026-07-03T13:20:30.854000+00:00,14c165e5ae3f9e6b886f6cd074696ad1-29,STANDARD
quantt-historical-market-data,wrds/tr_ds_comds/dscmcode.parquet,dscmcode.parquet,wrds/tr_ds_comds,,4147,2026-07-02T06:43:37.928000+00:00,df3dbefffff3f3a2b8d017c3d181a7cf,STANDARD
quantt-historical-market-data,wrds/tr_ds_comds/dscmdesc.parquet,dscmdesc.parquet,wrds/tr_ds_comds,,6897,2026-07-02T06:43:41.902000+00:00,0f36aabc011960772ceaabd5c8923bdd,STANDARD
quantt-historical-market-data,wrds/tr_ds_comds/dscmextval.parquet,dscmextval.parquet,wrds/tr_ds_comds,,55260902,2026-07-02T06:44:13.620000+00:00,8ad5be8e909fe8d9746f32d1b087f07a-7,STANDARD
quantt-historical-market-data,wrds/tr_ds_comds/dscminfo.parquet,dscminfo.parquet,wrds/tr_ds_comds,,1201894,2026-07-02T06:44:18.330000+00:00,316b8cbfadce438fce919afa495a0c98,STANDARD
quantt-historical-market-data,wrds/tr_ds_comds/dscmitem.parquet,dscmitem.parquet,wrds/tr_ds_comds,,1637,2026-07-02T06:44:22.387000+00:00,546eddca930d8fa0cff98db77793a03d,STANDARD
quantt-historical-market-data,wrds/tr_ds_comds/dscmlicflagcode.parquet,dscmlicflagcode.parquet,wrds/tr_ds_comds,,1910,2026-07-02T06:44:26.357000+00:00,6010baa24e5cece040eff70b26829930,STANDARD
quantt-historical-market-data,wrds/tr_ds_comds/dscmreg.parquet,dscmreg.parquet,wrds/tr_ds_comds,,5197,2026-07-02T06:44:34.528000+00:00,3171da6aa8fbff814ba0c8b106410d31,STANDARD
quantt-historical-market-data,wrds/tr_ds_comds/dscmval.parquet,dscmval.parquet,wrds/tr_ds_comds,,395234154,2026-07-02T06:46:52.913000+00:00,0bc579c7add4a3ea6c4fdc16511fb8af-48,STANDARD
quantt-historical-market-data,wrds/tr_ds_comds/wrds_cmdy_data.parquet,wrds_cmdy_data.parquet,wrds/tr_ds_comds,,478164538,2026-07-02T06:55:40.637000+00:00,d9f274c7f1f97dba02f498348179cc88-58,STANDARD
quantt-historical-market-data,wrds/tr_ds_comds/wrds_cmdy_info.parquet,wrds_cmdy_info.parquet,wrds/tr_ds_comds,,410725,2026-07-02T06:55:45.363000+00:00,380226be0827142111eceaae19967056,STANDARD
quantt-historical-market-data,wrds/tr_ds_econ/ecoattrdata.parquet,ecoattrdata.parquet,wrds/tr_ds_econ,,36915532,2026-07-02T11:22:42.938000+00:00,4032f63a991b482d700ada59812b7b2e-5,STANDARD
quantt-historical-market-data,wrds/tr_ds_econ/ecoclscode.parquet,ecoclscode.parquet,wrds/tr_ds_econ,,4114,2026-07-02T11:21:57.911000+00:00,6704be7f151c93736172274bd916ccc1,STANDARD
quantt-historical-market-data,wrds/tr_ds_econ/ecocode.parquet,ecocode.parquet,wrds/tr_ds_econ,,87034,2026-07-02T11:22:06.803000+00:00,96708df491eab0a974f827212a78d567,STANDARD
quantt-historical-market-data,wrds/tr_ds_econ/ecodata.parquet,ecodata.parquet,wrds/tr_ds_econ,,1876374582,2026-07-02T11:43:57.858000+00:00,78da52072bf3481211008e4f8cadf6ab-224,STANDARD
quantt-historical-market-data,wrds/tr_ds_econ/ecoinfo.parquet,ecoinfo.parquet,wrds/tr_ds_econ,,4912185,2026-07-02T11:44:04.452000+00:00,85a979dc3a67d93704f421851df24444,STANDARD
quantt-historical-market-data,wrds/tr_ds_econ/ecolanguagedesc.parquet,ecolanguagedesc.parquet,wrds/tr_ds_econ,,406090,2026-07-02T11:26:57.917000+00:00,b5b4c21521c91bff5717eb8ef2f05a2f,STANDARD
quantt-historical-market-data,wrds/tr_ds_econ/wrds_ecoinfo.parquet,wrds_ecoinfo.parquet,wrds/tr_ds_econ,,5384348,2026-07-02T11:44:11.681000+00:00,cd4777bf7dd6a8db4c05bae943d32dd3,STANDARD
quantt-historical-market-data,wrds/tr_ds_equities/ds2adj.parquet,ds2adj.parquet,wrds/tr_ds_equities,,10523047,2026-07-02T06:55:52.429000+00:00,00ef054e4f1cf1b9965105a5004f560b-2,STANDARD
quantt-historical-market-data,wrds/tr_ds_equities/ds2capevent.parquet,ds2capevent.parquet,wrds/tr_ds_equities,,6837212,2026-07-02T06:55:59.074000+00:00,0f784c2c6b090f35fff356a18061dda8,STANDARD
quantt-historical-market-data,wrds/tr_ds_equities/ds2company.parquet,ds2company.parquet,wrds/tr_ds_equities,,4688404,2026-07-02T06:56:03.655000+00:00,3b9e9048515590853f35c40716fb5316,STANDARD
quantt-historical-market-data,wrds/tr_ds_equities/ds2constdatadly.parquet,ds2constdatadly.parquet,wrds/tr_ds_equities,,11355182,2026-07-02T06:56:13.497000+00:00,e604829f15e305b1361d6276dfc087d2-2,STANDARD
quantt-historical-market-data,wrds/tr_ds_equities/ds2constdatamth.parquet,ds2constdatamth.parquet,wrds/tr_ds_equities,,148590208,2026-07-02T06:58:16.528000+00:00,3fae62ad2c2e80b81894bbb1255d503a-18,STANDARD
quantt-historical-market-data,wrds/tr_ds_equities/ds2constdly.parquet,ds2constdly.parquet,wrds/tr_ds_equities,,393491,2026-07-02T06:58:21.026000+00:00,1c4432bd304814c79bfb08c5ea4baf2e,STANDARD
quantt-historical-market-data,wrds/tr_ds_equities/ds2constmth.parquet,ds2constmth.parquet,wrds/tr_ds_equities,,7354746,2026-07-02T06:58:28.984000+00:00,69b9185f12539019ae4708c951a66f6d,STANDARD
quantt-historical-market-data,wrds/tr_ds_equities/ds2ctryqtinfo.parquet,ds2ctryqtinfo.parquet,wrds/tr_ds_equities,,16434847,2026-07-02T06:58:37.387000+00:00,e96fdb9abd2c542e88d0c5d471c4ded3-2,STANDARD
quantt-historical-market-data,wrds/tr_ds_equities/ds2cusipchg.parquet,ds2cusipchg.parquet,wrds/tr_ds_equities,,2399748,2026-07-02T06:58:41.883000+00:00,68afe747a59042f773a18270d7d39c9a,STANDARD
quantt-historical-market-data,wrds/tr_ds_equities/ds2datatype.parquet,ds2datatype.parquet,wrds/tr_ds_equities,,17179,2026-07-02T06:58:46.047000+00:00,7e0747b9a1445a8f81ae03ecd402c580,STANDARD
quantt-historical-market-data,wrds/tr_ds_equities/ds2div.parquet,ds2div.parquet,wrds/tr_ds_equities,,34403345,2026-07-02T06:59:04.248000+00:00,4724d97ab8dfc15dcb3b29c243294559-5,STANDARD
quantt-historical-market-data,wrds/tr_ds_equities/ds2dps.parquet,ds2dps.parquet,wrds/tr_ds_equities,,20237359,2026-07-02T06:59:15.323000+00:00,7929db4c7fca3d648a8bf37f872bdd50-3,STANDARD
quantt-historical-market-data,wrds/tr_ds_equities/ds2equityindex.parquet,ds2equityindex.parquet,wrds/tr_ds_equities,,3111420,2026-07-02T06:59:21.025000+00:00,a8956cdecc016bb0cd12a991e91e7c56,STANDARD
quantt-historical-market-data,wrds/tr_ds_equities/ds2exchange.parquet,ds2exchange.parquet,wrds/tr_ds_equities,,14966,2026-07-02T06:59:25.261000+00:00,7be1071e5cabaedf3f5b8e05652e95f7,STANDARD
quantt-historical-market-data,wrds/tr_ds_equities/ds2exchqtinfo.parquet,ds2exchqtinfo.parquet,wrds/tr_ds_equities,,15513167,2026-07-02T06:59:36.597000+00:00,6f2e34d840572264c837a5dd57d98296-2,STANDARD
quantt-historical-market-data,wrds/tr_ds_equities/ds2fxcode.parquet,ds2fxcode.parquet,wrds/tr_ds_equities,,39705,2026-07-02T06:59:40.986000+00:00,83087a3ec0ad9f3f038c800507de556d,STANDARD
quantt-historical-market-data,wrds/tr_ds_equities/ds2fxrate.parquet,ds2fxrate.parquet,wrds/tr_ds_equities,,200408808,2026-07-02T07:00:11.627000+00:00,36aa9f4e717d7a5dddede558300c55fa-24,STANDARD
quantt-historical-market-data,wrds/tr_ds_equities/ds2indexaddldata.parquet,ds2indexaddldata.parquet,wrds/tr_ds_equities,,9326245460,2026-07-02T07:57:41.418000+00:00,9ab834f90b0664783b65e6652e4b784c-1112,STANDARD
quantt-historical-market-data,wrds/tr_ds_equities/ds2indexdata.parquet,ds2indexdata.parquet,wrds/tr_ds_equities,,6319048240,2026-07-02T08:18:58.385000+00:00,2e91394caaf7c89c8c6785e7b687d744-754,STANDARD
quantt-historical-market-data,wrds/tr_ds_equities/ds2indexdatatype.parquet,ds2indexdatatype.parquet,wrds/tr_ds_equities,,1752037,2026-07-02T08:19:07.020000+00:00,2da976faebab53f309edd5bb0570dd73,STANDARD
quantt-historical-market-data,wrds/tr_ds_equities/ds2indexlist.parquet,ds2indexlist.parquet,wrds/tr_ds_equities,,169151,2026-07-02T08:19:11.376000+00:00,b61480ff724a0d432217c43284cdc1b8,STANDARD
quantt-historical-market-data,wrds/tr_ds_equities/ds2isinchg.parquet,ds2isinchg.parquet,wrds/tr_ds_equities,,4195921,2026-07-02T08:19:16.215000+00:00,b19c71d2c24a0e250d8ccade31982c3c,STANDARD
quantt-historical-market-data,wrds/tr_ds_equities/ds2localcodechg.parquet,ds2localcodechg.parquet,wrds/tr_ds_equities,,5675756,2026-07-02T08:19:21.580000+00:00,d1d872b687581c50a1042f2ffd54fbb7,STANDARD
quantt-historical-market-data,wrds/tr_ds_equities/ds2mktval.parquet,ds2mktval.parquet,wrds/tr_ds_equities,,1938092467,2026-07-02T08:36:16.656000+00:00,0922331b17af288a00f0adf36c446cb7-232,STANDARD
quantt-historical-market-data,wrds/tr_ds_equities/ds2mnemchg.parquet,ds2mnemchg.parquet,wrds/tr_ds_equities,,7055571,2026-07-02T08:36:22.825000+00:00,20b5d9a3d9a8b7aa295263b4894eccb1,STANDARD
quantt-historical-market-data,wrds/tr_ds_equities/ds2numshares.parquet,ds2numshares.parquet,wrds/tr_ds_equities,,121882408,2026-07-02T08:37:20.274000+00:00,c7c986080293ded69140c96e23461ca5-15,STANDARD
quantt-historical-market-data,wrds/tr_ds_equities/ds2primexchqtchg.parquet,ds2primexchqtchg.parquet,wrds/tr_ds_equities,,2877773,2026-07-02T08:37:26.041000+00:00,21165a0316d86754ead2096f50670190,STANDARD
quantt-historical-market-data,wrds/tr_ds_equities/ds2primqtprc.parquet,ds2primqtprc.parquet,wrds/tr_ds_equities,,12079898717,2026-07-02T09:38:42.218000+00:00,ce65c7b853c943df545180bf9c835f80-1441,STANDARD
quantt-historical-market-data,wrds/tr_ds_equities/ds2primqtri.parquet,ds2primqtri.parquet,wrds/tr_ds_equities,,4176483236,2026-07-02T10:12:29.387000+00:00,fd19e9061ca03d1f8bc39e2ebffe9282-498,STANDARD
quantt-historical-market-data,wrds/tr_ds_equities/ds2qtnamechg.parquet,ds2qtnamechg.parquet,wrds/tr_ds_equities,,14531112,2026-07-02T10:12:38.537000+00:00,89721c22fde388cf3d442555a66e0de1-2,STANDARD
quantt-historical-market-data,wrds/tr_ds_equities/ds2region.parquet,ds2region.parquet,wrds/tr_ds_equities,,12019,2026-07-02T10:12:43.616000+00:00,94163e5dea606b6e428362c3a34efa84,STANDARD
quantt-historical-market-data,wrds/tr_ds_equities/ds2scdqtprc.parquet,ds2scdqtprc.parquet,wrds/tr_ds_equities,,13650502236,2026-07-02T14:08:47.670000+00:00,6e4f721df0b5d226b9aeda8e929cee96-1628,STANDARD
quantt-historical-market-data,wrds/tr_ds_equities/ds2scdqtri.parquet,ds2scdqtri.parquet,wrds/tr_ds_equities,,4617092236,2026-07-02T14:41:20.134000+00:00,f4b09be96d37709d7dd9e4bc69fd66d2-551,STANDARD
quantt-historical-market-data,wrds/tr_ds_equities/ds2security.parquet,ds2security.parquet,wrds/tr_ds_equities,,12987091,2026-07-02T14:41:28.551000+00:00,c5611d73fe3aafe46d51e712492ce739-2,STANDARD
quantt-historical-market-data,wrds/tr_ds_equities/ds2sedolchg.parquet,ds2sedolchg.parquet,wrds/tr_ds_equities,,4979986,2026-07-02T14:41:34.436000+00:00,0c26a8ce37417ef7b6edb40047d68f5d,STANDARD
quantt-historical-market-data,wrds/tr_ds_equities/ds2sharehldgs.parquet,ds2sharehldgs.parquet,wrds/tr_ds_equities,,36365513,2026-07-02T14:43:11.396000+00:00,2f172277130817034ba02dac473f25d0-5,STANDARD
quantt-historical-market-data,wrds/tr_ds_equities/ds2xref.parquet,ds2xref.parquet,wrds/tr_ds_equities,,138212,2026-07-02T11:47:06.450000+00:00,ceaa0b79f4c5b068cdf59b7d35b72d88,STANDARD
quantt-historical-market-data,wrds/tr_ds_equities/wrds_ds2dsf.parquet,wrds_ds2dsf.parquet,wrds/tr_ds_equities,,38642500053,2026-07-03T17:14:01.080000+00:00,836a1376c85259507a048ebe76948225-4607,STANDARD
quantt-historical-market-data,wrds/tr_ds_equities/wrds_ds_indexconstmerged_dly.parquet,wrds_ds_indexconstmerged_dly.parquet,wrds/tr_ds_equities,,11377250,2026-07-03T17:14:53.442000+00:00,163b27ad9b16b26d4ad12e6a09e3b2f3-2,STANDARD
quantt-historical-market-data,wrds/tr_ds_equities/wrds_ds_indexconstmerged_mth.parquet,wrds_ds_indexconstmerged_mth.parquet,wrds/tr_ds_equities,,154990162,2026-07-03T17:16:51.541000+00:00,1bed3f0c531073198dc9cb01d3bff6ef-19,STANDARD
quantt-historical-market-data,wrds/tr_ds_equities/wrds_ds_indexmerged.parquet,wrds_ds_indexmerged.parquet,wrds/tr_ds_equities,,6303765650,2026-07-03T17:55:47.816000+00:00,064c87fff3e7c7d7598c641f52609e78-752,STANDARD
quantt-historical-market-data,wrds/tr_ds_equities/wrds_ds_names.parquet,wrds_ds_names.parquet,wrds/tr_ds_equities,,31072868,2026-07-02T12:09:35.637000+00:00,00da2b1a2096ece334e162f52580ac98-4,STANDARD
quantt-historical-market-data,wrds/tr_ds_equities/wrds_ds_names_full.parquet,wrds_ds_names_full.parquet,wrds/tr_ds_equities,,39354252,2026-07-02T12:09:45.589000+00:00,258a1469049b89ba075cbe2bf3199f56-5,STANDARD
quantt-historical-market-data,wrds/tr_ds_fut/dsfutcalcserextval.parquet,dsfutcalcserextval.parquet,wrds/tr_ds_fut,,352187392,2026-07-02T22:25:26.100000+00:00,53f7e9684369ad9eecdbaed63680c8ba-42,STANDARD
quantt-historical-market-data,wrds/tr_ds_fut/dsfutcalcserinfo.parquet,dsfutcalcserinfo.parquet,wrds/tr_ds_fut,,797871,2026-07-02T13:03:20.787000+00:00,c6e0e46a320ba63ea2b9a3230d07a3ea,STANDARD
quantt-historical-market-data,wrds/tr_ds_fut/dsfutcalcsermth.parquet,dsfutcalcsermth.parquet,wrds/tr_ds_fut,,2760,2026-07-02T13:02:30.838000+00:00,1f62079372a24da5cd2be75817057f87,STANDARD
quantt-historical-market-data,wrds/tr_ds_fut/dsfutcalcserval.parquet,dsfutcalcserval.parquet,wrds/tr_ds_fut,,1386028304,2026-07-02T22:29:03.336000+00:00,fddeee870b045fd8296516ae359da7bd-166,STANDARD
quantt-historical-market-data,wrds/tr_ds_fut/dsfutclass.parquet,dsfutclass.parquet,wrds/tr_ds_fut,,87066,2026-07-02T13:05:28.406000+00:00,1310b61b17224b3190a27d7b273aad39,STANDARD
quantt-historical-market-data,wrds/tr_ds_fut/dsfutcode.parquet,dsfutcode.parquet,wrds/tr_ds_fut,,12617,2026-07-02T13:05:32.848000+00:00,78c17c929e4563f36292320778bc0f11,STANDARD
quantt-historical-market-data,wrds/tr_ds_fut/dsfutcontr.parquet,dsfutcontr.parquet,wrds/tr_ds_fut,,153448,2026-07-02T13:05:37.837000+00:00,6eca34fcf456a3989faa62bd3c51bac9,STANDARD
quantt-historical-market-data,wrds/tr_ds_fut/dsfutcontrchg.parquet,dsfutcontrchg.parquet,wrds/tr_ds_fut,,8436256,2026-07-02T22:29:13.048000+00:00,80ac891e6f431e69d3532b9bad73787f-2,STANDARD
quantt-historical-market-data,wrds/tr_ds_fut/dsfutcontrextval.parquet,dsfutcontrextval.parquet,wrds/tr_ds_fut,,63051766,2026-07-02T22:29:42.397000+00:00,50898caca12eeb57304a62884b5808fd-8,STANDARD
quantt-historical-market-data,wrds/tr_ds_fut/dsfutcontrinfo.parquet,dsfutcontrinfo.parquet,wrds/tr_ds_fut,,10155276,2026-07-02T22:29:49.615000+00:00,d70c863f4983cc13dd90b04d6f2b85b9-2,STANDARD
quantt-historical-market-data,wrds/tr_ds_fut/dsfutcontrval.parquet,dsfutcontrval.parquet,wrds/tr_ds_fut,,2711192220,2026-07-02T22:37:30.089000+00:00,eaeb4d123c82b8064b06e9ac47705c07-324,STANDARD
quantt-historical-market-data,wrds/tr_ds_fut/dsfutcotrepval.parquet,dsfutcotrepval.parquet,wrds/tr_ds_fut,,21125989,2026-07-02T22:37:46.465000+00:00,8450699f632aaa9d83d76e24647366f5-3,STANDARD
quantt-historical-market-data,wrds/tr_ds_fut/dsfutdesc.parquet,dsfutdesc.parquet,wrds/tr_ds_fut,,17174,2026-07-02T13:15:42.752000+00:00,7909b33523c39252c42715d4c36aa959,STANDARD
quantt-historical-market-data,wrds/tr_ds_fut/dsfutitem.parquet,dsfutitem.parquet,wrds/tr_ds_fut,,2755,2026-07-02T13:15:47.137000+00:00,88a262a26db06f8863f2fcbe82b0d071,STANDARD
quantt-historical-market-data,wrds/tr_ds_fut/dsfuttrdcycle.parquet,dsfuttrdcycle.parquet,wrds/tr_ds_fut,,35486,2026-07-02T13:15:51.357000+00:00,85668bd15bc73a916d2ea27d9144e207,STANDARD
quantt-historical-market-data,wrds/tr_ds_fut/dsfutundrmap.parquet,dsfutundrmap.parquet,wrds/tr_ds_fut,,2541088,2026-07-02T22:37:52.424000+00:00,408840dd7a22f61037ab67b3b9457b8c,STANDARD
quantt-historical-market-data,wrds/tr_ds_fut/wrds_contract_info.parquet,wrds_contract_info.parquet,wrds/tr_ds_fut,,7821296,2026-07-02T22:38:03.729000+00:00,18c5a9ef88dd1210799595a717f2d43e,STANDARD
quantt-historical-market-data,wrds/tr_ds_fut/wrds_cseries_info.parquet,wrds_cseries_info.parquet,wrds/tr_ds_fut,,824742,2026-07-02T13:19:46.110000+00:00,6b19ac4cb957163930d0c1a8e5fa27c6,STANDARD
quantt-historical-market-data,wrds/tr_ds_fut/wrds_fut_contract.parquet,wrds_fut_contract.parquet,wrds/tr_ds_fut,,3064731735,2026-07-03T02:35:59.016000+00:00,0e7e3ce4039fb340c1aeac76034e08ff-366,STANDARD
quantt-historical-market-data,wrds/tr_ds_fut/wrds_fut_series.parquet,wrds_fut_series.parquet,wrds/tr_ds_fut,,3213486813,2026-07-02T14:03:55.464000+00:00,086ca7676777d3505a7287817588372d-384,STANDARD
quantt-historical-market-data,wrds/tr_ibes/act_epsint.parquet,act_epsint.parquet,wrds/tr_ibes,,39775421,2026-06-27T19:36:18.823000+00:00,aff2bb65de4220a9f9175776e91f6aff-5,STANDARD
quantt-historical-market-data,wrds/tr_ibes/act_epsus.parquet,act_epsus.parquet,wrds/tr_ibes,,13603216,2026-06-26T19:58:05.102000+00:00,b90ca49edb530af53049eddc78b62aeb-2,STANDARD
quantt-historical-market-data,wrds/tr_ibes/act_xepsint.parquet,act_xepsint.parquet,wrds/tr_ibes,,265351082,2026-06-27T19:42:31.262000+00:00,7ced0030299dc37604b22f1df4d90e7b-32,STANDARD
quantt-historical-market-data,wrds/tr_ibes/act_xepsus.parquet,act_xepsus.parquet,wrds/tr_ibes,,84932125,2026-06-27T19:44:19.577000+00:00,873f1ccbf1a63dbce5224c247c05c96a-11,STANDARD
quantt-historical-market-data,wrds/tr_ibes/actg.parquet,actg.parquet,wrds/tr_ibes,,1220154,2026-06-26T19:58:20.668000+00:00,774a62eb016fd6ddb2b2d9b154bf158d,STANDARD
quantt-historical-market-data,wrds/tr_ibes/actgu.parquet,actgu.parquet,wrds/tr_ibes,,564342,2026-06-26T19:58:25.344000+00:00,4b2d2e0278da1462c8f7c5361452d066,STANDARD
quantt-historical-market-data,wrds/tr_ibes/actpsum_epsint.parquet,actpsum_epsint.parquet,wrds/tr_ibes,,57497014,2026-06-27T19:45:23.243000+00:00,9192c1d02c3c3a69e65ff4a23b6d1db1-7,STANDARD
quantt-historical-market-data,wrds/tr_ibes/actpsum_epsus.parquet,actpsum_epsus.parquet,wrds/tr_ibes,,27874814,2026-06-27T19:45:47.995000+00:00,752dc6b9de6074a6c939cead5eb0b51b-4,STANDARD
quantt-historical-market-data,wrds/tr_ibes/actpsum_xepsint.parquet,actpsum_xepsint.parquet,wrds/tr_ibes,,286063285,2026-06-27T19:52:52.838000+00:00,c3677435d42a684423816c1770594886-35,STANDARD
quantt-historical-market-data,wrds/tr_ibes/actpsum_xepsus.parquet,actpsum_xepsus.parquet,wrds/tr_ibes,,114678768,2026-06-26T20:01:52.787000+00:00,36f9f8e91ab76c17892830fdff88034c-14,STANDARD
quantt-historical-market-data,wrds/tr_ibes/actpsumu_epsint.parquet,actpsumu_epsint.parquet,wrds/tr_ibes,,55760648,2026-06-27T19:53:45.948000+00:00,ebcbff4ccb565db53ff17d45cf7050fc-7,STANDARD
quantt-historical-market-data,wrds/tr_ibes/actpsumu_epsus.parquet,actpsumu_epsus.parquet,wrds/tr_ibes,,27385519,2026-06-27T19:54:07.612000+00:00,0ca5b46757acc6da43973bc1a1d13e7a-4,STANDARD
quantt-historical-market-data,wrds/tr_ibes/actpsumu_xepsint.parquet,actpsumu_xepsint.parquet,wrds/tr_ibes,,105327620,2026-06-27T19:55:45.166000+00:00,82e4e874f3251cf5a215910705c38c3f-13,STANDARD
quantt-historical-market-data,wrds/tr_ibes/actpsumu_xepsus.parquet,actpsumu_xepsus.parquet,wrds/tr_ibes,,37578043,2026-06-27T19:56:31.132000+00:00,aa9101edf69cfc07dfeb26780d155248-5,STANDARD
quantt-historical-market-data,wrds/tr_ibes/actu_epsint.parquet,actu_epsint.parquet,wrds/tr_ibes,,38343849,2026-06-27T19:57:03.330000+00:00,666dec5f78603a0c2c8ba772e687e5d5-5,STANDARD
quantt-historical-market-data,wrds/tr_ibes/actu_epsus.parquet,actu_epsus.parquet,wrds/tr_ibes,,13380112,2026-06-27T19:57:15.927000+00:00,2b430a5e871b4f675242eaee44728769-2,STANDARD
quantt-historical-market-data,wrds/tr_ibes/actu_xepsint.parquet,actu_xepsint.parquet,wrds/tr_ibes,,120248849,2026-06-26T20:05:26.928000+00:00,abdcd789fea2c6c28d683ae6c9247293-15,STANDARD
quantt-historical-market-data,wrds/tr_ibes/actu_xepsus.parquet,actu_xepsus.parquet,wrds/tr_ibes,,33841463,2026-06-26T20:06:09.334000+00:00,217506b2ba728083bbdbc67cd198ce55-5,STANDARD
quantt-historical-market-data,wrds/tr_ibes/adj.parquet,adj.parquet,wrds/tr_ibes,,4490859,2026-06-29T10:32:19.604000+00:00,e57227574b0f53a10a603cab35ae0a8c,STANDARD
quantt-historical-market-data,wrds/tr_ibes/adjsum.parquet,adjsum.parquet,wrds/tr_ibes,,4784817,2026-06-26T20:06:21.019000+00:00,919f357a41e65577731be54b7a6b1f40,STANDARD
quantt-historical-market-data,wrds/tr_ibes/cfnsum.parquet,cfnsum.parquet,wrds/tr_ibes,,1225440,2026-06-26T20:06:25.800000+00:00,dc15cc69b05b8bf03cf9a3c7e4571f4f,STANDARD
quantt-historical-market-data,wrds/tr_ibes/curr.parquet,curr.parquet,wrds/tr_ibes,,2089930,2026-06-26T20:06:30.785000+00:00,4e89fd1bf985b60d4dc675a61920f0a8,STANDARD
quantt-historical-market-data,wrds/tr_ibes/currnew.parquet,currnew.parquet,wrds/tr_ibes,,997818,2026-06-26T20:06:35.768000+00:00,e67f9c3c78e36a98417afddde654f766,STANDARD
quantt-historical-market-data,wrds/tr_ibes/det_epsint.parquet,det_epsint.parquet,wrds/tr_ibes,,590863069,2026-06-26T20:14:58.399000+00:00,9cb0abfe422a717aae97957d0243e0bd-71,STANDARD
quantt-historical-market-data,wrds/tr_ibes/det_epsus.parquet,det_epsus.parquet,wrds/tr_ibes,,598096164,2026-06-27T20:02:13.380000+00:00,7bfe029c58799f40f9f0f08718a7694a-72,STANDARD
quantt-historical-market-data,wrds/tr_ibes/det_xepsint.parquet,det_xepsint.parquet,wrds/tr_ibes,,5008211977,2026-06-27T21:08:21.403000+00:00,9a4a7cfca2d55b4a9f8407be12bee0d0-598,STANDARD
quantt-historical-market-data,wrds/tr_ibes/det_xepsus.parquet,det_xepsus.parquet,wrds/tr_ibes,,2813428445,2026-06-27T21:34:22.250000+00:00,7cb8521c6c5d60040f39a1ab181f59ba-336,STANDARD
quantt-historical-market-data,wrds/tr_ibes/detsecd_sepint.parquet,detsecd_sepint.parquet,wrds/tr_ibes,,53532129,2026-06-27T21:34:50.478000+00:00,43125a256c5c452fb6f4c0feef04c8a2-7,STANDARD
quantt-historical-market-data,wrds/tr_ibes/detsecd_xsepint.parquet,detsecd_xsepint.parquet,wrds/tr_ibes,,256131060,2026-06-27T21:37:00.189000+00:00,20b99ad8eaf350ad46a08bead4aa77b6-31,STANDARD
quantt-historical-market-data,wrds/tr_ibes/detu_epsint.parquet,detu_epsint.parquet,wrds/tr_ibes,,533780044,2026-06-27T21:40:23.862000+00:00,bb567dc7f1ca447e6b4893fc104bdf6a-64,STANDARD
quantt-historical-market-data,wrds/tr_ibes/detu_epsus.parquet,detu_epsus.parquet,wrds/tr_ibes,,569269403,2026-06-27T21:45:59.965000+00:00,7484b158823a18e084096fbb0bbac16e-68,STANDARD
quantt-historical-market-data,wrds/tr_ibes/detu_xepsint.parquet,detu_xepsint.parquet,wrds/tr_ibes,,957649225,2026-06-27T21:52:56.267000+00:00,dce106d261b97447e603987e7fad255c-115,STANDARD
quantt-historical-market-data,wrds/tr_ibes/detu_xepsus.parquet,detu_xepsus.parquet,wrds/tr_ibes,,475077957,2026-06-27T21:57:33.312000+00:00,6499c68af042d46435c44bdd515b93f1-57,STANDARD
quantt-historical-market-data,wrds/tr_ibes/detusecd_sepint.parquet,detusecd_sepint.parquet,wrds/tr_ibes,,51948394,2026-06-27T21:57:59.764000+00:00,e868dde2973bf3cea84a6c20eb9f31bf-7,STANDARD
quantt-historical-market-data,wrds/tr_ibes/detusecd_xsepint.parquet,detusecd_xsepint.parquet,wrds/tr_ibes,,51073243,2026-06-27T21:58:19.680000+00:00,f33e0a371bc120d28dacf0bc2c8e0c89-7,STANDARD
quantt-historical-market-data,wrds/tr_ibes/eurx.parquet,eurx.parquet,wrds/tr_ibes,,9929,2026-06-26T20:16:10.567000+00:00,5c2c97e918a5adac5ea208d92f075f44,STANDARD
quantt-historical-market-data,wrds/tr_ibes/exc_epsint.parquet,exc_epsint.parquet,wrds/tr_ibes,,72227756,2026-06-27T21:58:47.219000+00:00,089302d57d1bb2f6bd708d32e4e4b348-9,STANDARD
quantt-historical-market-data,wrds/tr_ibes/exc_epsus.parquet,exc_epsus.parquet,wrds/tr_ibes,,59354756,2026-06-27T21:59:17.081000+00:00,dcd606ab402d41988069a59f3c2ba9d4-8,STANDARD
quantt-historical-market-data,wrds/tr_ibes/exc_xepsint.parquet,exc_xepsint.parquet,wrds/tr_ibes,,538111758,2026-06-27T22:03:05.491000+00:00,22378103ff31228c74186038db2af2c4-65,STANDARD
quantt-historical-market-data,wrds/tr_ibes/exc_xepsus.parquet,exc_xepsus.parquet,wrds/tr_ibes,,348713393,2026-06-27T22:05:15.069000+00:00,a0cf94347e93ddd9fdecf6f0be316627-42,STANDARD
quantt-historical-market-data,wrds/tr_ibes/excsecd_sepint.parquet,excsecd_sepint.parquet,wrds/tr_ibes,,7178281,2026-06-27T22:05:22.755000+00:00,6d25778f4a39deb4ac80c122fcb83596,STANDARD
quantt-historical-market-data,wrds/tr_ibes/excsecd_xsepint.parquet,excsecd_xsepint.parquet,wrds/tr_ibes,,46329496,2026-06-27T22:05:37.478000+00:00,b61879712257d960e24d7e5e86c467af-6,STANDARD
quantt-historical-market-data,wrds/tr_ibes/excu_epsint.parquet,excu_epsint.parquet,wrds/tr_ibes,,68239300,2026-06-27T22:06:17.507000+00:00,eb00eb7f341fd221e95d818f8a3b5966-9,STANDARD
quantt-historical-market-data,wrds/tr_ibes/excu_epsus.parquet,excu_epsus.parquet,wrds/tr_ibes,,59027853,2026-06-27T22:06:39.790000+00:00,f10d5ba2095cc684a1123a03bdf82830-8,STANDARD
quantt-historical-market-data,wrds/tr_ibes/excu_xepsint.parquet,excu_xepsint.parquet,wrds/tr_ibes,,118747605,2026-06-27T22:07:18.662000+00:00,82265324840373bdd50c40888cabae97-15,STANDARD
quantt-historical-market-data,wrds/tr_ibes/excu_xepsus.parquet,excu_xepsus.parquet,wrds/tr_ibes,,65372807,2026-06-27T22:08:03.811000+00:00,e2f79e22befbbe3baf259b773393fd17-8,STANDARD
quantt-historical-market-data,wrds/tr_ibes/excusecd_sepint.parquet,excusecd_sepint.parquet,wrds/tr_ibes,,6756642,2026-06-27T22:08:10.398000+00:00,9f5f94179bcbcd17801823ecc3d30588,STANDARD
quantt-historical-market-data,wrds/tr_ibes/excusecd_xsepint.parquet,excusecd_xsepint.parquet,wrds/tr_ibes,,9653282,2026-06-27T22:08:17.634000+00:00,16a110c0ae0dcfd15955f35f71f3c68c-2,STANDARD
quantt-historical-market-data,wrds/tr_ibes/hdxrati.parquet,hdxrati.parquet,wrds/tr_ibes,,6971736,2026-06-27T22:08:24.599000+00:00,2752495b4afa2c474b0955769e9df017,STANDARD
quantt-historical-market-data,wrds/tr_ibes/hsxrat.parquet,hsxrat.parquet,wrds/tr_ibes,,238076,2026-06-26T20:17:21.170000+00:00,14e765ff9e228fd125d4279b909d377d,STANDARD
quantt-historical-market-data,wrds/tr_ibes/id.parquet,id.parquet,wrds/tr_ibes,,5710602,2026-06-29T10:32:08.698000+00:00,96e4e693a79528637c9a12ae4464a7ae,STANDARD
quantt-historical-market-data,wrds/tr_ibes/idsum.parquet,idsum.parquet,wrds/tr_ibes,,5893430,2026-06-27T22:08:37.823000+00:00,47a43951549c5c894111e02388345dc3,STANDARD
quantt-historical-market-data,wrds/tr_ibes/nact_epsint.parquet,nact_epsint.parquet,wrds/tr_ibes,,39709291,2026-06-27T22:08:57.554000+00:00,e4f6fbfd895c3a60fc3745001b8825e2-5,STANDARD
quantt-historical-market-data,wrds/tr_ibes/nact_epsus.parquet,nact_epsus.parquet,wrds/tr_ibes,,13628544,2026-06-27T22:09:07.605000+00:00,20eb8571d8e1a886889d6502aa6e6b03-2,STANDARD
quantt-historical-market-data,wrds/tr_ibes/nact_xepsint.parquet,nact_xepsint.parquet,wrds/tr_ibes,,243940141,2026-06-26T20:26:59.481000+00:00,b34a39548ecf8f067b4bb53ab0c8414f-30,STANDARD
quantt-historical-market-data,wrds/tr_ibes/nact_xepsus.parquet,nact_xepsus.parquet,wrds/tr_ibes,,78556436,2026-06-26T20:28:37.610000+00:00,c30ee4575fbffb9522bc94f3a77e44c1-10,STANDARD
quantt-historical-market-data,wrds/tr_ibes/nactg.parquet,nactg.parquet,wrds/tr_ibes,,1187814,2026-06-26T20:28:42.285000+00:00,d7daca051f3b0891a3462504b90c0c2d,STANDARD
quantt-historical-market-data,wrds/tr_ibes/nactgu.parquet,nactgu.parquet,wrds/tr_ibes,,564172,2026-06-26T20:28:47.048000+00:00,48d766d217b2c71c673b03d0268ce75d,STANDARD
quantt-historical-market-data,wrds/tr_ibes/nactpsum_epsint.parquet,nactpsum_epsint.parquet,wrds/tr_ibes,,74339199,2026-06-26T20:30:03.351000+00:00,00a62c386832d66d51dd43de4b6029d4-9,STANDARD
quantt-historical-market-data,wrds/tr_ibes/nactpsum_epsus.parquet,nactpsum_epsus.parquet,wrds/tr_ibes,,35914233,2026-06-26T20:30:55.243000+00:00,072ff730587fcda860c771b5ce0f0be7-5,STANDARD
quantt-historical-market-data,wrds/tr_ibes/nactpsum_xepsint.parquet,nactpsum_xepsint.parquet,wrds/tr_ibes,,339456344,2026-06-26T20:41:23.669000+00:00,8c12b61d7b15470255a37517b6ff2021-41,STANDARD
quantt-historical-market-data,wrds/tr_ibes/nactpsum_xepsus.parquet,nactpsum_xepsus.parquet,wrds/tr_ibes,,136230784,2026-06-26T20:46:07.859000+00:00,8a2770e7d7f95122e68abd2b161d7418-17,STANDARD
quantt-historical-market-data,wrds/tr_ibes/nactpsumu_epsint.parquet,nactpsumu_epsint.parquet,wrds/tr_ibes,,73094541,2026-06-26T20:47:41.267000+00:00,18480a5b8bbfbb9e5e4c8e7a67a252b5-9,STANDARD
quantt-historical-market-data,wrds/tr_ibes/nactpsumu_epsus.parquet,nactpsumu_epsus.parquet,wrds/tr_ibes,,35479408,2026-06-26T20:48:29.329000+00:00,94704f1a62b4fdbd1833ca26aafc188d-5,STANDARD
quantt-historical-market-data,wrds/tr_ibes/nactpsumu_xepsint.parquet,nactpsumu_xepsint.parquet,wrds/tr_ibes,,143641394,2026-06-26T20:52:36.534000+00:00,70d06ddd7407038fb8095b2cc5f7a86a-18,STANDARD
quantt-historical-market-data,wrds/tr_ibes/nactpsumu_xepsus.parquet,nactpsumu_xepsus.parquet,wrds/tr_ibes,,50667294,2026-06-26T20:53:25.386000+00:00,5108202976bc816bb4a1c55ab1e7ac59-7,STANDARD
quantt-historical-market-data,wrds/tr_ibes/nactu_epsint.parquet,nactu_epsint.parquet,wrds/tr_ibes,,38397796,2026-06-26T20:54:00.666000+00:00,e9493405f5596436d722da7b43101988-5,STANDARD
quantt-historical-market-data,wrds/tr_ibes/nactu_epsus.parquet,nactu_epsus.parquet,wrds/tr_ibes,,13431655,2026-06-26T20:54:18.889000+00:00,0d68b665ef1ab3ecc394f50eb90a10d2-2,STANDARD
quantt-historical-market-data,wrds/tr_ibes/nactu_xepsint.parquet,nactu_xepsint.parquet,wrds/tr_ibes,,120463560,2026-06-26T20:56:00.426000+00:00,eff7b84cc045d411de9dd4aa413e3591-15,STANDARD
quantt-historical-market-data,wrds/tr_ibes/nactu_xepsus.parquet,nactu_xepsus.parquet,wrds/tr_ibes,,33847070,2026-06-26T20:56:47.428000+00:00,4ccfd36f21e4dfb1d800fc0457ea2c45-5,STANDARD
quantt-historical-market-data,wrds/tr_ibes/ncurr.parquet,ncurr.parquet,wrds/tr_ibes,,1889896,2026-06-26T20:56:51.841000+00:00,a9616ca7143cdcafd8634ca7ea2723b3,STANDARD
quantt-historical-market-data,wrds/tr_ibes/ndet_epsint.parquet,ndet_epsint.parquet,wrds/tr_ibes,,590521613,2026-06-26T21:08:04.156000+00:00,c21d39bf7fd65e82a59d1a9f715c5669-71,STANDARD
quantt-historical-market-data,wrds/tr_ibes/ndet_epsus.parquet,ndet_epsus.parquet,wrds/tr_ibes,,598987920,2026-06-26T21:20:17.104000+00:00,d76f1efbf750c8c658e1f6c52e6686ce-72,STANDARD
quantt-historical-market-data,wrds/tr_ibes/ndet_xepsint.parquet,ndet_xepsint.parquet,wrds/tr_ibes,,4599355193,2026-06-26T22:09:26.799000+00:00,e5211faccfef7c8bfe3db3c4c4b04733-549,STANDARD
quantt-historical-market-data,wrds/tr_ibes/ndet_xepsus.parquet,ndet_xepsus.parquet,wrds/tr_ibes,,2594640797,2026-06-26T22:36:05.060000+00:00,5fb507d07e1e2f23559d13fe38f7cfed-310,STANDARD
quantt-historical-market-data,wrds/tr_ibes/ndetsecd_sepint.parquet,ndetsecd_sepint.parquet,wrds/tr_ibes,,53547751,2026-06-26T22:36:32.273000+00:00,60c615fb6306b1493e5a9d54aa0bf50f-7,STANDARD
quantt-historical-market-data,wrds/tr_ibes/ndetsecd_xsepint.parquet,ndetsecd_xsepint.parquet,wrds/tr_ibes,,231535376,2026-06-26T22:40:43.080000+00:00,759e7e8d3745fa05bdb451e243224d22-28,STANDARD
quantt-historical-market-data,wrds/tr_ibes/ndetu_epsint.parquet,ndetu_epsint.parquet,wrds/tr_ibes,,536647923,2026-06-26T22:48:21.385000+00:00,a06300f6cda149707e3e662cf5ad60f2-64,STANDARD
quantt-historical-market-data,wrds/tr_ibes/ndetu_epsus.parquet,ndetu_epsus.parquet,wrds/tr_ibes,,569699010,2026-06-26T22:53:31.243000+00:00,5c3a70b5fff6beb57099d1a884206adb-68,STANDARD
quantt-historical-market-data,wrds/tr_ibes/ndetu_xepsint.parquet,ndetu_xepsint.parquet,wrds/tr_ibes,,963954942,2026-06-26T23:01:03.075000+00:00,5c2dce081a5aaca73920c9775752957e-115,STANDARD
quantt-historical-market-data,wrds/tr_ibes/ndetu_xepsus.parquet,ndetu_xepsus.parquet,wrds/tr_ibes,,475764152,2026-06-26T23:05:55.837000+00:00,51990d8b153611f5a11359510a6cfd33-57,STANDARD
quantt-historical-market-data,wrds/tr_ibes/ndetusecd_sepint.parquet,ndetusecd_sepint.parquet,wrds/tr_ibes,,51948413,2026-06-26T23:06:27.154000+00:00,2319206711b4f03c3017e309f01fb190-7,STANDARD
quantt-historical-market-data,wrds/tr_ibes/ndetusecd_xsepint.parquet,ndetusecd_xsepint.parquet,wrds/tr_ibes,,51075722,2026-06-26T23:07:04.870000+00:00,304e18cc364252dabe1766b0517ac69e-7,STANDARD
quantt-historical-market-data,wrds/tr_ibes/newact.parquet,newact.parquet,wrds/tr_ibes,,1127317557,2026-06-26T23:39:40.488000+00:00,d80c860b955f9081925ee42294d981a0-135,STANDARD
quantt-historical-market-data,wrds/tr_ibes/newactu.parquet,newactu.parquet,wrds/tr_ibes,,499533555,2026-06-26T23:46:54.582000+00:00,2dad31e4f31bc255b001096212253368-60,STANDARD
quantt-historical-market-data,wrds/tr_ibes/newnact.parquet,newnact.parquet,wrds/tr_ibes,,1333465966,2026-06-27T00:09:52.182000+00:00,be27f839788c8fc273513db2c723b6d5-159,STANDARD
quantt-historical-market-data,wrds/tr_ibes/newnactu.parquet,newnactu.parquet,wrds/tr_ibes,,670802297,2026-06-27T00:18:01.845000+00:00,af9063d851eab7568ffcf6efd9fc3d5c-80,STANDARD
quantt-historical-market-data,wrds/tr_ibes/nexc_epsint.parquet,nexc_epsint.parquet,wrds/tr_ibes,,72127392,2026-06-27T00:18:52.607000+00:00,391ffc8ea95cb4dcf94043c5284ee61d-9,STANDARD
quantt-historical-market-data,wrds/tr_ibes/nexc_epsus.parquet,nexc_epsus.parquet,wrds/tr_ibes,,59464813,2026-06-27T00:19:31.631000+00:00,26531e2f4e965fb946622234b5e33cbd-8,STANDARD
quantt-historical-market-data,wrds/tr_ibes/nexc_xepsint.parquet,nexc_xepsint.parquet,wrds/tr_ibes,,479644396,2026-06-27T00:24:52.076000+00:00,9c73ce046a9877567c59e610a70a4aa7-58,STANDARD
quantt-historical-market-data,wrds/tr_ibes/nexc_xepsus.parquet,nexc_xepsus.parquet,wrds/tr_ibes,,318220456,2026-06-27T00:28:48.279000+00:00,e2f4f0fdae26e7fb33e2087ca84396e4-38,STANDARD
quantt-historical-market-data,wrds/tr_ibes/nexcsecd_sepint.parquet,nexcsecd_sepint.parquet,wrds/tr_ibes,,7161146,2026-06-27T00:28:57.285000+00:00,0c961791498eaa411169b26d816e6d2e,STANDARD
quantt-historical-market-data,wrds/tr_ibes/nexcsecd_xsepint.parquet,nexcsecd_xsepint.parquet,wrds/tr_ibes,,41597595,2026-06-27T00:29:19.933000+00:00,ebfebcbac26ea12aef142bf8e51e6c1d-5,STANDARD
quantt-historical-market-data,wrds/tr_ibes/nexcu_epsint.parquet,nexcu_epsint.parquet,wrds/tr_ibes,,68436857,2026-06-27T00:29:56.601000+00:00,6c016331d6e79d557bc1afa2c53fcf99-9,STANDARD
quantt-historical-market-data,wrds/tr_ibes/nexcu_epsus.parquet,nexcu_epsus.parquet,wrds/tr_ibes,,59087831,2026-06-27T00:30:26.705000+00:00,2acd95a21e97befdffe375cc3b5c41db-8,STANDARD
quantt-historical-market-data,wrds/tr_ibes/nexcu_xepsint.parquet,nexcu_xepsint.parquet,wrds/tr_ibes,,118852790,2026-06-27T00:31:38.923000+00:00,34ad4f2203cf42c95d0d4d677b3cf391-15,STANDARD
quantt-historical-market-data,wrds/tr_ibes/nexcu_xepsus.parquet,nexcu_xepsus.parquet,wrds/tr_ibes,,65487176,2026-06-27T00:32:20.674000+00:00,7d294d166d8fb452c5f727a17eba86ce-8,STANDARD
quantt-historical-market-data,wrds/tr_ibes/nexcusecd_sepint.parquet,nexcusecd_sepint.parquet,wrds/tr_ibes,,6756665,2026-06-27T00:32:28.199000+00:00,735223cb0633878aa7107af2cbc66522,STANDARD
quantt-historical-market-data,wrds/tr_ibes/nexcusecd_xsepint.parquet,nexcusecd_xsepint.parquet,wrds/tr_ibes,,9653783,2026-06-27T00:32:37.370000+00:00,7eb874877070dcbff8ffc35e43a8cfce-2,STANDARD
quantt-historical-market-data,wrds/tr_ibes/nptgdet.parquet,nptgdet.parquet,wrds/tr_ibes,,120487035,2026-06-27T00:34:08.030000+00:00,14595b52d78706a9fc40c5c725e98f52-15,STANDARD
quantt-historical-market-data,wrds/tr_ibes/nptgdetu.parquet,nptgdetu.parquet,wrds/tr_ibes,,118803695,2026-06-27T00:35:17.205000+00:00,2f91924deeb22bd8981793b085a317ad-15,STANDARD
quantt-historical-market-data,wrds/tr_ibes/nptgsum.parquet,nptgsum.parquet,wrds/tr_ibes,,59265630,2026-06-27T00:36:12.027000+00:00,743db95eac3dcbe53df65dd69e89a1ab-8,STANDARD
quantt-historical-market-data,wrds/tr_ibes/nptgsumu.parquet,nptgsumu.parquet,wrds/tr_ibes,,56436236,2026-06-27T00:37:16.013000+00:00,b79bfcaf8e4dc0b4bbb8f26df7ee86c1-7,STANDARD
quantt-historical-market-data,wrds/tr_ibes/nract_epsint.parquet,nract_epsint.parquet,wrds/tr_ibes,,49746,2026-06-27T00:37:20.259000+00:00,f86c87064d210e47de568d4436fca0cc,STANDARD
quantt-historical-market-data,wrds/tr_ibes/nract_epsus.parquet,nract_epsus.parquet,wrds/tr_ibes,,229050,2026-06-27T00:37:24.822000+00:00,bf95f508fa0c6d5404f8bce12483295b,STANDARD
quantt-historical-market-data,wrds/tr_ibes/nract_xepsint.parquet,nract_xepsint.parquet,wrds/tr_ibes,,144577,2026-06-27T00:37:29.131000+00:00,e8b83381a25d8b1baed89a14be5eb9d3,STANDARD
quantt-historical-market-data,wrds/tr_ibes/nract_xepsus.parquet,nract_xepsus.parquet,wrds/tr_ibes,,225441,2026-06-27T00:37:33.341000+00:00,c7cc3588220e6cffbf1fd68c25d20bf4,STANDARD
quantt-historical-market-data,wrds/tr_ibes/nractu_epsint.parquet,nractu_epsint.parquet,wrds/tr_ibes,,49824,2026-06-27T00:37:37.924000+00:00,3f0cd706c3e895350b6345148bf7b114,STANDARD
quantt-historical-market-data,wrds/tr_ibes/nractu_epsus.parquet,nractu_epsus.parquet,wrds/tr_ibes,,228314,2026-06-27T00:37:42.175000+00:00,cfc45592592276eec4d1e2153475625b,STANDARD
quantt-historical-market-data,wrds/tr_ibes/nractu_xepsint.parquet,nractu_xepsint.parquet,wrds/tr_ibes,,46063,2026-06-27T00:37:46.329000+00:00,c4e1c6df6e3b1c86c939774e763ed06a,STANDARD
quantt-historical-market-data,wrds/tr_ibes/nractu_xepsus.parquet,nractu_xepsus.parquet,wrds/tr_ibes,,69657,2026-06-27T00:37:50.746000+00:00,017ad9ca1d17116ab1bcd782752e1b49,STANDARD
quantt-historical-market-data,wrds/tr_ibes/nsecdssum.parquet,nsecdssum.parquet,wrds/tr_ibes,,12642646,2026-06-27T00:38:02.806000+00:00,b3e11a459e074f863297aeef24e77530-2,STANDARD
quantt-historical-market-data,wrds/tr_ibes/nsecdssumu.parquet,nsecdssumu.parquet,wrds/tr_ibes,,5575677,2026-06-27T00:38:10.710000+00:00,391cddc530bd43e4ba5728374af99497,STANDARD
quantt-historical-market-data,wrds/tr_ibes/nstatsum_epsint.parquet,nstatsum_epsint.parquet,wrds/tr_ibes,,267204023,2026-06-27T00:42:00.965000+00:00,ba805d21250ced866fc4ca3eec6215a8-32,STANDARD
quantt-historical-market-data,wrds/tr_ibes/nstatsum_epsus.parquet,nstatsum_epsus.parquet,wrds/tr_ibes,,162837305,2026-06-27T00:46:11.983000+00:00,bd08568702f23ff9f611e030ea455ff7-20,STANDARD
quantt-historical-market-data,wrds/tr_ibes/nstatsum_xepsint.parquet,nstatsum_xepsint.parquet,wrds/tr_ibes,,2473082471,2026-06-27T01:31:39.925000+00:00,40d9a713c7bd067e17ebc8b7c819f041-295,STANDARD
quantt-historical-market-data,wrds/tr_ibes/nstatsum_xepsus.parquet,nstatsum_xepsus.parquet,wrds/tr_ibes,,1204329404,2026-06-27T01:52:04.441000+00:00,b42b8a2cd2ecbcb64f5cdefaea2527e0-144,STANDARD
quantt-historical-market-data,wrds/tr_ibes/nstatsumu_epsint.parquet,nstatsumu_epsint.parquet,wrds/tr_ibes,,235109753,2026-06-27T01:55:46.790000+00:00,bde3b4c71a9e109384baf97e5ee3a307-29,STANDARD
quantt-historical-market-data,wrds/tr_ibes/nstatsumu_epsus.parquet,nstatsumu_epsus.parquet,wrds/tr_ibes,,141750233,2026-06-27T01:59:31.717000+00:00,2363bd1eef4e73cfdfd335ae551b5d73-17,STANDARD
quantt-historical-market-data,wrds/tr_ibes/nstatsumu_xepsint.parquet,nstatsumu_xepsint.parquet,wrds/tr_ibes,,509386841,2026-06-27T02:11:00.087000+00:00,a9d851e38d489b689d59d94a27cc512d-61,STANDARD
quantt-historical-market-data,wrds/tr_ibes/nstatsumu_xepsus.parquet,nstatsumu_xepsus.parquet,wrds/tr_ibes,,201634691,2026-06-27T02:15:23.338000+00:00,09833d1159becb862095af417be9d343-25,STANDARD
quantt-historical-market-data,wrds/tr_ibes/nsurpsum.parquet,nsurpsum.parquet,wrds/tr_ibes,,265499932,2026-06-27T02:17:22.735000+00:00,8ed9c663add988e680932f026e492ccb-32,STANDARD
quantt-historical-market-data,wrds/tr_ibes/nsurpsumu.parquet,nsurpsumu.parquet,wrds/tr_ibes,,77559492,2026-06-27T02:18:14.082000+00:00,2568415a7db3f17db5882fd79bc3d9af-10,STANDARD
quantt-historical-market-data,wrds/tr_ibes/pansum.parquet,pansum.parquet,wrds/tr_ibes,,46667315,2026-06-27T02:18:34.199000+00:00,75f5261459961feee7e13cd2df32e415-6,STANDARD
quantt-historical-market-data,wrds/tr_ibes/ptgdet.parquet,ptgdet.parquet,wrds/tr_ibes,,120348420,2026-06-27T02:19:33.610000+00:00,e922e363097f482855e6fec4dfb8f47b-15,STANDARD
quantt-historical-market-data,wrds/tr_ibes/ptgdetu.parquet,ptgdetu.parquet,wrds/tr_ibes,,118625744,2026-06-27T02:20:44.379000+00:00,0900f206082f7d52498c175489342316-15,STANDARD
quantt-historical-market-data,wrds/tr_ibes/ptgsum.parquet,ptgsum.parquet,wrds/tr_ibes,,58214529,2026-06-27T02:21:20.021000+00:00,a6120ffc07fdd48a57052c37b9e80244-7,STANDARD
quantt-historical-market-data,wrds/tr_ibes/ptgsumu.parquet,ptgsumu.parquet,wrds/tr_ibes,,55990698,2026-06-27T02:22:13.885000+00:00,c41288f8e6d6b26db8edaaf826b1a164-7,STANDARD
quantt-historical-market-data,wrds/tr_ibes/ract_epsint.parquet,ract_epsint.parquet,wrds/tr_ibes,,49814,2026-06-27T02:22:18.292000+00:00,5efa4456f06553d5818bf05af14c6eb1,STANDARD
quantt-historical-market-data,wrds/tr_ibes/ract_epsus.parquet,ract_epsus.parquet,wrds/tr_ibes,,229001,2026-06-27T02:22:23.012000+00:00,172197b8cb76ecf04632a6844865b218,STANDARD
quantt-historical-market-data,wrds/tr_ibes/ract_xepsint.parquet,ract_xepsint.parquet,wrds/tr_ibes,,150049,2026-06-27T02:22:27.322000+00:00,91af887534b26b8fea78442648162a63,STANDARD
quantt-historical-market-data,wrds/tr_ibes/ract_xepsus.parquet,ract_xepsus.parquet,wrds/tr_ibes,,238957,2026-06-27T02:22:31.927000+00:00,c852bcc8df40513d909eceb4b16df438,STANDARD
quantt-historical-market-data,wrds/tr_ibes/ractu_epsint.parquet,ractu_epsint.parquet,wrds/tr_ibes,,49916,2026-06-27T02:22:36.408000+00:00,eb9eadf0708dc2dedf6711a087f06e45,STANDARD
quantt-historical-market-data,wrds/tr_ibes/ractu_epsus.parquet,ractu_epsus.parquet,wrds/tr_ibes,,228260,2026-06-27T02:22:40.871000+00:00,17a6ba25e9c7bb8713c793627e2052f4,STANDARD
quantt-historical-market-data,wrds/tr_ibes/ractu_xepsint.parquet,ractu_xepsint.parquet,wrds/tr_ibes,,46061,2026-06-27T02:22:45.248000+00:00,3bc02162fe8a9794710a6aa27eed2156,STANDARD
quantt-historical-market-data,wrds/tr_ibes/ractu_xepsus.parquet,ractu_xepsus.parquet,wrds/tr_ibes,,69598,2026-06-27T02:22:49.597000+00:00,cac6766c09596124d2bcbe2a00c65298,STANDARD
quantt-historical-market-data,wrds/tr_ibes/recddet.parquet,recddet.parquet,wrds/tr_ibes,,78370371,2026-06-27T02:23:31.750000+00:00,ef24db998ce35b9417778bd12ffd6155-10,STANDARD
quantt-historical-market-data,wrds/tr_ibes/recdid.parquet,recdid.parquet,wrds/tr_ibes,,9002115,2026-06-27T02:23:39.242000+00:00,595430d11ce6720f619851d61af38955-2,STANDARD
quantt-historical-market-data,wrds/tr_ibes/recdidsum.parquet,recdidsum.parquet,wrds/tr_ibes,,7770303,2026-06-27T02:23:46.423000+00:00,b75d9bf0e39831d49fdf60df803849bc,STANDARD
quantt-historical-market-data,wrds/tr_ibes/recdstp.parquet,recdstp.parquet,wrds/tr_ibes,,11801612,2026-06-27T02:23:58.712000+00:00,f720f538b843efde1d0c387ab7461637-2,STANDARD
quantt-historical-market-data,wrds/tr_ibes/recdsum.parquet,recdsum.parquet,wrds/tr_ibes,,30229723,2026-06-27T02:25:07.686000+00:00,f5989ae50d3e483c7acc3f33c01abc75-4,STANDARD
quantt-historical-market-data,wrds/tr_ibes/secdrevm.parquet,secdrevm.parquet,wrds/tr_ibes,,434311008,2026-06-27T02:56:42.334000+00:00,f10abe51086e4dd1f821c86883425c7d-52,STANDARD
quantt-historical-market-data,wrds/tr_ibes/secdssum.parquet,secdssum.parquet,wrds/tr_ibes,,13061050,2026-06-27T02:56:56.451000+00:00,134d44868b3d61a267f7e264953efe9e-2,STANDARD
quantt-historical-market-data,wrds/tr_ibes/secdssumu.parquet,secdssumu.parquet,wrds/tr_ibes,,5591083,2026-06-27T02:57:06.274000+00:00,82da5c3d3b7bc44f89e4c52341002642,STANDARD
quantt-historical-market-data,wrds/tr_ibes/statsum_epsint.parquet,statsum_epsint.parquet,wrds/tr_ibes,,269148629,2026-06-27T03:01:02.369000+00:00,46a4d774d044225a57a83bb8d63ba843-33,STANDARD
quantt-historical-market-data,wrds/tr_ibes/statsum_epsus.parquet,statsum_epsus.parquet,wrds/tr_ibes,,162471431,2026-06-27T03:06:02.332000+00:00,89bfbee61cd265ed8ad20a23fc87b596-20,STANDARD
quantt-historical-market-data,wrds/tr_ibes/statsum_xepsint.parquet,statsum_xepsint.parquet,wrds/tr_ibes,,2742021151,2026-06-27T03:51:59.774000+00:00,c62bca3a95df74108baa1573e2448f67-327,STANDARD
quantt-historical-market-data,wrds/tr_ibes/statsum_xepsus.parquet,statsum_xepsus.parquet,wrds/tr_ibes,,1334031889,2026-06-27T04:04:30.242000+00:00,c7779fd8772786d2faed4681753f747a-160,STANDARD
quantt-historical-market-data,wrds/tr_ibes/statsumu_epsint.parquet,statsumu_epsint.parquet,wrds/tr_ibes,,235923850,2026-06-27T04:07:09.198000+00:00,dd51ed3a093a6b5880f0ae59dfb928dc-29,STANDARD
quantt-historical-market-data,wrds/tr_ibes/statsumu_epsus.parquet,statsumu_epsus.parquet,wrds/tr_ibes,,141648572,2026-06-27T04:09:01.996000+00:00,18427dae266ec17871656388ee428b31-17,STANDARD
quantt-historical-market-data,wrds/tr_ibes/statsumu_xepsint.parquet,statsumu_xepsint.parquet,wrds/tr_ibes,,511278885,2026-06-27T04:15:45.590000+00:00,f84b750db6c1066d80f4be82ab9babd4-61,STANDARD
quantt-historical-market-data,wrds/tr_ibes/statsumu_xepsus.parquet,statsumu_xepsus.parquet,wrds/tr_ibes,,201340821,2026-06-27T04:19:06.817000+00:00,3f166fdeefc05ef606a48343480be42b-25,STANDARD
quantt-historical-market-data,wrds/tr_ibes/stop_epsint.parquet,stop_epsint.parquet,wrds/tr_ibes,,19410890,2026-06-27T04:19:29.073000+00:00,b7e2efa6320f3d2887b8fe52db4a4f39-3,STANDARD
quantt-historical-market-data,wrds/tr_ibes/stop_epsus.parquet,stop_epsus.parquet,wrds/tr_ibes,,16696809,2026-06-27T04:19:49.377000+00:00,aa8dbc2a659c2ba3164a6f1f5aa2946e-2,STANDARD
quantt-historical-market-data,wrds/tr_ibes/stop_xepsint.parquet,stop_xepsint.parquet,wrds/tr_ibes,,114972988,2026-06-27T04:21:16.602000+00:00,ac5c251ac7c40323bbed2d3d3102c03c-14,STANDARD
quantt-historical-market-data,wrds/tr_ibes/stop_xepsus.parquet,stop_xepsus.parquet,wrds/tr_ibes,,55466522,2026-06-27T04:22:23.813000+00:00,deaea1823b9d547062184853b36e9bc0-7,STANDARD
quantt-historical-market-data,wrds/tr_ibes/stopptg.parquet,stopptg.parquet,wrds/tr_ibes,,8349253,2026-06-27T04:22:31.770000+00:00,9bb7594d40db16ed1ce5d291b95741b3,STANDARD
quantt-historical-market-data,wrds/tr_ibes/stopsecd_sepint.parquet,stopsecd_sepint.parquet,wrds/tr_ibes,,2378214,2026-06-27T04:22:37.704000+00:00,f36bd69d98aaca3f5a59147c4a6861fa,STANDARD
quantt-historical-market-data,wrds/tr_ibes/stopsecd_xsepint.parquet,stopsecd_xsepint.parquet,wrds/tr_ibes,,9292590,2026-06-27T04:22:51.113000+00:00,f98440239fcf432be824420092fd2519-2,STANDARD
quantt-historical-market-data,wrds/tr_ibes/stopu_epsint.parquet,stopu_epsint.parquet,wrds/tr_ibes,,19410907,2026-06-27T04:23:05.825000+00:00,aac85b7b1d7f9ff7d8e0c45fcbd4cc92-3,STANDARD
quantt-historical-market-data,wrds/tr_ibes/stopu_epsus.parquet,stopu_epsus.parquet,wrds/tr_ibes,,16696830,2026-06-27T04:23:21.102000+00:00,b7488ff3d069014c7dc27f6e1c6510aa-2,STANDARD
quantt-historical-market-data,wrds/tr_ibes/stopu_xepsint.parquet,stopu_xepsint.parquet,wrds/tr_ibes,,37432012,2026-06-27T04:23:45.312000+00:00,54b307cf340b20636ede6ff224c3c2ae-5,STANDARD
quantt-historical-market-data,wrds/tr_ibes/stopu_xepsus.parquet,stopu_xepsus.parquet,wrds/tr_ibes,,15163089,2026-06-27T04:23:59.581000+00:00,5e2f2f3906d6e7fd001d6d728367425e-2,STANDARD
quantt-historical-market-data,wrds/tr_ibes/surpsum.parquet,surpsum.parquet,wrds/tr_ibes,,293064644,2026-06-27T04:24:49.763000+00:00,49e4357ed2123a597a964585e0b218cc-35,STANDARD
quantt-historical-market-data,wrds/tr_ibes/surpsumu.parquet,surpsumu.parquet,wrds/tr_ibes,,76882255,2026-06-27T04:25:15.513000+00:00,0cb7abc9edf05df85fe93512f0856d31-10,STANDARD
quantt-historical-market-data,wrds/tr_ibes/trbc.parquet,trbc.parquet,wrds/tr_ibes,,1242941,2026-06-29T10:32:13.802000+00:00,c1463d58e088ebc2b7e9f03ebd27aa9a,STANDARD
quantt-historical-market-data,wrds/tr_insiders/amend.parquet,amend.parquet,wrds/tr_insiders,,2456809,2026-06-28T00:58:03.352000+00:00,f053c7b4fe7882d25b116f095a1a7f34,STANDARD
quantt-historical-market-data,wrds/tr_insiders/avgreturns.parquet,avgreturns.parquet,wrds/tr_insiders,,5199686,2026-06-29T13:30:42.102000+00:00,82ff4efed85ade384ad5d7daba84a86b,STANDARD
quantt-historical-market-data,wrds/tr_insiders/company.parquet,company.parquet,wrds/tr_insiders,,1899480,2026-06-29T10:32:24.710000+00:00,81dc6b89faa27cba433d65eacf0fbaa9,STANDARD
quantt-historical-market-data,wrds/tr_insiders/form144.parquet,form144.parquet,wrds/tr_insiders,,90192075,2026-06-29T13:31:05.132000+00:00,e9d704c1abd3ec6cfb70c4fffa2f38a4-11,STANDARD
quantt-historical-market-data,wrds/tr_insiders/header.parquet,header.parquet,wrds/tr_insiders,,345837990,2026-06-29T13:32:22.747000+00:00,d9fa923c7c02fa4161cb646b6acf81a4-42,STANDARD
quantt-historical-market-data,wrds/tr_insiders/idfhist.parquet,idfhist.parquet,wrds/tr_insiders,,152003938,2026-06-29T13:33:47.815000+00:00,d75b33630efe651c8ec2bbb4ef9bead3-19,STANDARD
quantt-historical-market-data,wrds/tr_insiders/idfnames.parquet,idfnames.parquet,wrds/tr_insiders,,728891,2026-06-29T10:32:29.780000+00:00,5ec12242488ecb29be9c79a29c382591,STANDARD
quantt-historical-market-data,wrds/tr_insiders/rule10b5.parquet,rule10b5.parquet,wrds/tr_insiders,,30685943,2026-06-29T13:34:11.075000+00:00,df7b93550c627424c547b5e6ab5e9f68-4,STANDARD
quantt-historical-market-data,wrds/tr_insiders/table1.parquet,table1.parquet,wrds/tr_insiders,,765797413,2026-06-29T13:38:53.398000+00:00,fd35450878277d48636e4d60d84b15e3-92,STANDARD
quantt-historical-market-data,wrds/tr_insiders/table2.parquet,table2.parquet,wrds/tr_insiders,,445530608,2026-06-29T13:42:31.355000+00:00,85d301a88dcfb367625e3feb7ff95d27-54,STANDARD
quantt-historical-market-data,wrds/tr_mutualfunds/s12.parquet,s12.parquet,wrds/tr_mutualfunds,,4032961308,2026-07-03T03:04:14.423000+00:00,74a75a910bbb8bcb32499bbfda88f1ad-481,STANDARD
quantt-historical-market-data,wrds/tr_mutualfunds/s12names.parquet,s12names.parquet,wrds/tr_mutualfunds,,4536797,2026-07-03T03:04:22.338000+00:00,f3703f417058bbe66b7ccae19a345e72,STANDARD
quantt-historical-market-data,wrds/tr_mutualfunds/s12type1.parquet,s12type1.parquet,wrds/tr_mutualfunds,,75638188,2026-07-03T03:04:35.906000+00:00,6f208f5183331b557bc7abf572c0493a-10,STANDARD
quantt-historical-market-data,wrds/tr_mutualfunds/s12type2.parquet,s12type2.parquet,wrds/tr_mutualfunds,,86198187,2026-07-03T03:04:57.036000+00:00,4d952fca33e48eb98fbd0a16c356f466-11,STANDARD
quantt-historical-market-data,wrds/tr_mutualfunds/s12type3.parquet,s12type3.parquet,wrds/tr_mutualfunds,,1689056878,2026-07-03T03:13:18.531000+00:00,9ab6bc4649ea6bf4976293938b3fa312-202,STANDARD
quantt-historical-market-data,wrds/tr_mutualfunds/s12type4.parquet,s12type4.parquet,wrds/tr_mutualfunds,,1180582784,2026-07-03T03:17:37.119000+00:00,fa7fd3e11f6e009bc69ba9a64b5c3f35-141,STANDARD
quantt-historical-market-data,wrds/tr_mutualfunds/s12type5.parquet,s12type5.parquet,wrds/tr_mutualfunds,,4444664,2026-07-03T03:17:43.206000+00:00,8758760cc536ef28abeaf489e4297f4f,STANDARD
quantt-historical-market-data,wrds/tr_mutualfunds/s12type6.parquet,s12type6.parquet,wrds/tr_mutualfunds,,3687841,2026-07-03T03:17:49.494000+00:00,48e831c0d451e719fc75f3d2a1d01e51,STANDARD
quantt-historical-market-data,wrds/tr_mutualfunds/s12type7.parquet,s12type7.parquet,wrds/tr_mutualfunds,,727802,2026-07-02T14:02:01.468000+00:00,ee73f4b6ca3a1f155edd833e253c73f3,STANDARD
quantt-historical-market-data,wrds/tr_mutualfunds/s12type8.parquet,s12type8.parquet,wrds/tr_mutualfunds,,2091554,2026-07-02T14:04:00.715000+00:00,3a9a7ede74721ad9d9f4f0e6848385db,STANDARD
quantt-historical-market-data,wrds/tr_sdc_joint_ventures/sdc_joint_ventures.parquet,sdc_joint_ventures.parquet,wrds/tr_sdc_joint_ventures,,78675846,2026-07-02T14:04:32.850000+00:00,404f21f1cc75913e66e80b52974717b8-10,STANDARD
quantt-historical-market-data,wrds/tr_sdc_ma/wrds_ma_advisors.parquet,wrds_ma_advisors.parquet,wrds/tr_sdc_ma,,8570419,2026-07-01T20:40:16.632000+00:00,f6ed885d0d1fd9564d45f9dea6725dec-2,STANDARD
quantt-historical-market-data,wrds/tr_sdc_ma/wrds_ma_competition.parquet,wrds_ma_competition.parquet,wrds/tr_sdc_ma,,333770,2026-07-01T18:16:47.161000+00:00,47c8aae2ebe47b48748c7879e88d7bf4,STANDARD
quantt-historical-market-data,wrds/tr_sdc_ma/wrds_ma_details.parquet,wrds_ma_details.parquet,wrds/tr_sdc_ma,,639351041,2026-07-01T18:19:00.317000+00:00,df8165507dfa67377ae9dd6e756a9a9b-77,STANDARD
quantt-historical-market-data,wrds/tr_sdc_ma/wrds_ma_events.parquet,wrds_ma_events.parquet,wrds/tr_sdc_ma,,102495721,2026-07-01T18:19:24.793000+00:00,5b39966fcbcc0b5b9917e58cc0038ec1-13,STANDARD
quantt-historical-market-data,wrds/tr_sdc_ma/wrds_ma_purpose.parquet,wrds_ma_purpose.parquet,wrds/tr_sdc_ma,,2737247,2026-07-01T20:40:23.528000+00:00,66e9b91f5f983164cc9c2ab3634d9468,STANDARD
quantt-historical-market-data,wrds/tr_sdc_ma/wrds_ma_related.parquet,wrds_ma_related.parquet,wrds/tr_sdc_ma,,4100989,2026-07-01T20:40:29.699000+00:00,41d835494a17e22c3e61583e980d3872,STANDARD
quantt-historical-market-data,wrds/tr_sdc_ni/wrds_ni_details.parquet,wrds_ni_details.parquet,wrds/tr_sdc_ni,,218272581,2026-07-02T14:06:33.569000+00:00,e8d78bfb7a0fbff164126da5adc85902-27,STANDARD
quantt-historical-market-data,wrds/tr_sdc_ni/wrds_ni_events.parquet,wrds_ni_events.parquet,wrds/tr_sdc_ni,,23591925,2026-07-02T14:06:49.671000+00:00,4e5646d3aebe5f4b20c79f77be856e67-3,STANDARD
quantt-historical-market-data,wrds/tr_sdc_ni/wrds_ni_managers.parquet,wrds_ni_managers.parquet,wrds/tr_sdc_ni,,24544603,2026-07-02T14:07:12.913000+00:00,ce3fd79e0d86b6f545556bc69ae191bf-3,STANDARD
quantt-historical-market-data,wrds/tr_sdc_ni/wrds_ni_related.parquet,wrds_ni_related.parquet,wrds/tr_sdc_ni,,261399,2026-07-02T14:07:17.247000+00:00,383d2db706b61226b84b653d914fbec2,STANDARD
quantt-historical-market-data,wrds/tr_sdc_ni/wrds_ni_sharehlds.parquet,wrds_ni_sharehlds.parquet,wrds/tr_sdc_ni,,1186298,2026-07-02T14:07:21.493000+00:00,9b524aede9f7cc625c69a783e317311a,STANDARD
quantt-historical-market-data,wrds/tr_worldscope/wrds_ws_company.parquet,wrds_ws_company.parquet,wrds/tr_worldscope,,71090289,2026-06-29T10:27:54.393000+00:00,b59beedd781ab85c5b5d28e2b78aacfc,STANDARD
quantt-historical-market-data,wrds/tr_worldscope/wrds_ws_funda.parquet,wrds_ws_funda.parquet,wrds/tr_worldscope,,2751876033,2026-06-28T05:00:57.358000+00:00,348a5a3a2b674ce8aeed69ed755bb719-329,STANDARD
quantt-historical-market-data,wrds/tr_worldscope/wrds_ws_fundq.parquet,wrds_ws_fundq.parquet,wrds/tr_worldscope,,2673796451,2026-06-26T12:01:45.515000+00:00,00bb5f4df2096a27a27980b5c0e00bf1-319,STANDARD
quantt-historical-market-data,wrds/tr_worldscope/wrds_ws_ids.parquet,wrds_ws_ids.parquet,wrds/tr_worldscope,,6213025,2026-06-29T10:27:59.825000+00:00,57bb9c4f2bdae40fd63573d60566636d,STANDARD
quantt-historical-market-data,wrds/tr_worldscope/wrds_ws_pension.parquet,wrds_ws_pension.parquet,wrds/tr_worldscope,,18729759,2026-06-26T12:02:01.948000+00:00,074766b6876707436df69029e8f55404-3,STANDARD
quantt-historical-market-data,wrds/tr_worldscope/wrds_ws_segments.parquet,wrds_ws_segments.parquet,wrds/tr_worldscope,,187295158,2026-06-26T12:02:53.333000+00:00,41d2324ec9a07c4c6e62476e96826cdd-23,STANDARD
quantt-historical-market-data,wrds/tr_worldscope/wrds_ws_stock.parquet,wrds_ws_stock.parquet,wrds/tr_worldscope,,1317011299,2026-06-26T12:06:41.237000+00:00,39db96200ef7d0259e1be9f2fca35c68-157,STANDARD
quantt-historical-market-data,wrds/tr_worldscope/wrds_ws_stock_header.parquet,wrds_ws_stock_header.parquet,wrds/tr_worldscope,,24592223,2026-06-26T12:06:48.776000+00:00,c2fac8d1ef587ff0b296b9805c6745d8-3,STANDARD
quantt-historical-market-data,wrds/tr_worldscope/wscode.parquet,wscode.parquet,wrds/tr_worldscope,,66640,2026-06-26T12:06:53.044000+00:00,8a4730f3b30a180504b50e2a5fa40851,STANDARD
quantt-historical-market-data,wrds/tr_worldscope/wscurr.parquet,wscurr.parquet,wrds/tr_worldscope,,7429,2026-06-26T12:06:57.309000+00:00,30aaef1dc63b8e70ce1baa60a1d967af,STANDARD
quantt-historical-market-data,wrds/tr_worldscope/wsddata.parquet,wsddata.parquet,wrds/tr_worldscope,,105566546,2026-06-26T12:09:04.889000+00:00,63fdcf74a200c594307d7939acc73d54-13,STANDARD
quantt-historical-market-data,wrds/tr_worldscope/wsfnote.parquet,wsfnote.parquet,wrds/tr_worldscope,,164096649,2026-06-26T12:15:32.036000+00:00,782b398d5ba34b15bfdbf8c2446f938c-20,STANDARD
quantt-historical-market-data,wrds/tr_worldscope/wsftext.parquet,wsftext.parquet,wrds/tr_worldscope,,178251009,2026-06-26T12:18:59.258000+00:00,c8a4b887f28a53db8011092353dfbfc7-22,STANDARD
quantt-historical-market-data,wrds/tr_worldscope/wsfye.parquet,wsfye.parquet,wrds/tr_worldscope,,2503988,2026-06-26T12:19:05.858000+00:00,3cd969d0748296cb17556c218ff03ad9,STANDARD
quantt-historical-market-data,wrds/tr_worldscope/wsidata.parquet,wsidata.parquet,wrds/tr_worldscope,,41851600,2026-06-26T12:20:11.705000+00:00,56a49625f6425e7e33399d1eb63caff9-5,STANDARD
quantt-historical-market-data,wrds/tr_worldscope/wsinfo.parquet,wsinfo.parquet,wrds/tr_worldscope,,5839438,2026-06-26T12:20:16.913000+00:00,ab9dc9d6362bc95ada90f64d34970870,STANDARD
quantt-historical-market-data,wrds/tr_worldscope/wsitem.parquet,wsitem.parquet,wrds/tr_worldscope,,43262,2026-06-26T12:20:21.219000+00:00,713066b583108682c283c1759851cade,STANDARD
quantt-historical-market-data,wrds/tr_worldscope/wsldata.parquet,wsldata.parquet,wrds/tr_worldscope,,32873553,2026-06-26T12:20:43.109000+00:00,689d55a0bba1dc827e0a03555764246f-4,STANDARD
quantt-historical-market-data,wrds/tr_worldscope/wsmdata.parquet,wsmdata.parquet,wrds/tr_worldscope,,14833108,2026-06-26T12:20:50.513000+00:00,a793a7150ec80fc7b77a4d3f218e6fea-2,STANDARD
quantt-historical-market-data,wrds/tr_worldscope/wsndata.parquet,wsndata.parquet,wrds/tr_worldscope,,11023823226,2026-06-26T13:54:24.681000+00:00,c8736b648ba80faab9b7f22fac417d6c-1315,STANDARD
quantt-historical-market-data,wrds/tr_worldscope/wssdata.parquet,wssdata.parquet,wrds/tr_worldscope,,74287335,2026-06-26T13:56:22.307000+00:00,b99ec67bb1857bdd8a164c698da3024c-9,STANDARD
quantt-historical-market-data,wrds/tr_worldscope/wstext.parquet,wstext.parquet,wrds/tr_worldscope,,27320,2026-06-26T13:56:26.512000+00:00,8568d4ced203a9acdcf941520b7397b8,STANDARD
quantt-historical-market-data,wrds/tr_worldscope/wsxdata.parquet,wsxdata.parquet,wrds/tr_worldscope,,59211261,2026-06-26T13:56:44.252000+00:00,1f2f7579855562ab91a47670f9713689-8,STANDARD
quantt-historical-market-data,wrds/trace/trace_enhanced.parquet,trace_enhanced.parquet,wrds/trace,,10409024091,2026-07-01T17:03:16.693000+00:00,8f5ff162b6adb3f75f97cc4778b5de8c-1241,STANDARD
quantt-historical-market-data,wrds/trace_enhanced/absmasterfile.parquet,absmasterfile.parquet,wrds/trace_enhanced,,2863827,2026-07-01T19:50:09.425000+00:00,9096406dbdac7925285608a0e81abe85,STANDARD
quantt-historical-market-data,wrds/trace_enhanced/camasterfile.parquet,camasterfile.parquet,wrds/trace_enhanced,,43573355,2026-07-01T21:14:00.420000+00:00,d8ffe50a6dacf6ed1c43c9d8071b7858-6,STANDARD
quantt-historical-market-data,wrds/trace_enhanced/cmomasterfile.parquet,cmomasterfile.parquet,wrds/trace_enhanced,,41178128,2026-07-01T21:14:26.008000+00:00,cccd0e170323dbaae1c14d6276f76e40-5,STANDARD
quantt-historical-market-data,wrds/trace_enhanced/mbsmasterfile.parquet,mbsmasterfile.parquet,wrds/trace_enhanced,,251845624,2026-07-01T21:16:47.161000+00:00,2ea180c106235a7175d6848bab53c6c4-31,STANDARD
quantt-historical-market-data,wrds/trace_enhanced/tbamasterfile.parquet,tbamasterfile.parquet,wrds/trace_enhanced,,1028458,2026-07-01T19:56:38.274000+00:00,0443f2729684f2d5b71a603d3e0ce041,STANDARD
quantt-historical-market-data,wrds/trace_enhanced/trace_agency_enhanced.parquet,trace_agency_enhanced.parquet,wrds/trace_enhanced,,403245285,2026-07-01T21:19:52.405000+00:00,967850ea14c5fd1c0b047a46867184d5-49,STANDARD
quantt-historical-market-data,wrds/trace_enhanced/trace_btds144a_enhanced.parquet,trace_btds144a_enhanced.parquet,wrds/trace_enhanced,,812764316,2026-07-01T21:27:17.782000+00:00,3da6a2a74b6835f0eaf3cd5c2c3225da-97,STANDARD
quantt-historical-market-data,wrds/trace_enhanced/trace_enhanced.parquet,trace_enhanced.parquet,wrds/trace_enhanced,,10413793414,2026-07-01T23:04:01.107000+00:00,4f23f263b8dc0e76d3ca9f4062ea2e95-1242,STANDARD
quantt-historical-market-data,wrds/trace_enhanced/trace_spds144a_abs_enhanced.parquet,trace_spds144a_abs_enhanced.parquet,wrds/trace_enhanced,,13571825,2026-07-01T20:06:39.127000+00:00,374d2d78cb5958095d2e3205499c4d3f-2,STANDARD
quantt-historical-market-data,wrds/trace_enhanced/trace_spds144a_cmo_enhanced.parquet,trace_spds144a_cmo_enhanced.parquet,wrds/trace_enhanced,,18547732,2026-07-01T23:04:15.704000+00:00,da2f0c8044132ba792f7aaa610f24ae5-3,STANDARD
quantt-historical-market-data,wrds/trace_enhanced/trace_spds_abs_enhanced.parquet,trace_spds_abs_enhanced.parquet,wrds/trace_enhanced,,22653335,2026-07-01T20:08:56.295000+00:00,f6e432bff6798f67f577d7c7791ea00c-3,STANDARD
quantt-historical-market-data,wrds/trace_enhanced/trace_spds_cmo_enhanced.parquet,trace_spds_cmo_enhanced.parquet,wrds/trace_enhanced,,163694989,2026-07-01T23:06:03.970000+00:00,122617a76dafa8f2fb27191b0fd0969e-20,STANDARD
quantt-historical-market-data,wrds/trace_enhanced/trace_spds_mbs_enhanced.parquet,trace_spds_mbs_enhanced.parquet,wrds/trace_enhanced,,482005151,2026-07-01T23:09:59.312000+00:00,9512ffffed9468a58bcea6f09d4b0e0f-58,STANDARD
quantt-historical-market-data,wrds/trace_enhanced/trace_spds_tba_enhanced.parquet,trace_spds_tba_enhanced.parquet,wrds/trace_enhanced,,558802200,2026-07-01T23:18:20.695000+00:00,d598df77143a61a1a07d32d8ce23e629-67,STANDARD
quantt-historical-market-data,wrds/trace_standard/absmasterfile.parquet,absmasterfile.parquet,wrds/trace_standard,,2863827,2026-07-01T18:23:32.852000+00:00,9096406dbdac7925285608a0e81abe85,STANDARD
quantt-historical-market-data,wrds/trace_standard/camasterfile.parquet,camasterfile.parquet,wrds/trace_standard,,43573355,2026-07-01T18:24:21.970000+00:00,d8ffe50a6dacf6ed1c43c9d8071b7858-6,STANDARD
quantt-historical-market-data,wrds/trace_standard/cmomasterfile.parquet,cmomasterfile.parquet,wrds/trace_standard,,41178128,2026-07-01T20:41:04.560000+00:00,cccd0e170323dbaae1c14d6276f76e40-5,STANDARD
quantt-historical-market-data,wrds/trace_standard/mbsmasterfile.parquet,mbsmasterfile.parquet,wrds/trace_standard,,251845624,2026-07-01T23:21:58.198000+00:00,2ea180c106235a7175d6848bab53c6c4-31,STANDARD
quantt-historical-market-data,wrds/trace_standard/tbamasterfile.parquet,tbamasterfile.parquet,wrds/trace_standard,,1028458,2026-07-01T18:29:16.306000+00:00,0443f2729684f2d5b71a603d3e0ce041,STANDARD
quantt-historical-market-data,wrds/trace_standard/trace.parquet,trace.parquet,wrds/trace_standard,,7212057439,2026-07-02T00:45:34.778000+00:00,c41ae7aa4266a6333f88b5b2aa193aaf-860,STANDARD
quantt-historical-market-data,wrds/trace_standard/trace_agency.parquet,trace_agency.parquet,wrds/trace_standard,,328342781,2026-07-02T00:50:07.277000+00:00,601ca3e2ba17eb5bd259a065aa7a4fb9-40,STANDARD
quantt-historical-market-data,wrds/trace_standard/trace_btds144a.parquet,trace_btds144a.parquet,wrds/trace_standard,,489584477,2026-07-02T00:54:47.718000+00:00,c659666dd4b24cceff411ee53ac1bd31-59,STANDARD
quantt-historical-market-data,wrds/trace_standard/trace_spds144a_abs.parquet,trace_spds144a_abs.parquet,wrds/trace_standard,,8082463,2026-07-02T00:54:56.571000+00:00,88112024af6e42b307e2d2d2e50a2ef3,STANDARD
quantt-historical-market-data,wrds/trace_standard/trace_spds144a_cmo.parquet,trace_spds144a_cmo.parquet,wrds/trace_standard,,3776914,2026-07-02T00:55:02.861000+00:00,80159777f94d7f019281ee3be5fa04c0,STANDARD
quantt-historical-market-data,wrds/trace_standard/trace_spds_abs.parquet,trace_spds_abs.parquet,wrds/trace_standard,,11440692,2026-07-02T00:55:14.605000+00:00,3e411bd175427cbde6fc33fcff862bf6-2,STANDARD
quantt-historical-market-data,wrds/trace_standard/trace_spds_cmo.parquet,trace_spds_cmo.parquet,wrds/trace_standard,,32055285,2026-07-01T18:43:03.771000+00:00,5320f9c8cf6c640577ce6ae55dff0239-4,STANDARD
quantt-historical-market-data,wrds/trace_standard/trace_spds_mbs.parquet,trace_spds_mbs.parquet,wrds/trace_standard,,222932517,2026-07-02T00:57:35.770000+00:00,d691ce7e82c02163ddb0f843d954c258-27,STANDARD
quantt-historical-market-data,wrds/trace_standard/trace_spds_tba.parquet,trace_spds_tba.parquet,wrds/trace_standard,,265915553,2026-07-02T01:02:24.203000+00:00,337192d27f4e9c1b580d4566ac3ddb0e-32,STANDARD
quantt-historical-market-data,wrds/trace_standard/trade_summary.parquet,trade_summary.parquet,wrds/trace_standard,,980355569,2026-07-02T14:12:05.818000+00:00,a63aebfd310770b0b16a90061a096d51-117,STANDARD
quantt-historical-market-data,wrds/trace_standard/trade_summary_agency.parquet,trade_summary_agency.parquet,wrds/trace_standard,,74048921,2026-07-02T01:09:14.109000+00:00,b0d1b81ea2afa7d193962cedcb840225-9,STANDARD
quantt-historical-market-data,wrds/trace_standard/trade_summary_btds144a.parquet,trade_summary_btds144a.parquet,wrds/trace_standard,,166712405,2026-07-02T01:09:49.272000+00:00,7fe13f360571c752864b4af14185f8a6-20,STANDARD
quantt-historical-market-data,wrds/trace_standard/trade_summary_spds144a_abs.parquet,trade_summary_spds144a_abs.parquet,wrds/trace_standard,,2795770,2026-07-02T01:09:56.196000+00:00,4b4809713cc1643fb00c99ffcc92db07,STANDARD
quantt-historical-market-data,wrds/trace_standard/trade_summary_spds144a_cmo.parquet,trade_summary_spds144a_cmo.parquet,wrds/trace_standard,,1310265,2026-07-01T20:03:55.960000+00:00,95825ceeb35cc87f8287017291217851,STANDARD
quantt-historical-market-data,wrds/trace_standard/trade_summary_spds_abs.parquet,trade_summary_spds_abs.parquet,wrds/trace_standard,,3142996,2026-07-01T20:04:03.462000+00:00,ce9ff9d595d1f2df68cdfd7bf0f7d946,STANDARD
quantt-historical-market-data,wrds/trace_standard/trade_summary_spds_cmo.parquet,trade_summary_spds_cmo.parquet,wrds/trace_standard,,9787527,2026-07-01T20:04:15.696000+00:00,5f9148c898a7623ce1a5239a1384c2df-2,STANDARD
quantt-historical-market-data,wrds/trace_standard/trade_summary_spds_mbs.parquet,trade_summary_spds_mbs.parquet,wrds/trace_standard,,49573905,2026-07-02T01:10:18.852000+00:00,8396d0504d76e52c0a52b1e21b98894d-6,STANDARD
quantt-historical-market-data,wrds/trace_standard/trade_summary_spds_tba.parquet,trade_summary_spds_tba.parquet,wrds/trace_standard,,2489195,2026-07-02T01:10:24.961000+00:00,fb1af3676b48c6b858b0d2c6642e4e58,STANDARD
quantt-historical-market-data,wrds/wrdsapps_eushort/eushort.parquet,eushort.parquet,wrds/wrdsapps_eushort,,2001055,2026-07-02T14:12:13.151000+00:00,0c84f6354cb3bd2e64ceac98424255a1,STANDARD
quantt-historical-market-data,wrds/wrdsapps_evtstudy_int/intl_market_values.parquet,intl_market_values.parquet,wrds/wrdsapps_evtstudy_int,,8375235,2026-07-02T14:12:18.222000+00:00,6ef3a6803ae2de9b449c3539d1dd9e25,STANDARD
quantt-historical-market-data,wrds/wrdsapps_evtstudy_int/intl_security_returns.parquet,intl_security_returns.parquet,wrds/wrdsapps_evtstudy_int,,1417559849,2026-07-02T14:17:22.262000+00:00,c0f20b0f08c81ebd32cd2cc9cc461a4e-169,STANDARD
quantt-historical-market-data,wrds/wrdsapps_evtstudy_lr/_eq_2_bm_.parquet,_eq_2_bm_.parquet,wrds/wrdsapps_evtstudy_lr,,745031,2026-07-02T14:17:27.305000+00:00,5190f274ef893ea2f97c05aa98306d2f,STANDARD
quantt-historical-market-data,wrds/wrdsapps_evtstudy_lr/crspm.parquet,crspm.parquet,wrds/wrdsapps_evtstudy_lr,,68062653,2026-07-02T14:17:55.296000+00:00,4601cf04d318c6a93fba32954716d9df-9,STANDARD
quantt-historical-market-data,wrds/wrdsapps_evtstudy_us/usa_market_values.parquet,usa_market_values.parquet,wrds/wrdsapps_evtstudy_us,,1098858,2026-07-02T14:17:59.706000+00:00,fb26b130c9e4ba414b25f16d12ada569,STANDARD
quantt-historical-market-data,wrds/wrdsapps_evtstudy_us/usa_security_returns.parquet,usa_security_returns.parquet,wrds/wrdsapps_evtstudy_us,,737352933,2026-07-02T14:26:15.265000+00:00,06c7b1253ad73cdd4ae138be84610bd0-88,STANDARD
quantt-historical-market-data,wrds/wrdsapps_finratio/firm_ratio.parquet,firm_ratio.parquet,wrds/wrdsapps_finratio,,762779247,2026-06-29T10:31:52.543000+00:00,e118e097e70473cd84e1d84cb5803980,STANDARD
quantt-historical-market-data,wrds/wrdsapps_finratio/id.parquet,id.parquet,wrds/wrdsapps_finratio,,787272,2026-06-26T13:59:01.786000+00:00,1362452d87bf163eee071b408906eb0b,STANDARD
quantt-historical-market-data,wrds/wrdsapps_finratio_ccm/firm_ratio_ccm.parquet,firm_ratio_ccm.parquet,wrds/wrdsapps_finratio_ccm,,851322749,2026-07-02T14:28:40.252000+00:00,a1b95f183d3721891c2d42c28e09f260-102,STANDARD
quantt-historical-market-data,wrds/wrdsapps_finratio_ccm/id_ccm.parquet,id_ccm.parquet,wrds/wrdsapps_finratio_ccm,,851272,2026-07-02T14:28:44.726000+00:00,82f1aa6e7a3b80661ec08f5b513121f3,STANDARD
quantt-historical-market-data,wrds/wrdsapps_finratio_ibes/firm_ratio_ibes.parquet,firm_ratio_ibes.parquet,wrds/wrdsapps_finratio_ibes,,786749963,2026-06-29T10:38:02.876000+00:00,d4304461b1db9542305939798a88685a,STANDARD
quantt-historical-market-data,wrds/wrdsapps_finratio_ibes/id_ibes.parquet,id_ibes.parquet,wrds/wrdsapps_finratio_ibes,,789562,2026-06-29T10:31:57.248000+00:00,8229a9e17bad3d4f68da7318e792a52b,STANDARD
quantt-historical-market-data,wrds/wrdsapps_finratio_ibes_ccm/firm_ratio_ibes_ccm.parquet,firm_ratio_ibes_ccm.parquet,wrds/wrdsapps_finratio_ibes_ccm,,877700950,2026-07-02T14:31:47.009000+00:00,b25b15ed2b5d7ac47e8f23a04567aec4-105,STANDARD
quantt-historical-market-data,wrds/wrdsapps_finratio_ibes_ccm/id_ibes_ccm.parquet,id_ibes_ccm.parquet,wrds/wrdsapps_finratio_ibes_ccm,,851272,2026-07-02T14:31:51.553000+00:00,82f1aa6e7a3b80661ec08f5b513121f3,STANDARD
quantt-historical-market-data,wrds/wrdsapps_link_comp_eushort/compeushortlink.parquet,compeushortlink.parquet,wrds/wrdsapps_link_comp_eushort,,148424,2026-07-02T14:31:55.830000+00:00,c766d95ba5c3c1b5f12a3b31ba0faf5a,STANDARD
quantt-historical-market-data,wrds/wrdsapps_link_crsp_bond/bondcrsp_link.parquet,bondcrsp_link.parquet,wrds/wrdsapps_link_crsp_bond,,4632653,2026-07-02T14:32:02.019000+00:00,cc3a4f8a1f0653e3f6c3988ad25fcda4,STANDARD
quantt-historical-market-data,wrds/wrdsapps_link_crsp_factset/fscrsplink.parquet,fscrsplink.parquet,wrds/wrdsapps_link_crsp_factset,,13275449,2026-07-02T14:32:10.633000+00:00,2df09dafe8b342f02aaf54ef47f956f0-2,STANDARD
quantt-historical-market-data,wrds/wrdsapps_link_crsp_ibes/ibcrsphist.parquet,ibcrsphist.parquet,wrds/wrdsapps_link_crsp_ibes,,772144,2026-06-29T10:32:01.975000+00:00,0af3d4e186106aa98812b6f124dbab95,STANDARD
quantt-historical-market-data,wrds/wrdsapps_link_crsp_taq/tclink.parquet,tclink.parquet,wrds/wrdsapps_link_crsp_taq,,27709163,2026-07-02T14:32:27.227000+00:00,d6f9e06b2b646e24a693e6af7e9ae192-4,STANDARD
quantt-historical-market-data,wrds/wrdsapps_link_datastream_wscope/ds2ws_linktable.parquet,ds2ws_linktable.parquet,wrds/wrdsapps_link_datastream_wscope,,2636636,2026-07-02T14:32:32.053000+00:00,f5ad93af523cbc38aed8186d81cbb751,STANDARD
quantt-historical-market-data,wrds/wrdsapps_patents/uspatents_citations.parquet,uspatents_citations.parquet,wrds/wrdsapps_patents,,473936315,2026-07-01T20:18:25.208000+00:00,39db20aa5c1f81dd62bf027522604824-57,STANDARD
quantt-historical-market-data,wrds/wrdsapps_patents/uspatents_gvkey_linking.parquet,uspatents_gvkey_linking.parquet,wrds/wrdsapps_patents,,13231582,2026-07-01T20:18:35.692000+00:00,1cc0c44a0c6a2e2a5ce22e3b2703e043-2,STANDARD
quantt-historical-market-data,wrds/wrdsapps_patents/uspatents_meta.parquet,uspatents_meta.parquet,wrds/wrdsapps_patents,,93838537,2026-07-01T20:19:01.139000+00:00,593f61d1e66d54c49eaede2b24c8e75f-12,STANDARD
quantt-historical-market-data,wrds/wrdsapps_plink_exec_trinsider/exec_trinsider.parquet,exec_trinsider.parquet,wrds/wrdsapps_plink_exec_trinsider,,3957543,2026-07-02T14:32:38.026000+00:00,0a31e0276cdef745533960a900f5c7c1,STANDARD
quantt-historical-market-data,wrds/wrdsapps_plink_exec_trinsider/exec_trinsider_link.parquet,exec_trinsider_link.parquet,wrds/wrdsapps_plink_exec_trinsider,,3007076,2026-07-02T14:32:42.626000+00:00,e3d21bb801ff41db705366701c617dc2,STANDARD
quantt-historical-market-data,wrds/wrdsapps_subsidiary/wrds_relationships.parquet,wrds_relationships.parquet,wrds/wrdsapps_subsidiary,,129166509,2026-07-02T14:35:31.297000+00:00,29be785547123b9abde0fdf73a26c308-16,STANDARD
quantt-historical-market-data,wrds/wrdsapps_windices/dwcountryreturns.parquet,dwcountryreturns.parquet,wrds/wrdsapps_windices,,5946783,2026-07-02T14:35:36.673000+00:00,eb35b60a1866dcf85aa593dc3cc5c496,STANDARD
quantt-historical-market-data,wrds/wrdsapps_windices/mwcountryreturns.parquet,mwcountryreturns.parquet,wrds/wrdsapps_windices,,297356,2026-07-02T14:35:41.158000+00:00,a1e02e60928219867eb0b9396d73d125,STANDARD
quantt-historical-market-data,wrds/wrdsapps_windices/wcountryconstituents.parquet,wcountryconstituents.parquet,wrds/wrdsapps_windices,,2543075,2026-07-02T14:35:46.665000+00:00,dc0e29e7443407203b2d1a3fb84573b8,STANDARD
quantt-historical-market-data,wrds/wrdssec_midas/security.parquet,security.parquet,wrds/wrdssec_midas,,1923911193,2026-07-02T14:41:33.114000+00:00,f7807188f54ee4304d1968b22c74c98a-230,STANDARD
